"site_id","masterid","function_","fun_score","overall_score","fun_cond","overall_cond","project_id","nominal_lon","nominal_lat","stratum","wgt","waterbody","bed_type","sample_date","central_depth_mhw","distance_to_inlet","inlet_status","site_protection","site_protection_granular","natural_or_restored","species","selection","scorable"
"001","904AHT001","substrate.stabilization",3.75,3.0524146103671,"best observed condition","good condition","B23-SAV",-117.33486,33.14521,"estuary",856.2,"Agua Hedionda Lagoon","meadow","10/22/24",2.1,0.7733,"open","U","U","","",NA,"scorable"
"001","904AHT001","carbon.sequestration",3,3.0524146103671,"good condition","good condition","B23-SAV",-117.33486,33.14521,"estuary",856.2,"Agua Hedionda Lagoon","meadow","10/22/24",2.1,0.7733,"open","U","U","","",NA,"scorable"
"001","904AHT001","primary.production",2.875,3.0524146103671,"good condition","good condition","B23-SAV",-117.33486,33.14521,"estuary",856.2,"Agua Hedionda Lagoon","meadow","10/22/24",2.1,0.7733,"open","U","U","","",NA,"scorable"
"001","904AHT001","secondary.production",3.16666666666667,3.0524146103671,"good condition","good condition","B23-SAV",-117.33486,33.14521,"estuary",856.2,"Agua Hedionda Lagoon","meadow","10/22/24",2.1,0.7733,"open","U","U","","",NA,"scorable"
"001","904AHT001","wq",2.75,3.0524146103671,"good condition","good condition","B23-SAV",-117.33486,33.14521,"estuary",856.2,"Agua Hedionda Lagoon","meadow","10/22/24",2.1,0.7733,"open","U","U","","",NA,"scorable"
"001","904AHT001","nekton.habitat",3.25,3.0524146103671,"good condition","good condition","B23-SAV",-117.33486,33.14521,"estuary",856.2,"Agua Hedionda Lagoon","meadow","10/22/24",2.1,0.7733,"open","U","U","","",NA,"scorable"
"001","904AHT001","waterfowl.habitat",3.5,3.0524146103671,"best observed condition","good condition","B23-SAV",-117.33486,33.14521,"estuary",856.2,"Agua Hedionda Lagoon","meadow","10/22/24",2.1,0.7733,"open","U","U","","",NA,"scorable"
"001","904BLT001","substrate.stabilization",3.5,3.0524146103671,"best observed condition","good condition","B23-SAV",-117.3069,33.08492,"estuary",856.2,"Batiquitos Lagoon","meadow","10/22/24",1.6,0.6886,"open","P","U","","",NA,"scorable"
"001","904BLT001","carbon.sequestration",3,3.0524146103671,"good condition","good condition","B23-SAV",-117.3069,33.08492,"estuary",856.2,"Batiquitos Lagoon","meadow","10/22/24",1.6,0.6886,"open","P","U","","",NA,"scorable"
"001","904BLT001","primary.production",3.125,3.0524146103671,"good condition","good condition","B23-SAV",-117.3069,33.08492,"estuary",856.2,"Batiquitos Lagoon","meadow","10/22/24",1.6,0.6886,"open","P","U","","",NA,"scorable"
"001","904BLT001","secondary.production",3.5,3.0524146103671,"best observed condition","good condition","B23-SAV",-117.3069,33.08492,"estuary",856.2,"Batiquitos Lagoon","meadow","10/22/24",1.6,0.6886,"open","P","U","","",NA,"scorable"
"001","904BLT001","wq",3.5,3.0524146103671,"best observed condition","good condition","B23-SAV",-117.3069,33.08492,"estuary",856.2,"Batiquitos Lagoon","meadow","10/22/24",1.6,0.6886,"open","P","U","","",NA,"scorable"
"001","904BLT001","nekton.habitat",3.5,3.0524146103671,"best observed condition","good condition","B23-SAV",-117.3069,33.08492,"estuary",856.2,"Batiquitos Lagoon","meadow","10/22/24",1.6,0.6886,"open","P","U","","",NA,"scorable"
"001","904BLT001","waterfowl.habitat",4,3.0524146103671,"best observed condition","good condition","B23-SAV",-117.3069,33.08492,"estuary",856.2,"Batiquitos Lagoon","meadow","10/22/24",1.6,0.6886,"open","P","U","","",NA,"scorable"
"CSR","906MBECSR","substrate.stabilization",2.5,2.74404761904762,"moderate condition","good condition","B23-SAV",-117.23903,32.78062,"large_embayment",4194.4,"Mission Bay","bed","10/2/24",1.6,2.6115,"open","U","U","","",NA,"scorable"
"CSR","906MBECSR","carbon.sequestration",3.5,2.74404761904762,"best observed condition","good condition","B23-SAV",-117.23903,32.78062,"large_embayment",4194.4,"Mission Bay","bed","10/2/24",1.6,2.6115,"open","U","U","","",NA,"scorable"
"CSR","906MBECSR","primary.production",2.375,2.74404761904762,"moderate condition","good condition","B23-SAV",-117.23903,32.78062,"large_embayment",4194.4,"Mission Bay","bed","10/2/24",1.6,2.6115,"open","U","U","","",NA,"scorable"
"CSR","906MBECSR","secondary.production",2.83333333333333,2.74404761904762,"good condition","good condition","B23-SAV",-117.23903,32.78062,"large_embayment",4194.4,"Mission Bay","bed","10/2/24",1.6,2.6115,"open","U","U","","",NA,"scorable"
"CSR","906MBECSR","wq",3,2.74404761904762,"good condition","good condition","B23-SAV",-117.23903,32.78062,"large_embayment",4194.4,"Mission Bay","bed","10/2/24",1.6,2.6115,"open","U","U","","",NA,"scorable"
"CSR","906MBECSR","nekton.habitat",2.5,2.74404761904762,"moderate condition","good condition","B23-SAV",-117.23903,32.78062,"large_embayment",4194.4,"Mission Bay","bed","10/2/24",1.6,2.6115,"open","U","U","","",NA,"scorable"
"CSR","906MBECSR","waterfowl.habitat",2.5,2.74404761904762,"moderate condition","good condition","B23-SAV",-117.23903,32.78062,"large_embayment",4194.4,"Mission Bay","bed","10/2/24",1.6,2.6115,"open","U","U","","",NA,"scorable"
"CSC","906MBMCSC","substrate.stabilization",3.75,3.29166666666667,"best observed condition","best observed condition","B23-SAV",-117.2469,32.76123,"large_embayment",4194.4,"Mission Bay","meadow","10/3/24",2.8,0.716,"open","U","U","","",NA,"scorable"
"CSC","906MBMCSC","carbon.sequestration",3,3.29166666666667,"good condition","best observed condition","B23-SAV",-117.2469,32.76123,"large_embayment",4194.4,"Mission Bay","meadow","10/3/24",2.8,0.716,"open","U","U","","",NA,"scorable"
"CSC","906MBMCSC","primary.production",2.625,3.29166666666667,"good condition","best observed condition","B23-SAV",-117.2469,32.76123,"large_embayment",4194.4,"Mission Bay","meadow","10/3/24",2.8,0.716,"open","U","U","","",NA,"scorable"
"CSC","906MBMCSC","secondary.production",3.16666666666667,3.29166666666667,"good condition","best observed condition","B23-SAV",-117.2469,32.76123,"large_embayment",4194.4,"Mission Bay","meadow","10/3/24",2.8,0.716,"open","U","U","","",NA,"scorable"
"CSC","906MBMCSC","wq",3,3.29166666666667,"good condition","best observed condition","B23-SAV",-117.2469,32.76123,"large_embayment",4194.4,"Mission Bay","meadow","10/3/24",2.8,0.716,"open","U","U","","",NA,"scorable"
"CSC","906MBMCSC","nekton.habitat",3.5,3.29166666666667,"best observed condition","best observed condition","B23-SAV",-117.2469,32.76123,"large_embayment",4194.4,"Mission Bay","meadow","10/3/24",2.8,0.716,"open","U","U","","",NA,"scorable"
"CSC","906MBMCSC","waterfowl.habitat",4,3.29166666666667,"best observed condition","best observed condition","B23-SAV",-117.2469,32.76123,"large_embayment",4194.4,"Mission Bay","meadow","10/3/24",2.8,0.716,"open","U","U","","",NA,"scorable"
"CSA","906MBVCSA","substrate.stabilization",2.5,2.16666666666667,"moderate condition","moderate condition","B23-SAV",-117.2437,32.7711,"large_embayment",4194.4,"Mission Bay","bed","9/26/24",2.1,1.5689,"open","U","U","","",NA,"scorable"
"CSA","906MBVCSA","carbon.sequestration",1.5,2.16666666666667,"lowest observed condition","moderate condition","B23-SAV",-117.2437,32.7711,"large_embayment",4194.4,"Mission Bay","bed","9/26/24",2.1,1.5689,"open","U","U","","",NA,"scorable"
"CSA","906MBVCSA","primary.production",2.25,2.16666666666667,"moderate condition","moderate condition","B23-SAV",-117.2437,32.7711,"large_embayment",4194.4,"Mission Bay","bed","9/26/24",2.1,1.5689,"open","U","U","","",NA,"scorable"
"CSA","906MBVCSA","secondary.production",2.41666666666667,2.16666666666667,"moderate condition","moderate condition","B23-SAV",-117.2437,32.7711,"large_embayment",4194.4,"Mission Bay","bed","9/26/24",2.1,1.5689,"open","U","U","","",NA,"scorable"
"CSA","906MBVCSA","wq",1.75,2.16666666666667,"lowest observed condition","moderate condition","B23-SAV",-117.2437,32.7711,"large_embayment",4194.4,"Mission Bay","bed","9/26/24",2.1,1.5689,"open","U","U","","",NA,"scorable"
"CSA","906MBVCSA","nekton.habitat",2.25,2.16666666666667,"moderate condition","moderate condition","B23-SAV",-117.2437,32.7711,"large_embayment",4194.4,"Mission Bay","bed","9/26/24",2.1,1.5689,"open","U","U","","",NA,"scorable"
"CSA","906MBVCSA","waterfowl.habitat",2.5,2.16666666666667,"moderate condition","moderate condition","B23-SAV",-117.2437,32.7711,"large_embayment",4194.4,"Mission Bay","bed","9/26/24",2.1,1.5689,"open","U","U","","",NA,"scorable"
"INC","906MBVINC","substrate.stabilization",1.75,1.97916666666667,"lowest observed condition","moderate condition","B23-SAV",-117.23834,32.77681,"large_embayment",4194.4,"Mission Bay","bed","9/30/24",4.3,2.3511,"open","U","U","","",NA,"scorable"
"INC","906MBVINC","carbon.sequestration",2.5,1.97916666666667,"moderate condition","moderate condition","B23-SAV",-117.23834,32.77681,"large_embayment",4194.4,"Mission Bay","bed","9/30/24",4.3,2.3511,"open","U","U","","",NA,"scorable"
"INC","906MBVINC","primary.production",1.6875,1.97916666666667,"lowest observed condition","moderate condition","B23-SAV",-117.23834,32.77681,"large_embayment",4194.4,"Mission Bay","bed","9/30/24",4.3,2.3511,"open","U","U","","",NA,"scorable"
"INC","906MBVINC","secondary.production",1.91666666666667,1.97916666666667,"moderate condition","moderate condition","B23-SAV",-117.23834,32.77681,"large_embayment",4194.4,"Mission Bay","bed","9/30/24",4.3,2.3511,"open","U","U","","",NA,"scorable"
"INC","906MBVINC","wq",2.25,1.97916666666667,"moderate condition","moderate condition","B23-SAV",-117.23834,32.77681,"large_embayment",4194.4,"Mission Bay","bed","9/30/24",4.3,2.3511,"open","U","U","","",NA,"scorable"
"INC","906MBVINC","nekton.habitat",1.75,1.97916666666667,"lowest observed condition","moderate condition","B23-SAV",-117.23834,32.77681,"large_embayment",4194.4,"Mission Bay","bed","9/30/24",4.3,2.3511,"open","U","U","","",NA,"scorable"
"INC","906MBVINC","waterfowl.habitat",2,1.97916666666667,"moderate condition","moderate condition","B23-SAV",-117.23834,32.77681,"large_embayment",4194.4,"Mission Bay","bed","9/30/24",4.3,2.3511,"open","U","U","","",NA,"scorable"
"IYP","906MBVIYP","substrate.stabilization",4,3.625,"best observed condition","best observed condition","B23-SAV",-117.23715,32.7715,"large_embayment",4194.4,"Mission Bay","meadow","9/24/24",2.2,2.0741,"open","U","U","","",NA,"scorable"
"IYP","906MBVIYP","carbon.sequestration",3.5,3.625,"best observed condition","best observed condition","B23-SAV",-117.23715,32.7715,"large_embayment",4194.4,"Mission Bay","meadow","9/24/24",2.2,2.0741,"open","U","U","","",NA,"scorable"
"IYP","906MBVIYP","primary.production",2.875,3.625,"good condition","best observed condition","B23-SAV",-117.23715,32.7715,"large_embayment",4194.4,"Mission Bay","meadow","9/24/24",2.2,2.0741,"open","U","U","","",NA,"scorable"
"IYP","906MBVIYP","secondary.production",3.25,3.625,"good condition","best observed condition","B23-SAV",-117.23715,32.7715,"large_embayment",4194.4,"Mission Bay","meadow","9/24/24",2.2,2.0741,"open","U","U","","",NA,"scorable"
"IYP","906MBVIYP","wq",3.75,3.625,"best observed condition","best observed condition","B23-SAV",-117.23715,32.7715,"large_embayment",4194.4,"Mission Bay","meadow","9/24/24",2.2,2.0741,"open","U","U","","",NA,"scorable"
"IYP","906MBVIYP","nekton.habitat",4,3.625,"best observed condition","best observed condition","B23-SAV",-117.23715,32.7715,"large_embayment",4194.4,"Mission Bay","meadow","9/24/24",2.2,2.0741,"open","U","U","","",NA,"scorable"
"IYP","906MBVIYP","waterfowl.habitat",4,3.625,"best observed condition","best observed condition","B23-SAV",-117.23715,32.7715,"large_embayment",4194.4,"Mission Bay","meadow","9/24/24",2.2,2.0741,"open","U","U","","",NA,"scorable"
"N01","910ZNJN01","substrate.stabilization",2.75,2.73809523809524,"good condition","good condition","B23-SAV",-117.22281,32.6794,"large_embayment",4194.4,"San Diego Bay","meadow","10/9/24",3,0.3324,"open","U","U","","",NA,"scorable"
"N01","910ZNJN01","carbon.sequestration",3.5,2.73809523809524,"best observed condition","good condition","B23-SAV",-117.22281,32.6794,"large_embayment",4194.4,"San Diego Bay","meadow","10/9/24",3,0.3324,"open","U","U","","",NA,"scorable"
"N01","910ZNJN01","primary.production",3,2.73809523809524,"good condition","good condition","B23-SAV",-117.22281,32.6794,"large_embayment",4194.4,"San Diego Bay","meadow","10/9/24",3,0.3324,"open","U","U","","",NA,"scorable"
"N01","910ZNJN01","secondary.production",3.16666666666667,2.73809523809524,"good condition","good condition","B23-SAV",-117.22281,32.6794,"large_embayment",4194.4,"San Diego Bay","meadow","10/9/24",3,0.3324,"open","U","U","","",NA,"scorable"
"N01","910ZNJN01","wq",2.5,2.73809523809524,"moderate condition","good condition","B23-SAV",-117.22281,32.6794,"large_embayment",4194.4,"San Diego Bay","meadow","10/9/24",3,0.3324,"open","U","U","","",NA,"scorable"
"N01","910ZNJN01","nekton.habitat",2.25,2.73809523809524,"moderate condition","good condition","B23-SAV",-117.22281,32.6794,"large_embayment",4194.4,"San Diego Bay","meadow","10/9/24",3,0.3324,"open","U","U","","",NA,"scorable"
"N01","910ZNJN01","waterfowl.habitat",2,2.73809523809524,"moderate condition","good condition","B23-SAV",-117.22281,32.6794,"large_embayment",4194.4,"San Diego Bay","meadow","10/9/24",3,0.3324,"open","U","U","","",NA,"scorable"
"N02","910ZNJN02","substrate.stabilization",3,2.86011904761905,"good condition","good condition","B23-SAV",-117.22271,32.67558,"large_embayment",4194.4,"San Diego Bay","bed","10/10/24",4.6,0.619,"open","U","U","","",NA,"scorable"
"N02","910ZNJN02","carbon.sequestration",3.5,2.86011904761905,"best observed condition","good condition","B23-SAV",-117.22271,32.67558,"large_embayment",4194.4,"San Diego Bay","bed","10/10/24",4.6,0.619,"open","U","U","","",NA,"scorable"
"N02","910ZNJN02","primary.production",2.9375,2.86011904761905,"good condition","good condition","B23-SAV",-117.22271,32.67558,"large_embayment",4194.4,"San Diego Bay","bed","10/10/24",4.6,0.619,"open","U","U","","",NA,"scorable"
"N02","910ZNJN02","secondary.production",3.08333333333333,2.86011904761905,"good condition","good condition","B23-SAV",-117.22271,32.67558,"large_embayment",4194.4,"San Diego Bay","bed","10/10/24",4.6,0.619,"open","U","U","","",NA,"scorable"
"N02","910ZNJN02","wq",2.5,2.86011904761905,"moderate condition","good condition","B23-SAV",-117.22271,32.67558,"large_embayment",4194.4,"San Diego Bay","bed","10/10/24",4.6,0.619,"open","U","U","","",NA,"scorable"
"N02","910ZNJN02","nekton.habitat",2.5,2.86011904761905,"moderate condition","good condition","B23-SAV",-117.22271,32.67558,"large_embayment",4194.4,"San Diego Bay","bed","10/10/24",4.6,0.619,"open","U","U","","",NA,"scorable"
"N02","910ZNJN02","waterfowl.habitat",2.5,2.86011904761905,"moderate condition","good condition","B23-SAV",-117.22271,32.67558,"large_embayment",4194.4,"San Diego Bay","bed","10/10/24",4.6,0.619,"open","U","U","","",NA,"scorable"
"CPB","912SDBCPB","substrate.stabilization",3,2.98809523809524,"good condition","good condition","B23-SAV",-117.16493,32.68333,"large_embayment",4194.4,"San Diego Bay","meadow","10/16/24",1.9,5.8632,"open","U","U","","",NA,"scorable"
"CPB","912SDBCPB","carbon.sequestration",3.5,2.98809523809524,"best observed condition","good condition","B23-SAV",-117.16493,32.68333,"large_embayment",4194.4,"San Diego Bay","meadow","10/16/24",1.9,5.8632,"open","U","U","","",NA,"scorable"
"CPB","912SDBCPB","primary.production",2.5,2.98809523809524,"moderate condition","good condition","B23-SAV",-117.16493,32.68333,"large_embayment",4194.4,"San Diego Bay","meadow","10/16/24",1.9,5.8632,"open","U","U","","",NA,"scorable"
"CPB","912SDBCPB","secondary.production",2.66666666666667,2.98809523809524,"good condition","good condition","B23-SAV",-117.16493,32.68333,"large_embayment",4194.4,"San Diego Bay","meadow","10/16/24",1.9,5.8632,"open","U","U","","",NA,"scorable"
"CPB","912SDBCPB","wq",3.25,2.98809523809524,"good condition","good condition","B23-SAV",-117.16493,32.68333,"large_embayment",4194.4,"San Diego Bay","meadow","10/16/24",1.9,5.8632,"open","U","U","","",NA,"scorable"
"CPB","912SDBCPB","nekton.habitat",3,2.98809523809524,"good condition","good condition","B23-SAV",-117.16493,32.68333,"large_embayment",4194.4,"San Diego Bay","meadow","10/16/24",1.9,5.8632,"open","U","U","","",NA,"scorable"
"CPB","912SDBCPB","waterfowl.habitat",3,2.98809523809524,"good condition","good condition","B23-SAV",-117.16493,32.68333,"large_embayment",4194.4,"San Diego Bay","meadow","10/16/24",1.9,5.8632,"open","U","U","","",NA,"scorable"
"SLB","912SDBSLB","substrate.stabilization",3.25,2.80952380952381,"good condition","good condition","B23-SAV",-117.21023,32.72808,"large_embayment",4194.4,"San Diego Bay","meadow","10/8/24",4,5.31,"open","U","U","","",NA,"scorable"
"SLB","912SDBSLB","carbon.sequestration",3,2.80952380952381,"good condition","good condition","B23-SAV",-117.21023,32.72808,"large_embayment",4194.4,"San Diego Bay","meadow","10/8/24",4,5.31,"open","U","U","","",NA,"scorable"
"SLB","912SDBSLB","primary.production",2.5,2.80952380952381,"moderate condition","good condition","B23-SAV",-117.21023,32.72808,"large_embayment",4194.4,"San Diego Bay","meadow","10/8/24",4,5.31,"open","U","U","","",NA,"scorable"
"SLB","912SDBSLB","secondary.production",2.66666666666667,2.80952380952381,"good condition","good condition","B23-SAV",-117.21023,32.72808,"large_embayment",4194.4,"San Diego Bay","meadow","10/8/24",4,5.31,"open","U","U","","",NA,"scorable"
"SLB","912SDBSLB","wq",2.5,2.80952380952381,"moderate condition","good condition","B23-SAV",-117.21023,32.72808,"large_embayment",4194.4,"San Diego Bay","meadow","10/8/24",4,5.31,"open","U","U","","",NA,"scorable"
"SLB","912SDBSLB","nekton.habitat",2.75,2.80952380952381,"good condition","good condition","B23-SAV",-117.21023,32.72808,"large_embayment",4194.4,"San Diego Bay","meadow","10/8/24",4,5.31,"open","U","U","","",NA,"scorable"
"SLB","912SDBSLB","waterfowl.habitat",3,2.80952380952381,"good condition","good condition","B23-SAV",-117.21023,32.72808,"large_embayment",4194.4,"San Diego Bay","meadow","10/8/24",4,5.31,"open","U","U","","",NA,"scorable"
"BVP","912SDCBVP","substrate.stabilization",3,3.07440476190476,"good condition","good condition","B23-SAV",-117.17838,32.70204,"large_embayment",4194.4,"San Diego Bay","meadow","10/16/24",1.6,4.8937,"open","U","U","","",NA,"scorable"
"BVP","912SDCBVP","carbon.sequestration",3.5,3.07440476190476,"best observed condition","good condition","B23-SAV",-117.17838,32.70204,"large_embayment",4194.4,"San Diego Bay","meadow","10/16/24",1.6,4.8937,"open","U","U","","",NA,"scorable"
"BVP","912SDCBVP","primary.production",2.6875,3.07440476190476,"good condition","good condition","B23-SAV",-117.17838,32.70204,"large_embayment",4194.4,"San Diego Bay","meadow","10/16/24",1.6,4.8937,"open","U","U","","",NA,"scorable"
"BVP","912SDCBVP","secondary.production",3.08333333333333,3.07440476190476,"good condition","good condition","B23-SAV",-117.17838,32.70204,"large_embayment",4194.4,"San Diego Bay","meadow","10/16/24",1.6,4.8937,"open","U","U","","",NA,"scorable"
"BVP","912SDCBVP","wq",3.25,3.07440476190476,"good condition","good condition","B23-SAV",-117.17838,32.70204,"large_embayment",4194.4,"San Diego Bay","meadow","10/16/24",1.6,4.8937,"open","U","U","","",NA,"scorable"
"BVP","912SDCBVP","nekton.habitat",3,3.07440476190476,"good condition","good condition","B23-SAV",-117.17838,32.70204,"large_embayment",4194.4,"San Diego Bay","meadow","10/16/24",1.6,4.8937,"open","U","U","","",NA,"scorable"
"BVP","912SDCBVP","waterfowl.habitat",3,3.07440476190476,"good condition","good condition","B23-SAV",-117.17838,32.70204,"large_embayment",4194.4,"San Diego Bay","meadow","10/16/24",1.6,4.8937,"open","U","U","","",NA,"scorable"
"OST","912SDNOST","substrate.stabilization",2.5,2.1577380952381,"moderate condition","moderate condition","B23-SAV",-117.23608,32.71211,"large_embayment",4194.4,"San Diego Bay","patch","10/9/24",1.9,3.1467,"open","U","U","","",NA,"scorable"
"OST","912SDNOST","carbon.sequestration",2.5,2.1577380952381,"moderate condition","moderate condition","B23-SAV",-117.23608,32.71211,"large_embayment",4194.4,"San Diego Bay","patch","10/9/24",1.9,3.1467,"open","U","U","","",NA,"scorable"
"OST","912SDNOST","primary.production",2.6875,2.1577380952381,"good condition","moderate condition","B23-SAV",-117.23608,32.71211,"large_embayment",4194.4,"San Diego Bay","patch","10/9/24",1.9,3.1467,"open","U","U","","",NA,"scorable"
"OST","912SDNOST","secondary.production",2.66666666666667,2.1577380952381,"good condition","moderate condition","B23-SAV",-117.23608,32.71211,"large_embayment",4194.4,"San Diego Bay","patch","10/9/24",1.9,3.1467,"open","U","U","","",NA,"scorable"
"OST","912SDNOST","wq",1.5,2.1577380952381,"lowest observed condition","moderate condition","B23-SAV",-117.23608,32.71211,"large_embayment",4194.4,"San Diego Bay","patch","10/9/24",1.9,3.1467,"open","U","U","","",NA,"scorable"
"OST","912SDNOST","nekton.habitat",1.75,2.1577380952381,"lowest observed condition","moderate condition","B23-SAV",-117.23608,32.71211,"large_embayment",4194.4,"San Diego Bay","patch","10/9/24",1.9,3.1467,"open","U","U","","",NA,"scorable"
"OST","912SDNOST","waterfowl.habitat",1.5,2.1577380952381,"lowest observed condition","moderate condition","B23-SAV",-117.23608,32.71211,"large_embayment",4194.4,"San Diego Bay","patch","10/9/24",1.9,3.1467,"open","U","U","","",NA,"scorable"
"BPO","912SDSBPO","substrate.stabilization",2.25,2.0297619047619,"moderate condition","moderate condition","B23-SAV",-117.11004,32.6112,"large_embayment",4194.4,"San Diego Bay","meadow","10/15/24",1.5,13.4451,"open","U","NWR","","",NA,"scorable"
"BPO","912SDSBPO","carbon.sequestration",2,2.0297619047619,"moderate condition","moderate condition","B23-SAV",-117.11004,32.6112,"large_embayment",4194.4,"San Diego Bay","meadow","10/15/24",1.5,13.4451,"open","U","NWR","","",NA,"scorable"
"BPO","912SDSBPO","primary.production",2.125,2.0297619047619,"moderate condition","moderate condition","B23-SAV",-117.11004,32.6112,"large_embayment",4194.4,"San Diego Bay","meadow","10/15/24",1.5,13.4451,"open","U","NWR","","",NA,"scorable"
"BPO","912SDSBPO","secondary.production",1.83333333333333,2.0297619047619,"moderate condition","moderate condition","B23-SAV",-117.11004,32.6112,"large_embayment",4194.4,"San Diego Bay","meadow","10/15/24",1.5,13.4451,"open","U","NWR","","",NA,"scorable"
"BPO","912SDSBPO","wq",2,2.0297619047619,"moderate condition","moderate condition","B23-SAV",-117.11004,32.6112,"large_embayment",4194.4,"San Diego Bay","meadow","10/15/24",1.5,13.4451,"open","U","NWR","","",NA,"scorable"
"BPO","912SDSBPO","nekton.habitat",2,2.0297619047619,"moderate condition","moderate condition","B23-SAV",-117.11004,32.6112,"large_embayment",4194.4,"San Diego Bay","meadow","10/15/24",1.5,13.4451,"open","U","NWR","","",NA,"scorable"
"BPO","912SDSBPO","waterfowl.habitat",2,2.0297619047619,"moderate condition","moderate condition","B23-SAV",-117.11004,32.6112,"large_embayment",4194.4,"San Diego Bay","meadow","10/15/24",1.5,13.4451,"open","U","NWR","","",NA,"scorable"
"IWB","912SDSIWB","substrate.stabilization",3,2.75595238095238,"good condition","good condition","B23-SAV",-117.23083,32.70905,"large_embayment",4194.4,"San Diego Bay","meadow","10/8/24",2.3,2.6814,"open","U","U","","",NA,"scorable"
"IWB","912SDSIWB","carbon.sequestration",3,2.75595238095238,"good condition","good condition","B23-SAV",-117.23083,32.70905,"large_embayment",4194.4,"San Diego Bay","meadow","10/8/24",2.3,2.6814,"open","U","U","","",NA,"scorable"
"IWB","912SDSIWB","primary.production",2.625,2.75595238095238,"good condition","good condition","B23-SAV",-117.23083,32.70905,"large_embayment",4194.4,"San Diego Bay","meadow","10/8/24",2.3,2.6814,"open","U","U","","",NA,"scorable"
"IWB","912SDSIWB","secondary.production",2.66666666666667,2.75595238095238,"good condition","good condition","B23-SAV",-117.23083,32.70905,"large_embayment",4194.4,"San Diego Bay","meadow","10/8/24",2.3,2.6814,"open","U","U","","",NA,"scorable"
"IWB","912SDSIWB","wq",2.75,2.75595238095238,"good condition","good condition","B23-SAV",-117.23083,32.70905,"large_embayment",4194.4,"San Diego Bay","meadow","10/8/24",2.3,2.6814,"open","U","U","","",NA,"scorable"
"IWB","912SDSIWB","nekton.habitat",2.75,2.75595238095238,"good condition","good condition","B23-SAV",-117.23083,32.70905,"large_embayment",4194.4,"San Diego Bay","meadow","10/8/24",2.3,2.6814,"open","U","U","","",NA,"scorable"
"IWB","912SDSIWB","waterfowl.habitat",2.5,2.75595238095238,"moderate condition","good condition","B23-SAV",-117.23083,32.70905,"large_embayment",4194.4,"San Diego Bay","meadow","10/8/24",2.3,2.6814,"open","U","U","","",NA,"scorable"
"SSC","912SDSSSC","substrate.stabilization",2.25,1.89285714285714,"moderate condition","moderate condition","B23-SAV",-117.13691,32.63332,"large_embayment",4194.4,"San Diego Bay","meadow","10/15/24",2.1,10.0003,"open","U","U","","",NA,"scorable"
"SSC","912SDSSSC","carbon.sequestration",2.5,1.89285714285714,"moderate condition","moderate condition","B23-SAV",-117.13691,32.63332,"large_embayment",4194.4,"San Diego Bay","meadow","10/15/24",2.1,10.0003,"open","U","U","","",NA,"scorable"
"SSC","912SDSSSC","primary.production",2,1.89285714285714,"moderate condition","moderate condition","B23-SAV",-117.13691,32.63332,"large_embayment",4194.4,"San Diego Bay","meadow","10/15/24",2.1,10.0003,"open","U","U","","",NA,"scorable"
"SSC","912SDSSSC","secondary.production",2,1.89285714285714,"moderate condition","moderate condition","B23-SAV",-117.13691,32.63332,"large_embayment",4194.4,"San Diego Bay","meadow","10/15/24",2.1,10.0003,"open","U","U","","",NA,"scorable"
"SSC","912SDSSSC","wq",1.5,1.89285714285714,"lowest observed condition","moderate condition","B23-SAV",-117.13691,32.63332,"large_embayment",4194.4,"San Diego Bay","meadow","10/15/24",2.1,10.0003,"open","U","U","","",NA,"scorable"
"SSC","912SDSSSC","nekton.habitat",1.5,1.89285714285714,"lowest observed condition","moderate condition","B23-SAV",-117.13691,32.63332,"large_embayment",4194.4,"San Diego Bay","meadow","10/15/24",2.1,10.0003,"open","U","U","","",NA,"scorable"
"SSC","912SDSSSC","waterfowl.habitat",1.5,1.89285714285714,"lowest observed condition","moderate condition","B23-SAV",-117.13691,32.63332,"large_embayment",4194.4,"San Diego Bay","meadow","10/15/24",2.1,10.0003,"open","U","U","","",NA,"scorable"
"001","912SDT001","substrate.stabilization",2.5,3.0524146103671,"moderate condition","good condition","B23-SAV",-117.1635,32.68962,"large_embayment",4194.4,"San Diego Bay","meadow","10/14/24",1.2,6.04,"open","U","U","","",NA,"scorable"
"001","912SDT001","carbon.sequestration",3.5,3.0524146103671,"best observed condition","good condition","B23-SAV",-117.1635,32.68962,"large_embayment",4194.4,"San Diego Bay","meadow","10/14/24",1.2,6.04,"open","U","U","","",NA,"scorable"
"001","912SDT001","primary.production",2.875,3.0524146103671,"good condition","good condition","B23-SAV",-117.1635,32.68962,"large_embayment",4194.4,"San Diego Bay","meadow","10/14/24",1.2,6.04,"open","U","U","","",NA,"scorable"
"001","912SDT001","secondary.production",3.16666666666667,3.0524146103671,"good condition","good condition","B23-SAV",-117.1635,32.68962,"large_embayment",4194.4,"San Diego Bay","meadow","10/14/24",1.2,6.04,"open","U","U","","",NA,"scorable"
"001","912SDT001","wq",3,3.0524146103671,"good condition","good condition","B23-SAV",-117.1635,32.68962,"large_embayment",4194.4,"San Diego Bay","meadow","10/14/24",1.2,6.04,"open","U","U","","",NA,"scorable"
"001","912SDT001","nekton.habitat",2.5,3.0524146103671,"moderate condition","good condition","B23-SAV",-117.1635,32.68962,"large_embayment",4194.4,"San Diego Bay","meadow","10/14/24",1.2,6.04,"open","U","U","","",NA,"scorable"
"001","912SDT001","waterfowl.habitat",2.5,3.0524146103671,"moderate condition","good condition","B23-SAV",-117.1635,32.68962,"large_embayment",4194.4,"San Diego Bay","meadow","10/14/24",1.2,6.04,"open","U","U","","",NA,"scorable"
"003","912SDT003","substrate.stabilization",2.75,2.51190476190476,"good condition","good condition","B23-SAV",-117.22359,32.67918,"large_embayment",4194.4,"San Diego Bay","bed","10/10/24",5.2,0.2955,"open","U","U","","",NA,"scorable"
"003","912SDT003","carbon.sequestration",3,2.51190476190476,"good condition","good condition","B23-SAV",-117.22359,32.67918,"large_embayment",4194.4,"San Diego Bay","bed","10/10/24",5.2,0.2955,"open","U","U","","",NA,"scorable"
"003","912SDT003","primary.production",2.75,2.51190476190476,"good condition","good condition","B23-SAV",-117.22359,32.67918,"large_embayment",4194.4,"San Diego Bay","bed","10/10/24",5.2,0.2955,"open","U","U","","",NA,"scorable"
"003","912SDT003","secondary.production",2.58333333333333,2.51190476190476,"good condition","good condition","B23-SAV",-117.22359,32.67918,"large_embayment",4194.4,"San Diego Bay","bed","10/10/24",5.2,0.2955,"open","U","U","","",NA,"scorable"
"003","912SDT003","wq",2.25,2.51190476190476,"moderate condition","good condition","B23-SAV",-117.22359,32.67918,"large_embayment",4194.4,"San Diego Bay","bed","10/10/24",5.2,0.2955,"open","U","U","","",NA,"scorable"
"003","912SDT003","nekton.habitat",2.25,2.51190476190476,"moderate condition","good condition","B23-SAV",-117.22359,32.67918,"large_embayment",4194.4,"San Diego Bay","bed","10/10/24",5.2,0.2955,"open","U","U","","",NA,"scorable"
"003","912SDT003","waterfowl.habitat",2,2.51190476190476,"moderate condition","good condition","B23-SAV",-117.22359,32.67918,"large_embayment",4194.4,"San Diego Bay","bed","10/10/24",5.2,0.2955,"open","U","U","","",NA,"scorable"
"V-001","B23-SAV-001","substrate.stabilization",1.5,1.67619047619048,"lowest observed condition","lowest observed condition","B23-SAV",-117.9561,33.6329,"estuary",856.2,"Santa Ana River","meadow","11/19/24",1.479,0.4697,"open","U","U","","Zostera marina",NA,"scorable"
"V-001","B23-SAV-001","carbon.sequestration",1,1.67619047619048,"lowest observed condition","lowest observed condition","B23-SAV",-117.9561,33.6329,"estuary",856.2,"Santa Ana River","meadow","11/19/24",1.479,0.4697,"open","U","U","","Zostera marina",NA,"scorable"
"V-001","B23-SAV-001","primary.production",1.83333333333333,1.67619047619048,"moderate condition","lowest observed condition","B23-SAV",-117.9561,33.6329,"estuary",856.2,"Santa Ana River","meadow","11/19/24",1.479,0.4697,"open","U","U","","Zostera marina",NA,"scorable"
"V-001","B23-SAV-001","secondary.production",1.4,1.67619047619048,"lowest observed condition","lowest observed condition","B23-SAV",-117.9561,33.6329,"estuary",856.2,"Santa Ana River","meadow","11/19/24",1.479,0.4697,"open","U","U","","Zostera marina",NA,"scorable"
"V-001","B23-SAV-001","wq",2,1.67619047619048,"moderate condition","lowest observed condition","B23-SAV",-117.9561,33.6329,"estuary",856.2,"Santa Ana River","meadow","11/19/24",1.479,0.4697,"open","U","U","","Zostera marina",NA,"scorable"
"V-001","B23-SAV-001","nekton.habitat",2,1.67619047619048,"moderate condition","lowest observed condition","B23-SAV",-117.9561,33.6329,"estuary",856.2,"Santa Ana River","meadow","11/19/24",1.479,0.4697,"open","U","U","","Zostera marina",NA,"scorable"
"V-001","B23-SAV-001","waterfowl.habitat",2,1.67619047619048,"moderate condition","lowest observed condition","B23-SAV",-117.9561,33.6329,"estuary",856.2,"Santa Ana River","meadow","11/19/24",1.479,0.4697,"open","U","U","","Zostera marina",NA,"scorable"
"V-002","B23-SAV-002","substrate.stabilization",3.5,3.18452380952381,"best observed condition","good condition","B23-SAV",-117.30441,33.09112,"estuary",856.2,"Batiquitos Lagoon","meadow","10/23/24",1.7,0.6,"open","P","U","","Zostera marina",NA,"scorable"
"V-002","B23-SAV-002","carbon.sequestration",3,3.18452380952381,"good condition","good condition","B23-SAV",-117.30441,33.09112,"estuary",856.2,"Batiquitos Lagoon","meadow","10/23/24",1.7,0.6,"open","P","U","","Zostera marina",NA,"scorable"
"V-002","B23-SAV-002","primary.production",2.875,3.18452380952381,"good condition","good condition","B23-SAV",-117.30441,33.09112,"estuary",856.2,"Batiquitos Lagoon","meadow","10/23/24",1.7,0.6,"open","P","U","","Zostera marina",NA,"scorable"
"V-002","B23-SAV-002","secondary.production",2.91666666666667,3.18452380952381,"good condition","good condition","B23-SAV",-117.30441,33.09112,"estuary",856.2,"Batiquitos Lagoon","meadow","10/23/24",1.7,0.6,"open","P","U","","Zostera marina",NA,"scorable"
"V-002","B23-SAV-002","wq",3.25,3.18452380952381,"good condition","good condition","B23-SAV",-117.30441,33.09112,"estuary",856.2,"Batiquitos Lagoon","meadow","10/23/24",1.7,0.6,"open","P","U","","Zostera marina",NA,"scorable"
"V-002","B23-SAV-002","nekton.habitat",3.25,3.18452380952381,"good condition","good condition","B23-SAV",-117.30441,33.09112,"estuary",856.2,"Batiquitos Lagoon","meadow","10/23/24",1.7,0.6,"open","P","U","","Zostera marina",NA,"scorable"
"V-002","B23-SAV-002","waterfowl.habitat",3.5,3.18452380952381,"best observed condition","good condition","B23-SAV",-117.30441,33.09112,"estuary",856.2,"Batiquitos Lagoon","meadow","10/23/24",1.7,0.6,"open","P","U","","Zostera marina",NA,"scorable"
"V-005","B23-SAV-005","substrate.stabilization",1.75,1.66428571428571,"lowest observed condition","lowest observed condition","B23-SAV",-118.075,33.7506,"estuary",856.2,"Seal Beach NWR (Case Pond)","bed","11/21/24",1.329,2.539,"open","U","NWR","","Zostera marina",NA,"scorable"
"V-005","B23-SAV-005","carbon.sequestration",1,1.66428571428571,"lowest observed condition","lowest observed condition","B23-SAV",-118.075,33.7506,"estuary",856.2,"Seal Beach NWR (Case Pond)","bed","11/21/24",1.329,2.539,"open","U","NWR","","Zostera marina",NA,"scorable"
"V-005","B23-SAV-005","primary.production",2,1.66428571428571,"moderate condition","lowest observed condition","B23-SAV",-118.075,33.7506,"estuary",856.2,"Seal Beach NWR (Case Pond)","bed","11/21/24",1.329,2.539,"open","U","NWR","","Zostera marina",NA,"scorable"
"V-005","B23-SAV-005","secondary.production",1.4,1.66428571428571,"lowest observed condition","lowest observed condition","B23-SAV",-118.075,33.7506,"estuary",856.2,"Seal Beach NWR (Case Pond)","bed","11/21/24",1.329,2.539,"open","U","NWR","","Zostera marina",NA,"scorable"
"V-005","B23-SAV-005","wq",1.75,1.66428571428571,"lowest observed condition","lowest observed condition","B23-SAV",-118.075,33.7506,"estuary",856.2,"Seal Beach NWR (Case Pond)","bed","11/21/24",1.329,2.539,"open","U","NWR","","Zostera marina",NA,"scorable"
"V-005","B23-SAV-005","nekton.habitat",1.75,1.66428571428571,"lowest observed condition","lowest observed condition","B23-SAV",-118.075,33.7506,"estuary",856.2,"Seal Beach NWR (Case Pond)","bed","11/21/24",1.329,2.539,"open","U","NWR","","Zostera marina",NA,"scorable"
"V-005","B23-SAV-005","waterfowl.habitat",2,1.66428571428571,"moderate condition","lowest observed condition","B23-SAV",-118.075,33.7506,"estuary",856.2,"Seal Beach NWR (Case Pond)","bed","11/21/24",1.329,2.539,"open","U","NWR","","Zostera marina",NA,"scorable"
"V-006","B23-SAV-006","substrate.stabilization",2,2.07857142857143,"moderate condition","moderate condition","B23-SAV",-118.0806,33.7311,"estuary",856.2,"Seal Beach NWR","meadow","11/20/24",1.999,1.3698,"open","U","NWR","","Zostera marina",NA,"scorable"
"V-006","B23-SAV-006","carbon.sequestration",1,2.07857142857143,"lowest observed condition","moderate condition","B23-SAV",-118.0806,33.7311,"estuary",856.2,"Seal Beach NWR","meadow","11/20/24",1.999,1.3698,"open","U","NWR","","Zostera marina",NA,"scorable"
"V-006","B23-SAV-006","primary.production",2,2.07857142857143,"moderate condition","moderate condition","B23-SAV",-118.0806,33.7311,"estuary",856.2,"Seal Beach NWR","meadow","11/20/24",1.999,1.3698,"open","U","NWR","","Zostera marina",NA,"scorable"
"V-006","B23-SAV-006","secondary.production",1.8,2.07857142857143,"moderate condition","moderate condition","B23-SAV",-118.0806,33.7311,"estuary",856.2,"Seal Beach NWR","meadow","11/20/24",1.999,1.3698,"open","U","NWR","","Zostera marina",NA,"scorable"
"V-006","B23-SAV-006","wq",2.25,2.07857142857143,"moderate condition","moderate condition","B23-SAV",-118.0806,33.7311,"estuary",856.2,"Seal Beach NWR","meadow","11/20/24",1.999,1.3698,"open","U","NWR","","Zostera marina",NA,"scorable"
"V-006","B23-SAV-006","nekton.habitat",2.5,2.07857142857143,"moderate condition","moderate condition","B23-SAV",-118.0806,33.7311,"estuary",856.2,"Seal Beach NWR","meadow","11/20/24",1.999,1.3698,"open","U","NWR","","Zostera marina",NA,"scorable"
"V-006","B23-SAV-006","waterfowl.habitat",3,2.07857142857143,"good condition","moderate condition","B23-SAV",-118.0806,33.7311,"estuary",856.2,"Seal Beach NWR","meadow","11/20/24",1.999,1.3698,"open","U","NWR","","Zostera marina",NA,"scorable"
"V-007","B23-SAV-007","substrate.stabilization",2.33333333333333,2.27619047619048,"moderate condition","moderate condition","B23-SAV",-117.29001,33.08883,"estuary",856.2,"Batiquitos Lagoon","meadow","10/23/24",1.2,2.3584,"open","P","No Take","","",NA,"scorable"
"V-007","B23-SAV-007","carbon.sequestration",2,2.27619047619048,"moderate condition","moderate condition","B23-SAV",-117.29001,33.08883,"estuary",856.2,"Batiquitos Lagoon","meadow","10/23/24",1.2,2.3584,"open","P","No Take","","",NA,"scorable"
"V-007","B23-SAV-007","primary.production",2.5,2.27619047619048,"moderate condition","moderate condition","B23-SAV",-117.29001,33.08883,"estuary",856.2,"Batiquitos Lagoon","meadow","10/23/24",1.2,2.3584,"open","P","No Take","","",NA,"scorable"
"V-007","B23-SAV-007","secondary.production",2.1,2.27619047619048,"moderate condition","moderate condition","B23-SAV",-117.29001,33.08883,"estuary",856.2,"Batiquitos Lagoon","meadow","10/23/24",1.2,2.3584,"open","P","No Take","","",NA,"scorable"
"V-007","B23-SAV-007","wq",2.5,2.27619047619048,"moderate condition","moderate condition","B23-SAV",-117.29001,33.08883,"estuary",856.2,"Batiquitos Lagoon","meadow","10/23/24",1.2,2.3584,"open","P","No Take","","",NA,"scorable"
"V-007","B23-SAV-007","nekton.habitat",2.5,2.27619047619048,"moderate condition","moderate condition","B23-SAV",-117.29001,33.08883,"estuary",856.2,"Batiquitos Lagoon","meadow","10/23/24",1.2,2.3584,"open","P","No Take","","",NA,"scorable"
"V-007","B23-SAV-007","waterfowl.habitat",2,2.27619047619048,"moderate condition","moderate condition","B23-SAV",-117.29001,33.08883,"estuary",856.2,"Batiquitos Lagoon","meadow","10/23/24",1.2,2.3584,"open","P","No Take","","",NA,"scorable"
"V-008","B23-SAV-008","substrate.stabilization",3.25,3.37857142857143,"good condition","best observed condition","B23-SAV",-117.3329,33.146,"estuary",856.2,"Agua Hedionda Lagoon","meadow","10/11/24",2.159,0.9816,"open","U","U","","Zostera marina",NA,"scorable"
"V-008","B23-SAV-008","carbon.sequestration",3.5,3.37857142857143,"best observed condition","best observed condition","B23-SAV",-117.3329,33.146,"estuary",856.2,"Agua Hedionda Lagoon","meadow","10/11/24",2.159,0.9816,"open","U","U","","Zostera marina",NA,"scorable"
"V-008","B23-SAV-008","primary.production",3,3.37857142857143,"good condition","best observed condition","B23-SAV",-117.3329,33.146,"estuary",856.2,"Agua Hedionda Lagoon","meadow","10/11/24",2.159,0.9816,"open","U","U","","Zostera marina",NA,"scorable"
"V-008","B23-SAV-008","secondary.production",3.4,3.37857142857143,"best observed condition","best observed condition","B23-SAV",-117.3329,33.146,"estuary",856.2,"Agua Hedionda Lagoon","meadow","10/11/24",2.159,0.9816,"open","U","U","","Zostera marina",NA,"scorable"
"V-008","B23-SAV-008","wq",3.5,3.37857142857143,"best observed condition","best observed condition","B23-SAV",-117.3329,33.146,"estuary",856.2,"Agua Hedionda Lagoon","meadow","10/11/24",2.159,0.9816,"open","U","U","","Zostera marina",NA,"scorable"
"V-008","B23-SAV-008","nekton.habitat",3.5,3.37857142857143,"best observed condition","best observed condition","B23-SAV",-117.3329,33.146,"estuary",856.2,"Agua Hedionda Lagoon","meadow","10/11/24",2.159,0.9816,"open","U","U","","Zostera marina",NA,"scorable"
"V-008","B23-SAV-008","waterfowl.habitat",3.5,3.37857142857143,"best observed condition","best observed condition","B23-SAV",-117.3329,33.146,"estuary",856.2,"Agua Hedionda Lagoon","meadow","10/11/24",2.159,0.9816,"open","U","U","","Zostera marina",NA,"scorable"
"V-009","B23-SAV-009","substrate.stabilization",2.5,2.9,"moderate condition","good condition","B23-SAV",-118.0748,33.7405,"estuary",856.2,"Seal Beach NWR","fringing bed","11/20/24",0.844,2.0367,"open","U","NWR","","Zostera marina",NA,"scorable"
"V-009","B23-SAV-009","carbon.sequestration",3.5,2.9,"best observed condition","good condition","B23-SAV",-118.0748,33.7405,"estuary",856.2,"Seal Beach NWR","fringing bed","11/20/24",0.844,2.0367,"open","U","NWR","","Zostera marina",NA,"scorable"
"V-009","B23-SAV-009","primary.production",2.5,2.9,"moderate condition","good condition","B23-SAV",-118.0748,33.7405,"estuary",856.2,"Seal Beach NWR","fringing bed","11/20/24",0.844,2.0367,"open","U","NWR","","Zostera marina",NA,"scorable"
"V-009","B23-SAV-009","secondary.production",2.8,2.9,"good condition","good condition","B23-SAV",-118.0748,33.7405,"estuary",856.2,"Seal Beach NWR","fringing bed","11/20/24",0.844,2.0367,"open","U","NWR","","Zostera marina",NA,"scorable"
"V-009","B23-SAV-009","wq",3.25,2.9,"good condition","good condition","B23-SAV",-118.0748,33.7405,"estuary",856.2,"Seal Beach NWR","fringing bed","11/20/24",0.844,2.0367,"open","U","NWR","","Zostera marina",NA,"scorable"
"V-009","B23-SAV-009","nekton.habitat",2.75,2.9,"good condition","good condition","B23-SAV",-118.0748,33.7405,"estuary",856.2,"Seal Beach NWR","fringing bed","11/20/24",0.844,2.0367,"open","U","NWR","","Zostera marina",NA,"scorable"
"V-009","B23-SAV-009","waterfowl.habitat",3,2.9,"good condition","good condition","B23-SAV",-118.0748,33.7405,"estuary",856.2,"Seal Beach NWR","fringing bed","11/20/24",0.844,2.0367,"open","U","NWR","","Zostera marina",NA,"scorable"
"V-011","B23-SAV-011","substrate.stabilization",3,3.1047619047619,"good condition","good condition","B23-SAV",-118.2778,33.7088,"small_embayment",372.8,"Port of Los Angeles ","bed","11/12/24",2.854,0.0723,"open","U","U","","Zostera marina",NA,"scorable"
"V-011","B23-SAV-011","carbon.sequestration",3.5,3.1047619047619,"best observed condition","good condition","B23-SAV",-118.2778,33.7088,"small_embayment",372.8,"Port of Los Angeles ","bed","11/12/24",2.854,0.0723,"open","U","U","","Zostera marina",NA,"scorable"
"V-011","B23-SAV-011","primary.production",3.33333333333333,3.1047619047619,"best observed condition","good condition","B23-SAV",-118.2778,33.7088,"small_embayment",372.8,"Port of Los Angeles ","bed","11/12/24",2.854,0.0723,"open","U","U","","Zostera marina",NA,"scorable"
"V-011","B23-SAV-011","secondary.production",3.4,3.1047619047619,"best observed condition","good condition","B23-SAV",-118.2778,33.7088,"small_embayment",372.8,"Port of Los Angeles ","bed","11/12/24",2.854,0.0723,"open","U","U","","Zostera marina",NA,"scorable"
"V-011","B23-SAV-011","wq",2.75,3.1047619047619,"good condition","good condition","B23-SAV",-118.2778,33.7088,"small_embayment",372.8,"Port of Los Angeles ","bed","11/12/24",2.854,0.0723,"open","U","U","","Zostera marina",NA,"scorable"
"V-011","B23-SAV-011","nekton.habitat",2.75,3.1047619047619,"good condition","good condition","B23-SAV",-118.2778,33.7088,"small_embayment",372.8,"Port of Los Angeles ","bed","11/12/24",2.854,0.0723,"open","U","U","","Zostera marina",NA,"scorable"
"V-011","B23-SAV-011","waterfowl.habitat",3,3.1047619047619,"good condition","good condition","B23-SAV",-118.2778,33.7088,"small_embayment",372.8,"Port of Los Angeles ","bed","11/12/24",2.854,0.0723,"open","U","U","","Zostera marina",NA,"scorable"
"V-012","B23-SAV-012","substrate.stabilization",2.5,2.26190476190476,"moderate condition","moderate condition","B23-SAV",-117.9746457,33.64356676,"small_embayment",372.8,"Huntington - Magnolia Marsh2","","8/29/23",NA,1.8,"open","U","U","","Zostera marina",NA,"scorable"
"V-012","B23-SAV-012","substrate.stabilization",2.5,2.26190476190476,"moderate condition","moderate condition","B23-SAV",-117.9746457,33.64356676,"small_embayment",372.8,"Huntington - Magnolia Marsh2",NA,"6/20/24",NA,1.8,"open","U","U","","",NA,"scorable"
"V-012","B23-SAV-012","substrate.stabilization",2.5,2.26190476190476,"moderate condition","moderate condition","B23-SAV",-117.9746,33.6439,"small_embayment",372.8,"Magnolia Marsh","meadow","11/19/24",0.999,3.5522,"open","U","U","","Zostera marina",NA,"scorable"
"V-012","B23-SAV-012","carbon.sequestration",1.5,2.26190476190476,"lowest observed condition","moderate condition","B23-SAV",-117.9746457,33.64356676,"small_embayment",372.8,"Huntington - Magnolia Marsh2","","8/29/23",NA,1.8,"open","U","U","","Zostera marina",NA,"scorable"
"V-012","B23-SAV-012","carbon.sequestration",1.5,2.26190476190476,"lowest observed condition","moderate condition","B23-SAV",-117.9746457,33.64356676,"small_embayment",372.8,"Huntington - Magnolia Marsh2",NA,"6/20/24",NA,1.8,"open","U","U","","",NA,"scorable"
"V-012","B23-SAV-012","carbon.sequestration",1.5,2.26190476190476,"lowest observed condition","moderate condition","B23-SAV",-117.9746,33.6439,"small_embayment",372.8,"Magnolia Marsh","meadow","11/19/24",0.999,3.5522,"open","U","U","","Zostera marina",NA,"scorable"
"V-012","B23-SAV-012","primary.production",1.83333333333333,2.26190476190476,"moderate condition","moderate condition","B23-SAV",-117.9746457,33.64356676,"small_embayment",372.8,"Huntington - Magnolia Marsh2","","8/29/23",NA,1.8,"open","U","U","","Zostera marina",NA,"scorable"
"V-012","B23-SAV-012","primary.production",1.83333333333333,2.26190476190476,"moderate condition","moderate condition","B23-SAV",-117.9746457,33.64356676,"small_embayment",372.8,"Huntington - Magnolia Marsh2",NA,"6/20/24",NA,1.8,"open","U","U","","",NA,"scorable"
"V-012","B23-SAV-012","primary.production",1.83333333333333,2.26190476190476,"moderate condition","moderate condition","B23-SAV",-117.9746,33.6439,"small_embayment",372.8,"Magnolia Marsh","meadow","11/19/24",0.999,3.5522,"open","U","U","","Zostera marina",NA,"scorable"
"V-012","B23-SAV-012","secondary.production",2,2.26190476190476,"moderate condition","moderate condition","B23-SAV",-117.9746457,33.64356676,"small_embayment",372.8,"Huntington - Magnolia Marsh2","","8/29/23",NA,1.8,"open","U","U","","Zostera marina",NA,"scorable"
"V-012","B23-SAV-012","secondary.production",2,2.26190476190476,"moderate condition","moderate condition","B23-SAV",-117.9746457,33.64356676,"small_embayment",372.8,"Huntington - Magnolia Marsh2",NA,"6/20/24",NA,1.8,"open","U","U","","",NA,"scorable"
"V-012","B23-SAV-012","secondary.production",2,2.26190476190476,"moderate condition","moderate condition","B23-SAV",-117.9746,33.6439,"small_embayment",372.8,"Magnolia Marsh","meadow","11/19/24",0.999,3.5522,"open","U","U","","Zostera marina",NA,"scorable"
"V-012","B23-SAV-012","wq",2.25,2.26190476190476,"moderate condition","moderate condition","B23-SAV",-117.9746457,33.64356676,"small_embayment",372.8,"Huntington - Magnolia Marsh2","","8/29/23",NA,1.8,"open","U","U","","Zostera marina",NA,"scorable"
"V-012","B23-SAV-012","wq",2.25,2.26190476190476,"moderate condition","moderate condition","B23-SAV",-117.9746457,33.64356676,"small_embayment",372.8,"Huntington - Magnolia Marsh2",NA,"6/20/24",NA,1.8,"open","U","U","","",NA,"scorable"
"V-012","B23-SAV-012","wq",2.25,2.26190476190476,"moderate condition","moderate condition","B23-SAV",-117.9746,33.6439,"small_embayment",372.8,"Magnolia Marsh","meadow","11/19/24",0.999,3.5522,"open","U","U","","Zostera marina",NA,"scorable"
"V-012","B23-SAV-012","nekton.habitat",2.75,2.26190476190476,"good condition","moderate condition","B23-SAV",-117.9746457,33.64356676,"small_embayment",372.8,"Huntington - Magnolia Marsh2","","8/29/23",NA,1.8,"open","U","U","","Zostera marina",NA,"scorable"
"V-012","B23-SAV-012","nekton.habitat",2.75,2.26190476190476,"good condition","moderate condition","B23-SAV",-117.9746457,33.64356676,"small_embayment",372.8,"Huntington - Magnolia Marsh2",NA,"6/20/24",NA,1.8,"open","U","U","","",NA,"scorable"
"V-012","B23-SAV-012","nekton.habitat",2.75,2.26190476190476,"good condition","moderate condition","B23-SAV",-117.9746,33.6439,"small_embayment",372.8,"Magnolia Marsh","meadow","11/19/24",0.999,3.5522,"open","U","U","","Zostera marina",NA,"scorable"
"V-012","B23-SAV-012","waterfowl.habitat",3,2.26190476190476,"good condition","moderate condition","B23-SAV",-117.9746457,33.64356676,"small_embayment",372.8,"Huntington - Magnolia Marsh2","","8/29/23",NA,1.8,"open","U","U","","Zostera marina",NA,"scorable"
"V-012","B23-SAV-012","waterfowl.habitat",3,2.26190476190476,"good condition","moderate condition","B23-SAV",-117.9746457,33.64356676,"small_embayment",372.8,"Huntington - Magnolia Marsh2",NA,"6/20/24",NA,1.8,"open","U","U","","",NA,"scorable"
"V-012","B23-SAV-012","waterfowl.habitat",3,2.26190476190476,"good condition","moderate condition","B23-SAV",-117.9746,33.6439,"small_embayment",372.8,"Magnolia Marsh","meadow","11/19/24",0.999,3.5522,"open","U","U","","Zostera marina",NA,"scorable"
"V-014","B23-SAV-014","substrate.stabilization",2.25,1.87142857142857,"moderate condition","moderate condition","B23-SAV",-117.8971,33.6202,"small_embayment",372.8,"Newport Bay","fringing bed","12/3/24",2.588,0.711,"open","U","Limited Take","restored","Zostera marina",NA,"scorable"
"V-014","B23-SAV-014","carbon.sequestration",1,1.87142857142857,"lowest observed condition","moderate condition","B23-SAV",-117.8971,33.6202,"small_embayment",372.8,"Newport Bay","fringing bed","12/3/24",2.588,0.711,"open","U","Limited Take","restored","Zostera marina",NA,"scorable"
"V-014","B23-SAV-014","primary.production",1.5,1.87142857142857,"lowest observed condition","moderate condition","B23-SAV",-117.8971,33.6202,"small_embayment",372.8,"Newport Bay","fringing bed","12/3/24",2.588,0.711,"open","U","Limited Take","restored","Zostera marina",NA,"scorable"
"V-014","B23-SAV-014","secondary.production",1.6,1.87142857142857,"lowest observed condition","moderate condition","B23-SAV",-117.8971,33.6202,"small_embayment",372.8,"Newport Bay","fringing bed","12/3/24",2.588,0.711,"open","U","Limited Take","restored","Zostera marina",NA,"scorable"
"V-014","B23-SAV-014","wq",1.75,1.87142857142857,"lowest observed condition","moderate condition","B23-SAV",-117.8971,33.6202,"small_embayment",372.8,"Newport Bay","fringing bed","12/3/24",2.588,0.711,"open","U","Limited Take","restored","Zostera marina",NA,"scorable"
"V-014","B23-SAV-014","nekton.habitat",2.5,1.87142857142857,"moderate condition","moderate condition","B23-SAV",-117.8971,33.6202,"small_embayment",372.8,"Newport Bay","fringing bed","12/3/24",2.588,0.711,"open","U","Limited Take","restored","Zostera marina",NA,"scorable"
"V-014","B23-SAV-014","waterfowl.habitat",2.5,1.87142857142857,"moderate condition","moderate condition","B23-SAV",-117.8971,33.6202,"small_embayment",372.8,"Newport Bay","fringing bed","12/3/24",2.588,0.711,"open","U","Limited Take","restored","Zostera marina",NA,"scorable"
"V-015","B23-SAV-015","substrate.stabilization",2.75,2.69761904761905,"good condition","good condition","B23-SAV",-118.2825,33.7134,"small_embayment",372.8,"Port of Los Angeles ","meadow","11/12/24",2.774,3.8547,"open","U","U","","Zostera marina",NA,"scorable"
"V-015","B23-SAV-015","carbon.sequestration",3,2.69761904761905,"good condition","good condition","B23-SAV",-118.2825,33.7134,"small_embayment",372.8,"Port of Los Angeles ","meadow","11/12/24",2.774,3.8547,"open","U","U","","Zostera marina",NA,"scorable"
"V-015","B23-SAV-015","primary.production",2.83333333333333,2.69761904761905,"good condition","good condition","B23-SAV",-118.2825,33.7134,"small_embayment",372.8,"Port of Los Angeles ","meadow","11/12/24",2.774,3.8547,"open","U","U","","Zostera marina",NA,"scorable"
"V-015","B23-SAV-015","secondary.production",2.8,2.69761904761905,"good condition","good condition","B23-SAV",-118.2825,33.7134,"small_embayment",372.8,"Port of Los Angeles ","meadow","11/12/24",2.774,3.8547,"open","U","U","","Zostera marina",NA,"scorable"
"V-015","B23-SAV-015","wq",2.5,2.69761904761905,"moderate condition","good condition","B23-SAV",-118.2825,33.7134,"small_embayment",372.8,"Port of Los Angeles ","meadow","11/12/24",2.774,3.8547,"open","U","U","","Zostera marina",NA,"scorable"
"V-015","B23-SAV-015","nekton.habitat",2.5,2.69761904761905,"moderate condition","good condition","B23-SAV",-118.2825,33.7134,"small_embayment",372.8,"Port of Los Angeles ","meadow","11/12/24",2.774,3.8547,"open","U","U","","Zostera marina",NA,"scorable"
"V-015","B23-SAV-015","waterfowl.habitat",2.5,2.69761904761905,"moderate condition","good condition","B23-SAV",-118.2825,33.7134,"small_embayment",372.8,"Port of Los Angeles ","meadow","11/12/24",2.774,3.8547,"open","U","U","","Zostera marina",NA,"scorable"
"V-018","B23-SAV-018","substrate.stabilization",1.75,1.91666666666667,"lowest observed condition","moderate condition","B23-SAV",-117.9011,33.6213,"small_embayment",372.8,"Newport Bay",NA,"10/7/24",2.888,3.0288,"open","U","Limited Take","restored","Zostera marina",NA,"scorable"
"V-018","B23-SAV-018","carbon.sequestration",2,1.91666666666667,"moderate condition","moderate condition","B23-SAV",-117.9011,33.6213,"small_embayment",372.8,"Newport Bay",NA,"10/7/24",2.888,3.0288,"open","U","Limited Take","restored","Zostera marina",NA,"scorable"
"V-018","B23-SAV-018","primary.production",2.16666666666667,1.91666666666667,"moderate condition","moderate condition","B23-SAV",-117.9011,33.6213,"small_embayment",372.8,"Newport Bay",NA,"10/7/24",2.888,3.0288,"open","U","Limited Take","restored","Zostera marina",NA,"scorable"
"V-018","B23-SAV-018","secondary.production",2,1.91666666666667,"moderate condition","moderate condition","B23-SAV",-117.9011,33.6213,"small_embayment",372.8,"Newport Bay",NA,"10/7/24",2.888,3.0288,"open","U","Limited Take","restored","Zostera marina",NA,"scorable"
"V-018","B23-SAV-018","wq",2,1.91666666666667,"moderate condition","moderate condition","B23-SAV",-117.9011,33.6213,"small_embayment",372.8,"Newport Bay",NA,"10/7/24",2.888,3.0288,"open","U","Limited Take","restored","Zostera marina",NA,"scorable"
"V-018","B23-SAV-018","nekton.habitat",2,1.91666666666667,"moderate condition","moderate condition","B23-SAV",-117.9011,33.6213,"small_embayment",372.8,"Newport Bay",NA,"10/7/24",2.888,3.0288,"open","U","Limited Take","restored","Zostera marina",NA,"scorable"
"V-018","B23-SAV-018","waterfowl.habitat",1.5,1.91666666666667,"lowest observed condition","moderate condition","B23-SAV",-117.9011,33.6213,"small_embayment",372.8,"Newport Bay",NA,"10/7/24",2.888,3.0288,"open","U","Limited Take","restored","Zostera marina",NA,"scorable"
"V-020","B23-SAV-020","substrate.stabilization",1,1.17142857142857,"lowest observed condition","lowest observed condition","B23-SAV",-118.156,33.7595,"small_embayment",372.8,"Port of Los Angeles ","patch","11/11/24",2.904,6.28,"open","U","U","","Zostera marina",NA,"scorable"
"V-020","B23-SAV-020","carbon.sequestration",1,1.17142857142857,"lowest observed condition","lowest observed condition","B23-SAV",-118.156,33.7595,"small_embayment",372.8,"Port of Los Angeles ","patch","11/11/24",2.904,6.28,"open","U","U","","Zostera marina",NA,"scorable"
"V-020","B23-SAV-020","primary.production",1.5,1.17142857142857,"lowest observed condition","lowest observed condition","B23-SAV",-118.156,33.7595,"small_embayment",372.8,"Port of Los Angeles ","patch","11/11/24",2.904,6.28,"open","U","U","","Zostera marina",NA,"scorable"
"V-020","B23-SAV-020","secondary.production",1.2,1.17142857142857,"lowest observed condition","lowest observed condition","B23-SAV",-118.156,33.7595,"small_embayment",372.8,"Port of Los Angeles ","patch","11/11/24",2.904,6.28,"open","U","U","","Zostera marina",NA,"scorable"
"V-020","B23-SAV-020","wq",1.25,1.17142857142857,"lowest observed condition","lowest observed condition","B23-SAV",-118.156,33.7595,"small_embayment",372.8,"Port of Los Angeles ","patch","11/11/24",2.904,6.28,"open","U","U","","Zostera marina",NA,"scorable"
"V-020","B23-SAV-020","nekton.habitat",1.25,1.17142857142857,"lowest observed condition","lowest observed condition","B23-SAV",-118.156,33.7595,"small_embayment",372.8,"Port of Los Angeles ","patch","11/11/24",2.904,6.28,"open","U","U","","Zostera marina",NA,"scorable"
"V-020","B23-SAV-020","waterfowl.habitat",1,1.17142857142857,"lowest observed condition","lowest observed condition","B23-SAV",-118.156,33.7595,"small_embayment",372.8,"Port of Los Angeles ","patch","11/11/24",2.904,6.28,"open","U","U","","Zostera marina",NA,"scorable"
"V-022","B23-SAV-022","substrate.stabilization",1.75,2.12857142857143,"lowest observed condition","moderate condition","B23-SAV",-117.2077,32.7368,"large_embayment",4194.4,"San Diego South Bay","meadow","10/2/24",2.394,12.1879,"open","U","U","","Zostera marina",NA,"scorable"
"V-022","B23-SAV-022","carbon.sequestration",2.5,2.12857142857143,"moderate condition","moderate condition","B23-SAV",-117.2077,32.7368,"large_embayment",4194.4,"San Diego South Bay","meadow","10/2/24",2.394,12.1879,"open","U","U","","Zostera marina",NA,"scorable"
"V-022","B23-SAV-022","primary.production",2.5,2.12857142857143,"moderate condition","moderate condition","B23-SAV",-117.2077,32.7368,"large_embayment",4194.4,"San Diego South Bay","meadow","10/2/24",2.394,12.1879,"open","U","U","","Zostera marina",NA,"scorable"
"V-022","B23-SAV-022","secondary.production",2.4,2.12857142857143,"moderate condition","moderate condition","B23-SAV",-117.2077,32.7368,"large_embayment",4194.4,"San Diego South Bay","meadow","10/2/24",2.394,12.1879,"open","U","U","","Zostera marina",NA,"scorable"
"V-022","B23-SAV-022","wq",2.25,2.12857142857143,"moderate condition","moderate condition","B23-SAV",-117.2077,32.7368,"large_embayment",4194.4,"San Diego South Bay","meadow","10/2/24",2.394,12.1879,"open","U","U","","Zostera marina",NA,"scorable"
"V-022","B23-SAV-022","nekton.habitat",2,2.12857142857143,"moderate condition","moderate condition","B23-SAV",-117.2077,32.7368,"large_embayment",4194.4,"San Diego South Bay","meadow","10/2/24",2.394,12.1879,"open","U","U","","Zostera marina",NA,"scorable"
"V-022","B23-SAV-022","waterfowl.habitat",1.5,2.12857142857143,"lowest observed condition","moderate condition","B23-SAV",-117.2077,32.7368,"large_embayment",4194.4,"San Diego South Bay","meadow","10/2/24",2.394,12.1879,"open","U","U","","Zostera marina",NA,"scorable"
"V-023","B23-SAV-023","substrate.stabilization",2,2.13095238095238,"moderate condition","moderate condition","B23-SAV",-117.1254,32.611,"large_embayment",4194.4,"San Diego Bay","meadow","11/7/24",1.819,2.5265,"open","U","NWR","","Zostera marina",NA,"scorable"
"V-023","B23-SAV-023","carbon.sequestration",2.5,2.13095238095238,"moderate condition","moderate condition","B23-SAV",-117.1254,32.611,"large_embayment",4194.4,"San Diego Bay","meadow","11/7/24",1.819,2.5265,"open","U","NWR","","Zostera marina",NA,"scorable"
"V-023","B23-SAV-023","primary.production",2.16666666666667,2.13095238095238,"moderate condition","moderate condition","B23-SAV",-117.1254,32.611,"large_embayment",4194.4,"San Diego Bay","meadow","11/7/24",1.819,2.5265,"open","U","NWR","","Zostera marina",NA,"scorable"
"V-023","B23-SAV-023","secondary.production",2,2.13095238095238,"moderate condition","moderate condition","B23-SAV",-117.1254,32.611,"large_embayment",4194.4,"San Diego Bay","meadow","11/7/24",1.819,2.5265,"open","U","NWR","","Zostera marina",NA,"scorable"
"V-023","B23-SAV-023","wq",2.25,2.13095238095238,"moderate condition","moderate condition","B23-SAV",-117.1254,32.611,"large_embayment",4194.4,"San Diego Bay","meadow","11/7/24",1.819,2.5265,"open","U","NWR","","Zostera marina",NA,"scorable"
"V-023","B23-SAV-023","nekton.habitat",2,2.13095238095238,"moderate condition","moderate condition","B23-SAV",-117.1254,32.611,"large_embayment",4194.4,"San Diego Bay","meadow","11/7/24",1.819,2.5265,"open","U","NWR","","Zostera marina",NA,"scorable"
"V-023","B23-SAV-023","waterfowl.habitat",2,2.13095238095238,"moderate condition","moderate condition","B23-SAV",-117.1254,32.611,"large_embayment",4194.4,"San Diego Bay","meadow","11/7/24",1.819,2.5265,"open","U","NWR","","Zostera marina",NA,"scorable"
"V-025","B23-SAV-025","substrate.stabilization",1.75,1.71666666666667,"lowest observed condition","lowest observed condition","B23-SAV",-117.8989,33.6057,"large_embayment",4194.4,"Newport Bay","bed","12/3/24",2.648,4.4027,"open","U","U","","Zostera marina",NA,"scorable"
"V-025","B23-SAV-025","carbon.sequestration",1,1.71666666666667,"lowest observed condition","lowest observed condition","B23-SAV",-117.8989,33.6057,"large_embayment",4194.4,"Newport Bay","bed","12/3/24",2.648,4.4027,"open","U","U","","Zostera marina",NA,"scorable"
"V-025","B23-SAV-025","primary.production",1.66666666666667,1.71666666666667,"lowest observed condition","lowest observed condition","B23-SAV",-117.8989,33.6057,"large_embayment",4194.4,"Newport Bay","bed","12/3/24",2.648,4.4027,"open","U","U","","Zostera marina",NA,"scorable"
"V-025","B23-SAV-025","secondary.production",1.6,1.71666666666667,"lowest observed condition","lowest observed condition","B23-SAV",-117.8989,33.6057,"large_embayment",4194.4,"Newport Bay","bed","12/3/24",2.648,4.4027,"open","U","U","","Zostera marina",NA,"scorable"
"V-025","B23-SAV-025","wq",1.75,1.71666666666667,"lowest observed condition","lowest observed condition","B23-SAV",-117.8989,33.6057,"large_embayment",4194.4,"Newport Bay","bed","12/3/24",2.648,4.4027,"open","U","U","","Zostera marina",NA,"scorable"
"V-025","B23-SAV-025","nekton.habitat",2.25,1.71666666666667,"moderate condition","lowest observed condition","B23-SAV",-117.8989,33.6057,"large_embayment",4194.4,"Newport Bay","bed","12/3/24",2.648,4.4027,"open","U","U","","Zostera marina",NA,"scorable"
"V-025","B23-SAV-025","waterfowl.habitat",2,1.71666666666667,"moderate condition","lowest observed condition","B23-SAV",-117.8989,33.6057,"large_embayment",4194.4,"Newport Bay","bed","12/3/24",2.648,4.4027,"open","U","U","","Zostera marina",NA,"scorable"
"V-026","B23-SAV-026","substrate.stabilization",1.25,1.66666666666667,"lowest observed condition","lowest observed condition","B23-SAV",-117.2082,32.7245,"large_embayment",4194.4,"San Diego Bay","fringing bed","10/2/24",4.668,13.0694,"open","U","U","","Zostera marina",NA,"scorable"
"V-026","B23-SAV-026","carbon.sequestration",1.5,1.66666666666667,"lowest observed condition","lowest observed condition","B23-SAV",-117.2082,32.7245,"large_embayment",4194.4,"San Diego Bay","fringing bed","10/2/24",4.668,13.0694,"open","U","U","","Zostera marina",NA,"scorable"
"V-026","B23-SAV-026","primary.production",2.16666666666667,1.66666666666667,"moderate condition","lowest observed condition","B23-SAV",-117.2082,32.7245,"large_embayment",4194.4,"San Diego Bay","fringing bed","10/2/24",4.668,13.0694,"open","U","U","","Zostera marina",NA,"scorable"
"V-026","B23-SAV-026","secondary.production",2,1.66666666666667,"moderate condition","lowest observed condition","B23-SAV",-117.2082,32.7245,"large_embayment",4194.4,"San Diego Bay","fringing bed","10/2/24",4.668,13.0694,"open","U","U","","Zostera marina",NA,"scorable"
"V-026","B23-SAV-026","wq",1.75,1.66666666666667,"lowest observed condition","lowest observed condition","B23-SAV",-117.2082,32.7245,"large_embayment",4194.4,"San Diego Bay","fringing bed","10/2/24",4.668,13.0694,"open","U","U","","Zostera marina",NA,"scorable"
"V-026","B23-SAV-026","nekton.habitat",1.5,1.66666666666667,"lowest observed condition","lowest observed condition","B23-SAV",-117.2082,32.7245,"large_embayment",4194.4,"San Diego Bay","fringing bed","10/2/24",4.668,13.0694,"open","U","U","","Zostera marina",NA,"scorable"
"V-026","B23-SAV-026","waterfowl.habitat",1.5,1.66666666666667,"lowest observed condition","lowest observed condition","B23-SAV",-117.2082,32.7245,"large_embayment",4194.4,"San Diego Bay","fringing bed","10/2/24",4.668,13.0694,"open","U","U","","Zostera marina",NA,"scorable"
"V-027","B23-SAV-027","substrate.stabilization",1.75,2.07619047619048,"lowest observed condition","moderate condition","B23-SAV",-117.1191,32.6047,"large_embayment",4194.4,"San Diego South Bay","meadow","10/1/24",2.152,6.6162,"open","U","NWR","","Zostera marina",NA,"scorable"
"V-027","B23-SAV-027","carbon.sequestration",2,2.07619047619048,"moderate condition","moderate condition","B23-SAV",-117.1191,32.6047,"large_embayment",4194.4,"San Diego South Bay","meadow","10/1/24",2.152,6.6162,"open","U","NWR","","Zostera marina",NA,"scorable"
"V-027","B23-SAV-027","primary.production",2.33333333333333,2.07619047619048,"moderate condition","moderate condition","B23-SAV",-117.1191,32.6047,"large_embayment",4194.4,"San Diego South Bay","meadow","10/1/24",2.152,6.6162,"open","U","NWR","","Zostera marina",NA,"scorable"
"V-027","B23-SAV-027","secondary.production",2.2,2.07619047619048,"moderate condition","moderate condition","B23-SAV",-117.1191,32.6047,"large_embayment",4194.4,"San Diego South Bay","meadow","10/1/24",2.152,6.6162,"open","U","NWR","","Zostera marina",NA,"scorable"
"V-027","B23-SAV-027","wq",2.25,2.07619047619048,"moderate condition","moderate condition","B23-SAV",-117.1191,32.6047,"large_embayment",4194.4,"San Diego South Bay","meadow","10/1/24",2.152,6.6162,"open","U","NWR","","Zostera marina",NA,"scorable"
"V-027","B23-SAV-027","nekton.habitat",2,2.07619047619048,"moderate condition","moderate condition","B23-SAV",-117.1191,32.6047,"large_embayment",4194.4,"San Diego South Bay","meadow","10/1/24",2.152,6.6162,"open","U","NWR","","Zostera marina",NA,"scorable"
"V-027","B23-SAV-027","waterfowl.habitat",2,2.07619047619048,"moderate condition","moderate condition","B23-SAV",-117.1191,32.6047,"large_embayment",4194.4,"San Diego South Bay","meadow","10/1/24",2.152,6.6162,"open","U","NWR","","Zostera marina",NA,"scorable"
"V-029","B23-SAV-029","substrate.stabilization",1,1.33095238095238,"lowest observed condition","lowest observed condition","B23-SAV",-117.1574,32.6832,"large_embayment",4194.4,"San Diego Bay","meadow","11/7/24",3.668,7.9777,"open","U","U","","Zostera marina",NA,"scorable"
"V-029","B23-SAV-029","carbon.sequestration",1.5,1.33095238095238,"lowest observed condition","lowest observed condition","B23-SAV",-117.1574,32.6832,"large_embayment",4194.4,"San Diego Bay","meadow","11/7/24",3.668,7.9777,"open","U","U","","Zostera marina",NA,"scorable"
"V-029","B23-SAV-029","primary.production",1.66666666666667,1.33095238095238,"lowest observed condition","lowest observed condition","B23-SAV",-117.1574,32.6832,"large_embayment",4194.4,"San Diego Bay","meadow","11/7/24",3.668,7.9777,"open","U","U","","Zostera marina",NA,"scorable"
"V-029","B23-SAV-029","secondary.production",1.4,1.33095238095238,"lowest observed condition","lowest observed condition","B23-SAV",-117.1574,32.6832,"large_embayment",4194.4,"San Diego Bay","meadow","11/7/24",3.668,7.9777,"open","U","U","","Zostera marina",NA,"scorable"
"V-029","B23-SAV-029","wq",1.5,1.33095238095238,"lowest observed condition","lowest observed condition","B23-SAV",-117.1574,32.6832,"large_embayment",4194.4,"San Diego Bay","meadow","11/7/24",3.668,7.9777,"open","U","U","","Zostera marina",NA,"scorable"
"V-029","B23-SAV-029","nekton.habitat",1.25,1.33095238095238,"lowest observed condition","lowest observed condition","B23-SAV",-117.1574,32.6832,"large_embayment",4194.4,"San Diego Bay","meadow","11/7/24",3.668,7.9777,"open","U","U","","Zostera marina",NA,"scorable"
"V-029","B23-SAV-029","waterfowl.habitat",1,1.33095238095238,"lowest observed condition","lowest observed condition","B23-SAV",-117.1574,32.6832,"large_embayment",4194.4,"San Diego Bay","meadow","11/7/24",3.668,7.9777,"open","U","U","","Zostera marina",NA,"scorable"
"V-030","B23-SAV-030","substrate.stabilization",2,2.03333333333333,"moderate condition","moderate condition","B23-SAV",-117.1484,32.6565,"large_embayment",4194.4,"San Diego South Bay","meadow","9/30/24",2.704,7.9777,"open","U","U","","Zostera marina",NA,"scorable"
"V-030","B23-SAV-030","carbon.sequestration",2.5,2.03333333333333,"moderate condition","moderate condition","B23-SAV",-117.1484,32.6565,"large_embayment",4194.4,"San Diego South Bay","meadow","9/30/24",2.704,7.9777,"open","U","U","","Zostera marina",NA,"scorable"
"V-030","B23-SAV-030","primary.production",2.33333333333333,2.03333333333333,"moderate condition","moderate condition","B23-SAV",-117.1484,32.6565,"large_embayment",4194.4,"San Diego South Bay","meadow","9/30/24",2.704,7.9777,"open","U","U","","Zostera marina",NA,"scorable"
"V-030","B23-SAV-030","secondary.production",2.4,2.03333333333333,"moderate condition","moderate condition","B23-SAV",-117.1484,32.6565,"large_embayment",4194.4,"San Diego South Bay","meadow","9/30/24",2.704,7.9777,"open","U","U","","Zostera marina",NA,"scorable"
"V-030","B23-SAV-030","wq",1.5,2.03333333333333,"lowest observed condition","moderate condition","B23-SAV",-117.1484,32.6565,"large_embayment",4194.4,"San Diego South Bay","meadow","9/30/24",2.704,7.9777,"open","U","U","","Zostera marina",NA,"scorable"
"V-030","B23-SAV-030","nekton.habitat",1.5,2.03333333333333,"lowest observed condition","moderate condition","B23-SAV",-117.1484,32.6565,"large_embayment",4194.4,"San Diego South Bay","meadow","9/30/24",2.704,7.9777,"open","U","U","","Zostera marina",NA,"scorable"
"V-030","B23-SAV-030","waterfowl.habitat",2,2.03333333333333,"moderate condition","moderate condition","B23-SAV",-117.1484,32.6565,"large_embayment",4194.4,"San Diego South Bay","meadow","9/30/24",2.704,7.9777,"open","U","U","","Zostera marina",NA,"scorable"
"V-031","B23-SAV-031","substrate.stabilization",2,2.32619047619048,"moderate condition","moderate condition","B23-SAV",-117.1484,32.6565,"small_embayment",372.8,"Newport Bay",NA,"10/7/24",1.619,3.8284,"open","P","U","","Zostera marina",NA,"scorable"
"V-031","B23-SAV-031","carbon.sequestration",2.5,2.32619047619048,"moderate condition","moderate condition","B23-SAV",-117.1484,32.6565,"small_embayment",372.8,"Newport Bay",NA,"10/7/24",1.619,3.8284,"open","P","U","","Zostera marina",NA,"scorable"
"V-031","B23-SAV-031","primary.production",2.33333333333333,2.32619047619048,"moderate condition","moderate condition","B23-SAV",-117.1484,32.6565,"small_embayment",372.8,"Newport Bay",NA,"10/7/24",1.619,3.8284,"open","P","U","","Zostera marina",NA,"scorable"
"V-031","B23-SAV-031","secondary.production",2.2,2.32619047619048,"moderate condition","moderate condition","B23-SAV",-117.1484,32.6565,"small_embayment",372.8,"Newport Bay",NA,"10/7/24",1.619,3.8284,"open","P","U","","Zostera marina",NA,"scorable"
"V-031","B23-SAV-031","wq",2.75,2.32619047619048,"good condition","moderate condition","B23-SAV",-117.1484,32.6565,"small_embayment",372.8,"Newport Bay",NA,"10/7/24",1.619,3.8284,"open","P","U","","Zostera marina",NA,"scorable"
"V-031","B23-SAV-031","nekton.habitat",2.5,2.32619047619048,"moderate condition","moderate condition","B23-SAV",-117.1484,32.6565,"small_embayment",372.8,"Newport Bay",NA,"10/7/24",1.619,3.8284,"open","P","U","","Zostera marina",NA,"scorable"
"V-031","B23-SAV-031","waterfowl.habitat",2,2.32619047619048,"moderate condition","moderate condition","B23-SAV",-117.1484,32.6565,"small_embayment",372.8,"Newport Bay",NA,"10/7/24",1.619,3.8284,"open","P","U","","Zostera marina",NA,"scorable"
"V-032","B23-SAV-032","substrate.stabilization",1.75,1.81666666666667,"lowest observed condition","moderate condition","B23-SAV",-117.9029,33.6197,"estuary",856.2,"Bolsa Chica","meadow","11/20/24",2.314,0.5538,"open","P","Limited Take","","Zostera marina",NA,"scorable"
"V-032","B23-SAV-032","carbon.sequestration",1.5,1.81666666666667,"lowest observed condition","moderate condition","B23-SAV",-117.9029,33.6197,"estuary",856.2,"Bolsa Chica","meadow","11/20/24",2.314,0.5538,"open","P","Limited Take","","Zostera marina",NA,"scorable"
"V-032","B23-SAV-032","primary.production",2.16666666666667,1.81666666666667,"moderate condition","moderate condition","B23-SAV",-117.9029,33.6197,"estuary",856.2,"Bolsa Chica","meadow","11/20/24",2.314,0.5538,"open","P","Limited Take","","Zostera marina",NA,"scorable"
"V-032","B23-SAV-032","secondary.production",1.8,1.81666666666667,"moderate condition","moderate condition","B23-SAV",-117.9029,33.6197,"estuary",856.2,"Bolsa Chica","meadow","11/20/24",2.314,0.5538,"open","P","Limited Take","","Zostera marina",NA,"scorable"
"V-032","B23-SAV-032","wq",1.75,1.81666666666667,"lowest observed condition","moderate condition","B23-SAV",-117.9029,33.6197,"estuary",856.2,"Bolsa Chica","meadow","11/20/24",2.314,0.5538,"open","P","Limited Take","","Zostera marina",NA,"scorable"
"V-032","B23-SAV-032","nekton.habitat",1.75,1.81666666666667,"lowest observed condition","moderate condition","B23-SAV",-117.9029,33.6197,"estuary",856.2,"Bolsa Chica","meadow","11/20/24",2.314,0.5538,"open","P","Limited Take","","Zostera marina",NA,"scorable"
"V-032","B23-SAV-032","waterfowl.habitat",2,1.81666666666667,"moderate condition","moderate condition","B23-SAV",-117.9029,33.6197,"estuary",856.2,"Bolsa Chica","meadow","11/20/24",2.314,0.5538,"open","P","Limited Take","","Zostera marina",NA,"scorable"
"V-035","B23-SAV-035","substrate.stabilization",3,3.27380952380952,"good condition","best observed condition","B23-SAV",-117.308,33.0863,"estuary",856.2,"Batiquitos Lagoon","bed","11/18/24",1.424,0.6825,"open","P","U","","Zostera marina",NA,"scorable"
"V-035","B23-SAV-035","carbon.sequestration",3,3.27380952380952,"good condition","best observed condition","B23-SAV",-117.308,33.0863,"estuary",856.2,"Batiquitos Lagoon","bed","11/18/24",1.424,0.6825,"open","P","U","","Zostera marina",NA,"scorable"
"V-035","B23-SAV-035","primary.production",3.16666666666667,3.27380952380952,"good condition","best observed condition","B23-SAV",-117.308,33.0863,"estuary",856.2,"Batiquitos Lagoon","bed","11/18/24",1.424,0.6825,"open","P","U","","Zostera marina",NA,"scorable"
"V-035","B23-SAV-035","secondary.production",3,3.27380952380952,"good condition","best observed condition","B23-SAV",-117.308,33.0863,"estuary",856.2,"Batiquitos Lagoon","bed","11/18/24",1.424,0.6825,"open","P","U","","Zostera marina",NA,"scorable"
"V-035","B23-SAV-035","wq",3.75,3.27380952380952,"best observed condition","best observed condition","B23-SAV",-117.308,33.0863,"estuary",856.2,"Batiquitos Lagoon","bed","11/18/24",1.424,0.6825,"open","P","U","","Zostera marina",NA,"scorable"
"V-035","B23-SAV-035","nekton.habitat",3.5,3.27380952380952,"best observed condition","best observed condition","B23-SAV",-117.308,33.0863,"estuary",856.2,"Batiquitos Lagoon","bed","11/18/24",1.424,0.6825,"open","P","U","","Zostera marina",NA,"scorable"
"V-035","B23-SAV-035","waterfowl.habitat",3.5,3.27380952380952,"best observed condition","best observed condition","B23-SAV",-117.308,33.0863,"estuary",856.2,"Batiquitos Lagoon","bed","11/18/24",1.424,0.6825,"open","P","U","","Zostera marina",NA,"scorable"
"V-036","B23-SAV-036","substrate.stabilization",1.5,1.74761904761905,"lowest observed condition","lowest observed condition","B23-SAV",-117.2459,32.7574,"estuary",856.2,"San Diego Estuary","patch","11/19/24",1.06,0.23,"open","U","U","","Zostera marina",NA,"scorable"
"V-036","B23-SAV-036","carbon.sequestration",1,1.74761904761905,"lowest observed condition","lowest observed condition","B23-SAV",-117.2459,32.7574,"estuary",856.2,"San Diego Estuary","patch","11/19/24",1.06,0.23,"open","U","U","","Zostera marina",NA,"scorable"
"V-036","B23-SAV-036","primary.production",1.83333333333333,1.74761904761905,"moderate condition","lowest observed condition","B23-SAV",-117.2459,32.7574,"estuary",856.2,"San Diego Estuary","patch","11/19/24",1.06,0.23,"open","U","U","","Zostera marina",NA,"scorable"
"V-036","B23-SAV-036","secondary.production",1.4,1.74761904761905,"lowest observed condition","lowest observed condition","B23-SAV",-117.2459,32.7574,"estuary",856.2,"San Diego Estuary","patch","11/19/24",1.06,0.23,"open","U","U","","Zostera marina",NA,"scorable"
"V-036","B23-SAV-036","wq",2.25,1.74761904761905,"moderate condition","lowest observed condition","B23-SAV",-117.2459,32.7574,"estuary",856.2,"San Diego Estuary","patch","11/19/24",1.06,0.23,"open","U","U","","Zostera marina",NA,"scorable"
"V-036","B23-SAV-036","nekton.habitat",2.25,1.74761904761905,"moderate condition","lowest observed condition","B23-SAV",-117.2459,32.7574,"estuary",856.2,"San Diego Estuary","patch","11/19/24",1.06,0.23,"open","U","U","","Zostera marina",NA,"scorable"
"V-036","B23-SAV-036","waterfowl.habitat",2,1.74761904761905,"moderate condition","lowest observed condition","B23-SAV",-117.2459,32.7574,"estuary",856.2,"San Diego Estuary","patch","11/19/24",1.06,0.23,"open","U","U","","Zostera marina",NA,"scorable"
"V-063","B23-SAV-063","substrate.stabilization",3.5,3.49285714285714,"best observed condition","best observed condition","B23-SAV",-117.9726,33.6429,"small_embayment",372.8,"Magnolia Marsh",NA,"11/19/24",1.324,2.4499,"open","U","U","","Zostera marina",NA,"scorable"
"V-063","B23-SAV-063","carbon.sequestration",4,3.49285714285714,"best observed condition","best observed condition","B23-SAV",-117.9726,33.6429,"small_embayment",372.8,"Magnolia Marsh",NA,"11/19/24",1.324,2.4499,"open","U","U","","Zostera marina",NA,"scorable"
"V-063","B23-SAV-063","primary.production",3.5,3.49285714285714,"best observed condition","best observed condition","B23-SAV",-117.9726,33.6429,"small_embayment",372.8,"Magnolia Marsh",NA,"11/19/24",1.324,2.4499,"open","U","U","","Zostera marina",NA,"scorable"
"V-063","B23-SAV-063","secondary.production",3.2,3.49285714285714,"good condition","best observed condition","B23-SAV",-117.9726,33.6429,"small_embayment",372.8,"Magnolia Marsh",NA,"11/19/24",1.324,2.4499,"open","U","U","","Zostera marina",NA,"scorable"
"V-063","B23-SAV-063","wq",3.75,3.49285714285714,"best observed condition","best observed condition","B23-SAV",-117.9726,33.6429,"small_embayment",372.8,"Magnolia Marsh",NA,"11/19/24",1.324,2.4499,"open","U","U","","Zostera marina",NA,"scorable"
"V-063","B23-SAV-063","nekton.habitat",3.5,3.49285714285714,"best observed condition","best observed condition","B23-SAV",-117.9726,33.6429,"small_embayment",372.8,"Magnolia Marsh",NA,"11/19/24",1.324,2.4499,"open","U","U","","Zostera marina",NA,"scorable"
"V-063","B23-SAV-063","waterfowl.habitat",3,3.49285714285714,"good condition","best observed condition","B23-SAV",-117.9726,33.6429,"small_embayment",372.8,"Magnolia Marsh",NA,"11/19/24",1.324,2.4499,"open","U","U","","Zostera marina",NA,"scorable"
"V-064","B23-SAV-064","substrate.stabilization",2.5,2.7452380952381,"moderate condition","good condition","B23-SAV",-118.162,33.7608,"small_embayment",372.8,"Port of Los Angeles ",NA,"11/11/24",2.799,0.264,"open","U","U","","Zostera pacifica",NA,"not scorable"
"V-064","B23-SAV-064","primary.production",3.16666666666667,2.7452380952381,"good condition","good condition","B23-SAV",-118.162,33.7608,"small_embayment",372.8,"Port of Los Angeles ",NA,"11/11/24",2.799,0.264,"open","U","U","","Zostera pacifica",NA,"not scorable"
"V-064","B23-SAV-064","wq",3,2.7452380952381,"good condition","good condition","B23-SAV",-118.162,33.7608,"small_embayment",372.8,"Port of Los Angeles ",NA,"11/11/24",2.799,0.264,"open","U","U","","Zostera pacifica",NA,"not scorable"
"V-064","B23-SAV-064","waterfowl.habitat",2,2.7452380952381,"moderate condition","good condition","B23-SAV",-118.162,33.7608,"small_embayment",372.8,"Port of Los Angeles ",NA,"11/11/24",2.799,0.264,"open","U","U","","Zostera pacifica",NA,"not scorable"
"V-066","B23-SAV-066","substrate.stabilization",2.5,2.29047619047619,"moderate condition","moderate condition","B23-SAV",-117.6951,33.4561,"small_embayment",372.8,"Dana Point Harbor","patch","11/18/24",5.006,4.6308,"open","U","U","","",NA,"scorable"
"V-066","B23-SAV-066","carbon.sequestration",1.5,2.29047619047619,"lowest observed condition","moderate condition","B23-SAV",-117.6951,33.4561,"small_embayment",372.8,"Dana Point Harbor","patch","11/18/24",5.006,4.6308,"open","U","U","","",NA,"scorable"
"V-066","B23-SAV-066","primary.production",2.33333333333333,2.29047619047619,"moderate condition","moderate condition","B23-SAV",-117.6951,33.4561,"small_embayment",372.8,"Dana Point Harbor","patch","11/18/24",5.006,4.6308,"open","U","U","","",NA,"scorable"
"V-066","B23-SAV-066","secondary.production",2.2,2.29047619047619,"moderate condition","moderate condition","B23-SAV",-117.6951,33.4561,"small_embayment",372.8,"Dana Point Harbor","patch","11/18/24",5.006,4.6308,"open","U","U","","",NA,"scorable"
"V-066","B23-SAV-066","wq",2,2.29047619047619,"moderate condition","moderate condition","B23-SAV",-117.6951,33.4561,"small_embayment",372.8,"Dana Point Harbor","patch","11/18/24",5.006,4.6308,"open","U","U","","",NA,"scorable"
"V-066","B23-SAV-066","nekton.habitat",2.5,2.29047619047619,"moderate condition","moderate condition","B23-SAV",-117.6951,33.4561,"small_embayment",372.8,"Dana Point Harbor","patch","11/18/24",5.006,4.6308,"open","U","U","","",NA,"scorable"
"V-066","B23-SAV-066","waterfowl.habitat",3,2.29047619047619,"good condition","moderate condition","B23-SAV",-117.6951,33.4561,"small_embayment",372.8,"Dana Point Harbor","patch","11/18/24",5.006,4.6308,"open","U","U","","",NA,"scorable"
"V-092","B23-SAV-092","carbon.sequestration",2.5,2.8047619047619,"moderate condition","good condition","B23-SAV",-117.2128,32.7807,"large_embayment",4194.4,"Mission Bay",NA,"11/18/24",1.989,2.6806,"open","U","U","","Zostera pacifica",NA,"not scorable"
"V-092","B23-SAV-092","secondary.production",2.8,2.8047619047619,"good condition","good condition","B23-SAV",-117.2128,32.7807,"large_embayment",4194.4,"Mission Bay",NA,"11/18/24",1.989,2.6806,"open","U","U","","Zostera pacifica",NA,"not scorable"
"V-092","B23-SAV-092","nekton.habitat",3,2.8047619047619,"good condition","good condition","B23-SAV",-117.2128,32.7807,"large_embayment",4194.4,"Mission Bay",NA,"11/18/24",1.989,2.6806,"open","U","U","","Zostera pacifica",NA,"not scorable"
"V-901","B23-SAV-901","substrate.stabilization",1.5,1.49761904761905,"lowest observed condition","lowest observed condition","B23-SAV",-118.1156,33.7634,"small_embayment",372.8,"Alamitos Bay","bed","12/2/24",2.219,1.056,"open","U","U","","Zostera pacifica","targeted","not scorable"
"V-901","B23-SAV-901","carbon.sequestration",1,1.49761904761905,"lowest observed condition","lowest observed condition","B23-SAV",-118.1156,33.7634,"small_embayment",372.8,"Alamitos Bay","bed","12/2/24",2.219,1.056,"open","U","U","","Zostera pacifica","targeted","not scorable"
"V-901","B23-SAV-901","primary.production",1.33333333333333,1.49761904761905,"lowest observed condition","lowest observed condition","B23-SAV",-118.1156,33.7634,"small_embayment",372.8,"Alamitos Bay","bed","12/2/24",2.219,1.056,"open","U","U","","Zostera pacifica","targeted","not scorable"
"V-901","B23-SAV-901","secondary.production",1.4,1.49761904761905,"lowest observed condition","lowest observed condition","B23-SAV",-118.1156,33.7634,"small_embayment",372.8,"Alamitos Bay","bed","12/2/24",2.219,1.056,"open","U","U","","Zostera pacifica","targeted","not scorable"
"V-901","B23-SAV-901","wq",1.75,1.49761904761905,"lowest observed condition","lowest observed condition","B23-SAV",-118.1156,33.7634,"small_embayment",372.8,"Alamitos Bay","bed","12/2/24",2.219,1.056,"open","U","U","","Zostera pacifica","targeted","not scorable"
"V-901","B23-SAV-901","nekton.habitat",2,1.49761904761905,"moderate condition","lowest observed condition","B23-SAV",-118.1156,33.7634,"small_embayment",372.8,"Alamitos Bay","bed","12/2/24",2.219,1.056,"open","U","U","","Zostera pacifica","targeted","not scorable"
"V-901","B23-SAV-901","waterfowl.habitat",1.5,1.49761904761905,"lowest observed condition","lowest observed condition","B23-SAV",-118.1156,33.7634,"small_embayment",372.8,"Alamitos Bay","bed","12/2/24",2.219,1.056,"open","U","U","","Zostera pacifica","targeted","not scorable"
"V-902","B23-SAV-902","substrate.stabilization",1.5,1.94047619047619,"lowest observed condition","moderate condition","B23-SAV",-118.1184,33.7473,"small_embayment",372.8,"Alamitos Bay",NA,"12/2/24",2.444,3.1525,"open","U","U","","Zostera pacifica","targeted","not scorable"
"V-902","B23-SAV-902","carbon.sequestration",2,1.94047619047619,"moderate condition","moderate condition","B23-SAV",-118.1184,33.7473,"small_embayment",372.8,"Alamitos Bay",NA,"12/2/24",2.444,3.1525,"open","U","U","","Zostera pacifica","targeted","not scorable"
"V-902","B23-SAV-902","primary.production",1.83333333333333,1.94047619047619,"moderate condition","moderate condition","B23-SAV",-118.1184,33.7473,"small_embayment",372.8,"Alamitos Bay",NA,"12/2/24",2.444,3.1525,"open","U","U","","Zostera pacifica","targeted","not scorable"
"V-902","B23-SAV-902","secondary.production",2,1.94047619047619,"moderate condition","moderate condition","B23-SAV",-118.1184,33.7473,"small_embayment",372.8,"Alamitos Bay",NA,"12/2/24",2.444,3.1525,"open","U","U","","Zostera pacifica","targeted","not scorable"
"V-902","B23-SAV-902","wq",2.5,1.94047619047619,"moderate condition","moderate condition","B23-SAV",-118.1184,33.7473,"small_embayment",372.8,"Alamitos Bay",NA,"12/2/24",2.444,3.1525,"open","U","U","","Zostera pacifica","targeted","not scorable"
"V-902","B23-SAV-902","nekton.habitat",2.25,1.94047619047619,"moderate condition","moderate condition","B23-SAV",-118.1184,33.7473,"small_embayment",372.8,"Alamitos Bay",NA,"12/2/24",2.444,3.1525,"open","U","U","","Zostera pacifica","targeted","not scorable"
"V-902","B23-SAV-902","waterfowl.habitat",1.5,1.94047619047619,"lowest observed condition","moderate condition","B23-SAV",-118.1184,33.7473,"small_embayment",372.8,"Alamitos Bay",NA,"12/2/24",2.444,3.1525,"open","U","U","","Zostera pacifica","targeted","not scorable"
"V-903","B23-SAV-903","substrate.stabilization",1.25,1.15952380952381,"lowest observed condition","lowest observed condition","B23-SAV",-118.1298,33.7679,"small_embayment",372.8,"Alamitos Bay","patch","12/2/24",1.809,2.3897,"open","U","U","","Zostera pacifica","targeted","not scorable"
"V-903","B23-SAV-903","carbon.sequestration",1.5,1.15952380952381,"lowest observed condition","lowest observed condition","B23-SAV",-118.1298,33.7679,"small_embayment",372.8,"Alamitos Bay","patch","12/2/24",1.809,2.3897,"open","U","U","","Zostera pacifica","targeted","not scorable"
"V-903","B23-SAV-903","primary.production",1.16666666666667,1.15952380952381,"lowest observed condition","lowest observed condition","B23-SAV",-118.1298,33.7679,"small_embayment",372.8,"Alamitos Bay","patch","12/2/24",1.809,2.3897,"open","U","U","","Zostera pacifica","targeted","not scorable"
"V-903","B23-SAV-903","secondary.production",1.2,1.15952380952381,"lowest observed condition","lowest observed condition","B23-SAV",-118.1298,33.7679,"small_embayment",372.8,"Alamitos Bay","patch","12/2/24",1.809,2.3897,"open","U","U","","Zostera pacifica","targeted","not scorable"
"V-903","B23-SAV-903","wq",1,1.15952380952381,"lowest observed condition","lowest observed condition","B23-SAV",-118.1298,33.7679,"small_embayment",372.8,"Alamitos Bay","patch","12/2/24",1.809,2.3897,"open","U","U","","Zostera pacifica","targeted","not scorable"
"V-903","B23-SAV-903","nekton.habitat",1,1.15952380952381,"lowest observed condition","lowest observed condition","B23-SAV",-118.1298,33.7679,"small_embayment",372.8,"Alamitos Bay","patch","12/2/24",1.809,2.3897,"open","U","U","","Zostera pacifica","targeted","not scorable"
"V-903","B23-SAV-903","waterfowl.habitat",1,1.15952380952381,"lowest observed condition","lowest observed condition","B23-SAV",-118.1298,33.7679,"small_embayment",372.8,"Alamitos Bay","patch","12/2/24",1.809,2.3897,"open","U","U","","Zostera pacifica","targeted","not scorable"
"V-904","B23-SAV-904","substrate.stabilization",2.25,2.56190476190476,"moderate condition","good condition","B23-SAV",-118.0721,33.7243,"small_embayment",372.8,"Alamitos Bay","patch","12/2/24",4.718,0.8014,"open","U","U","","Zostera pacifica","targeted","not scorable"
"V-904","B23-SAV-904","carbon.sequestration",3,2.56190476190476,"good condition","good condition","B23-SAV",-118.0721,33.7243,"small_embayment",372.8,"Alamitos Bay","patch","12/2/24",4.718,0.8014,"open","U","U","","Zostera pacifica","targeted","not scorable"
"V-904","B23-SAV-904","primary.production",2.33333333333333,2.56190476190476,"moderate condition","good condition","B23-SAV",-118.0721,33.7243,"small_embayment",372.8,"Alamitos Bay","patch","12/2/24",4.718,0.8014,"open","U","U","","Zostera pacifica","targeted","not scorable"
"V-904","B23-SAV-904","secondary.production",2.6,2.56190476190476,"good condition","good condition","B23-SAV",-118.0721,33.7243,"small_embayment",372.8,"Alamitos Bay","patch","12/2/24",4.718,0.8014,"open","U","U","","Zostera pacifica","targeted","not scorable"
"V-904","B23-SAV-904","wq",3,2.56190476190476,"good condition","good condition","B23-SAV",-118.0721,33.7243,"small_embayment",372.8,"Alamitos Bay","patch","12/2/24",4.718,0.8014,"open","U","U","","Zostera pacifica","targeted","not scorable"
"V-904","B23-SAV-904","nekton.habitat",2.75,2.56190476190476,"good condition","good condition","B23-SAV",-118.0721,33.7243,"small_embayment",372.8,"Alamitos Bay","patch","12/2/24",4.718,0.8014,"open","U","U","","Zostera pacifica","targeted","not scorable"
"V-904","B23-SAV-904","waterfowl.habitat",2,2.56190476190476,"moderate condition","good condition","B23-SAV",-118.0721,33.7243,"small_embayment",372.8,"Alamitos Bay","patch","12/2/24",4.718,0.8014,"open","U","U","","Zostera pacifica","targeted","not scorable"
"V-905","B23-SAV-905","substrate.stabilization",3,3.07619047619048,"good condition","good condition","B23-SAV",-117.2227,32.6731,"large_embayment",4194.4,"San Diego Bay (Zuniga Jetty)","bed","11/25/24",6.152,0.7544,"open","U","U","","Zostera pacifica","targeted","not scorable"
"V-905","B23-SAV-905","carbon.sequestration",3.5,3.07619047619048,"best observed condition","good condition","B23-SAV",-117.2227,32.6731,"large_embayment",4194.4,"San Diego Bay (Zuniga Jetty)","bed","11/25/24",6.152,0.7544,"open","U","U","","Zostera pacifica","targeted","not scorable"
"V-905","B23-SAV-905","primary.production",2.83333333333333,3.07619047619048,"good condition","good condition","B23-SAV",-117.2227,32.6731,"large_embayment",4194.4,"San Diego Bay (Zuniga Jetty)","bed","11/25/24",6.152,0.7544,"open","U","U","","Zostera pacifica","targeted","not scorable"
"V-905","B23-SAV-905","secondary.production",3.2,3.07619047619048,"good condition","good condition","B23-SAV",-117.2227,32.6731,"large_embayment",4194.4,"San Diego Bay (Zuniga Jetty)","bed","11/25/24",6.152,0.7544,"open","U","U","","Zostera pacifica","targeted","not scorable"
"V-905","B23-SAV-905","wq",3.25,3.07619047619048,"good condition","good condition","B23-SAV",-117.2227,32.6731,"large_embayment",4194.4,"San Diego Bay (Zuniga Jetty)","bed","11/25/24",6.152,0.7544,"open","U","U","","Zostera pacifica","targeted","not scorable"
"V-905","B23-SAV-905","nekton.habitat",3.25,3.07619047619048,"good condition","good condition","B23-SAV",-117.2227,32.6731,"large_embayment",4194.4,"San Diego Bay (Zuniga Jetty)","bed","11/25/24",6.152,0.7544,"open","U","U","","Zostera pacifica","targeted","not scorable"
"V-905","B23-SAV-905","waterfowl.habitat",2.5,3.07619047619048,"moderate condition","good condition","B23-SAV",-117.2227,32.6731,"large_embayment",4194.4,"San Diego Bay (Zuniga Jetty)","bed","11/25/24",6.152,0.7544,"open","U","U","","Zostera pacifica","targeted","not scorable"
"V-906","B23-SAV-906","substrate.stabilization",3.5,3.46666666666667,"best observed condition","best observed condition","B23-SAV",-117.2453,32.758,"large_embayment",4194.4,"Mission Bay","patch","11/25/24",2.136,0.78,"open","U","U","","Zostera pacifica","targeted","not scorable"
"V-906","B23-SAV-906","carbon.sequestration",3.5,3.46666666666667,"best observed condition","best observed condition","B23-SAV",-117.2453,32.758,"large_embayment",4194.4,"Mission Bay","patch","11/25/24",2.136,0.78,"open","U","U","","Zostera pacifica","targeted","not scorable"
"V-906","B23-SAV-906","primary.production",3.16666666666667,3.46666666666667,"good condition","best observed condition","B23-SAV",-117.2453,32.758,"large_embayment",4194.4,"Mission Bay","patch","11/25/24",2.136,0.78,"open","U","U","","Zostera pacifica","targeted","not scorable"
"V-906","B23-SAV-906","secondary.production",3.6,3.46666666666667,"best observed condition","best observed condition","B23-SAV",-117.2453,32.758,"large_embayment",4194.4,"Mission Bay","patch","11/25/24",2.136,0.78,"open","U","U","","Zostera pacifica","targeted","not scorable"
"V-906","B23-SAV-906","wq",3.5,3.46666666666667,"best observed condition","best observed condition","B23-SAV",-117.2453,32.758,"large_embayment",4194.4,"Mission Bay","patch","11/25/24",2.136,0.78,"open","U","U","","Zostera pacifica","targeted","not scorable"
"V-906","B23-SAV-906","nekton.habitat",3.5,3.46666666666667,"best observed condition","best observed condition","B23-SAV",-117.2453,32.758,"large_embayment",4194.4,"Mission Bay","patch","11/25/24",2.136,0.78,"open","U","U","","Zostera pacifica","targeted","not scorable"
"V-906","B23-SAV-906","waterfowl.habitat",3.5,3.46666666666667,"best observed condition","best observed condition","B23-SAV",-117.2453,32.758,"large_embayment",4194.4,"Mission Bay","patch","11/25/24",2.136,0.78,"open","U","U","","Zostera pacifica","targeted","not scorable"
"V-907","B23-SAV-907","substrate.stabilization",1,1.14285714285714,"lowest observed condition","lowest observed condition","B23-SAV",-117.2747,33.0129,"estuary",856.2,"San Elijo Lagoon","patch","12/4/24",1.414,2.4418,"open","U","No Take","","Zostera marina","targeted","scorable"
"V-907","B23-SAV-907","carbon.sequestration",1,1.14285714285714,"lowest observed condition","lowest observed condition","B23-SAV",-117.2747,33.0129,"estuary",856.2,"San Elijo Lagoon","patch","12/4/24",1.414,2.4418,"open","U","No Take","","Zostera marina","targeted","scorable"
"V-907","B23-SAV-907","primary.production",1.5,1.14285714285714,"lowest observed condition","lowest observed condition","B23-SAV",-117.2747,33.0129,"estuary",856.2,"San Elijo Lagoon","patch","12/4/24",1.414,2.4418,"open","U","No Take","","Zostera marina","targeted","scorable"
"V-907","B23-SAV-907","secondary.production",1.5,1.14285714285714,"lowest observed condition","lowest observed condition","B23-SAV",-117.2747,33.0129,"estuary",856.2,"San Elijo Lagoon","patch","12/4/24",1.414,2.4418,"open","U","No Take","","Zostera marina","targeted","scorable"
"V-907","B23-SAV-907","wq",1,1.14285714285714,"lowest observed condition","lowest observed condition","B23-SAV",-117.2747,33.0129,"estuary",856.2,"San Elijo Lagoon","patch","12/4/24",1.414,2.4418,"open","U","No Take","","Zostera marina","targeted","scorable"
"V-907","B23-SAV-907","nekton.habitat",1,1.14285714285714,"lowest observed condition","lowest observed condition","B23-SAV",-117.2747,33.0129,"estuary",856.2,"San Elijo Lagoon","patch","12/4/24",1.414,2.4418,"open","U","No Take","","Zostera marina","targeted","scorable"
"V-907","B23-SAV-907","waterfowl.habitat",1,1.14285714285714,"lowest observed condition","lowest observed condition","B23-SAV",-117.2747,33.0129,"estuary",856.2,"San Elijo Lagoon","patch","12/4/24",1.414,2.4418,"open","U","No Take","","Zostera marina","targeted","scorable"
"V-908","B23-SAV-908","substrate.stabilization",2.75,2.82857142857143,"good condition","good condition","B23-SAV",-117.2373,32.7771,"large_embayment",4194.4,"Mission Bay","meadow","11/25/24",1.49,0.1449,"open","U","U","","Zostera marina","targeted","scorable"
"V-908","B23-SAV-908","carbon.sequestration",3.5,2.82857142857143,"best observed condition","good condition","B23-SAV",-117.2373,32.7771,"large_embayment",4194.4,"Mission Bay","meadow","11/25/24",1.49,0.1449,"open","U","U","","Zostera marina","targeted","scorable"
"V-908","B23-SAV-908","primary.production",2.5,2.82857142857143,"moderate condition","good condition","B23-SAV",-117.2373,32.7771,"large_embayment",4194.4,"Mission Bay","meadow","11/25/24",1.49,0.1449,"open","U","U","","Zostera marina","targeted","scorable"
"V-908","B23-SAV-908","secondary.production",2.8,2.82857142857143,"good condition","good condition","B23-SAV",-117.2373,32.7771,"large_embayment",4194.4,"Mission Bay","meadow","11/25/24",1.49,0.1449,"open","U","U","","Zostera marina","targeted","scorable"
"V-908","B23-SAV-908","wq",3,2.82857142857143,"good condition","good condition","B23-SAV",-117.2373,32.7771,"large_embayment",4194.4,"Mission Bay","meadow","11/25/24",1.49,0.1449,"open","U","U","","Zostera marina","targeted","scorable"
"V-908","B23-SAV-908","nekton.habitat",2.75,2.82857142857143,"good condition","good condition","B23-SAV",-117.2373,32.7771,"large_embayment",4194.4,"Mission Bay","meadow","11/25/24",1.49,0.1449,"open","U","U","","Zostera marina","targeted","scorable"
"V-908","B23-SAV-908","waterfowl.habitat",2.5,2.82857142857143,"moderate condition","good condition","B23-SAV",-117.2373,32.7771,"large_embayment",4194.4,"Mission Bay","meadow","11/25/24",1.49,0.1449,"open","U","U","","Zostera marina","targeted","scorable"
"V-909","B23-SAV-909","substrate.stabilization",2.25,2.10714285714286,"moderate condition","moderate condition","B23-SAV",-118.3963,33.8421,"small_embayment",372.8,"King Harbor","patch","11/25/24",10.409,0.48,"open","U","U","","Zostera pacifica","targeted","not scorable"
"V-909","B23-SAV-909","carbon.sequestration",2,2.10714285714286,"moderate condition","moderate condition","B23-SAV",-118.3963,33.8421,"small_embayment",372.8,"King Harbor","patch","11/25/24",10.409,0.48,"open","U","U","","Zostera pacifica","targeted","not scorable"
"V-909","B23-SAV-909","primary.production",2,2.10714285714286,"moderate condition","moderate condition","B23-SAV",-118.3963,33.8421,"small_embayment",372.8,"King Harbor","patch","11/25/24",10.409,0.48,"open","U","U","","Zostera pacifica","targeted","not scorable"
"V-909","B23-SAV-909","secondary.production",2,2.10714285714286,"moderate condition","moderate condition","B23-SAV",-118.3963,33.8421,"small_embayment",372.8,"King Harbor","patch","11/25/24",10.409,0.48,"open","U","U","","Zostera pacifica","targeted","not scorable"
"V-909","B23-SAV-909","wq",2.25,2.10714285714286,"moderate condition","moderate condition","B23-SAV",-118.3963,33.8421,"small_embayment",372.8,"King Harbor","patch","11/25/24",10.409,0.48,"open","U","U","","Zostera pacifica","targeted","not scorable"
"V-909","B23-SAV-909","nekton.habitat",2.25,2.10714285714286,"moderate condition","moderate condition","B23-SAV",-118.3963,33.8421,"small_embayment",372.8,"King Harbor","patch","11/25/24",10.409,0.48,"open","U","U","","Zostera pacifica","targeted","not scorable"
"V-909","B23-SAV-909","waterfowl.habitat",2,2.10714285714286,"moderate condition","moderate condition","B23-SAV",-118.3963,33.8421,"small_embayment",372.8,"King Harbor","patch","11/25/24",10.409,0.48,"open","U","U","","Zostera pacifica","targeted","not scorable"
"V-910","B23-SAV-910","substrate.stabilization",3,2.86190476190476,"good condition","good condition","B23-SAV",-117.4031,33.2105,"small_embayment",372.8,"Oceanside Harbor","patch","11/26/24",4.768,9.5694,"open","U","U","natural","Zostera marina","targeted","scorable"
"V-910","B23-SAV-910","carbon.sequestration",3.5,2.86190476190476,"best observed condition","good condition","B23-SAV",-117.4031,33.2105,"small_embayment",372.8,"Oceanside Harbor","patch","11/26/24",4.768,9.5694,"open","U","U","natural","Zostera marina","targeted","scorable"
"V-910","B23-SAV-910","primary.production",2.83333333333333,2.86190476190476,"good condition","good condition","B23-SAV",-117.4031,33.2105,"small_embayment",372.8,"Oceanside Harbor","patch","11/26/24",4.768,9.5694,"open","U","U","natural","Zostera marina","targeted","scorable"
"V-910","B23-SAV-910","secondary.production",3.2,2.86190476190476,"good condition","good condition","B23-SAV",-117.4031,33.2105,"small_embayment",372.8,"Oceanside Harbor","patch","11/26/24",4.768,9.5694,"open","U","U","natural","Zostera marina","targeted","scorable"
"V-910","B23-SAV-910","wq",2.5,2.86190476190476,"moderate condition","good condition","B23-SAV",-117.4031,33.2105,"small_embayment",372.8,"Oceanside Harbor","patch","11/26/24",4.768,9.5694,"open","U","U","natural","Zostera marina","targeted","scorable"
"V-910","B23-SAV-910","nekton.habitat",2.5,2.86190476190476,"moderate condition","good condition","B23-SAV",-117.4031,33.2105,"small_embayment",372.8,"Oceanside Harbor","patch","11/26/24",4.768,9.5694,"open","U","U","natural","Zostera marina","targeted","scorable"
"V-910","B23-SAV-910","waterfowl.habitat",2.5,2.86190476190476,"moderate condition","good condition","B23-SAV",-117.4031,33.2105,"small_embayment",372.8,"Oceanside Harbor","patch","11/26/24",4.768,9.5694,"open","U","U","natural","Zostera marina","targeted","scorable"
"V-991","B23-SAV-991","substrate.stabilization",2.5,2.55,"moderate condition","good condition","B23-SAV",-117.2655,32.854,NA,NA,"La Jolla Cove","patch","11/26/24",8.62,5.65,"unknown","P","No Take","","Zostera pacifica","targeted","not scorable"
"V-991","B23-SAV-991","carbon.sequestration",3,2.55,"good condition","good condition","B23-SAV",-117.2655,32.854,NA,NA,"La Jolla Cove","patch","11/26/24",8.62,5.65,"unknown","P","No Take","","Zostera pacifica","targeted","not scorable"
"V-991","B23-SAV-991","primary.production",2.5,2.55,"moderate condition","good condition","B23-SAV",-117.2655,32.854,NA,NA,"La Jolla Cove","patch","11/26/24",8.62,5.65,"unknown","P","No Take","","Zostera pacifica","targeted","not scorable"
"V-991","B23-SAV-991","secondary.production",2.6,2.55,"good condition","good condition","B23-SAV",-117.2655,32.854,NA,NA,"La Jolla Cove","patch","11/26/24",8.62,5.65,"unknown","P","No Take","","Zostera pacifica","targeted","not scorable"
"V-991","B23-SAV-991","wq",2.75,2.55,"good condition","good condition","B23-SAV",-117.2655,32.854,NA,NA,"La Jolla Cove","patch","11/26/24",8.62,5.65,"unknown","P","No Take","","Zostera pacifica","targeted","not scorable"
"V-991","B23-SAV-991","nekton.habitat",2.5,2.55,"moderate condition","good condition","B23-SAV",-117.2655,32.854,NA,NA,"La Jolla Cove","patch","11/26/24",8.62,5.65,"unknown","P","No Take","","Zostera pacifica","targeted","not scorable"
"V-991","B23-SAV-991","waterfowl.habitat",2,2.55,"moderate condition","good condition","B23-SAV",-117.2655,32.854,NA,NA,"La Jolla Cove","patch","11/26/24",8.62,5.65,"unknown","P","No Take","","Zostera pacifica","targeted","not scorable"
