,site_id,mean_result.shootheight,shootheight_score,mean_result.shootdensity,shootdensity_score,mean_result.percentcover,percentcover_score,mean_result.percentmacroalgae,percentmacroalgae_score,mean_result.floweringshoot,floweringshoot_score,mean_result.shootcount,shootcount_score,mean_result.shootwidth,shootwidth_score,mean_result.leafarea,leafarea_score,mean_result.epiphyteAFDM,epiphyteAFDM_score,mean_result.AG_AFDM,AG_AFDM_score,mean_result.BG_AFDM,BG_AFDM_score,project_id,waterbody,distance_to_inlet,inlet_status,site_protection,site_protection_granular,conservation_area,natural_or_restored,species,central_depth_mhw,nominal_lat,nominal_lon,bed_type,stratum,sample_n,sample_date,bed_perimeter,field_org,collection_method,wasting_disease,selection
1,B23-SAV-901,37.13376623,2,19.76923077,1,39.23076923,3,6.153846154,2,0,1,2.4,1,3.416666667,4,6.23025641,2,9.52,2,194.902,1,183.462,1,B23-SAV,Alamitos Bay,1.056,open,U,U,U,,Zostera pacifica,2.219,33.7634,-118.1156,bed,small_embayment,13,12/2/24,60,Merkel,cross-3parallel,NA,targeted
2,B23-SAV-901,37.13376623,2,19.76923077,1,39.23076923,3,6.153846154,2,0,1,2.4,1,3.416666667,4,6.23025641,2,9.52,2,194.902,1,183.462,1,B23-SAV,Alamitos Bay,1.056,open,U,U,U,,Zostera pacifica,2.219,33.7634,-118.1156,bed,small_embayment,13,12/2/24,60,Merkel,cross-3parallel,NA,targeted
3,B23-SAV-901,37.13376623,2,19.76923077,1,39.23076923,3,6.153846154,2,0,1,2.4,1,3.416666667,4,6.23025641,2,9.52,2,194.902,1,183.462,1,B23-SAV,Alamitos Bay,1.056,open,U,U,U,,Zostera pacifica,2.219,33.7634,-118.1156,bed,small_embayment,13,12/2/24,60,Merkel,cross-3parallel,NA,targeted
4,B23-SAV-901,37.13376623,2,19.76923077,1,39.23076923,3,6.153846154,2,0,1,2.4,1,3.416666667,4,6.23025641,2,9.52,2,194.902,1,183.462,1,B23-SAV,Alamitos Bay,1.056,open,U,U,U,,Zostera pacifica,2.219,33.7634,-118.1156,bed,small_embayment,13,12/2/24,60,Merkel,cross-3parallel,NA,targeted
5,B23-SAV-901,37.13376623,2,19.76923077,1,39.23076923,3,6.153846154,2,0,1,2.4,1,3.416666667,4,6.23025641,2,9.52,2,194.902,1,183.462,1,B23-SAV,Alamitos Bay,1.056,open,U,U,U,,Zostera pacifica,2.219,33.7634,-118.1156,bed,small_embayment,13,12/2/24,60,Merkel,cross-3parallel,NA,targeted
6,B23-SAV-901,37.13376623,2,19.76923077,1,39.23076923,3,6.153846154,2,0,1,2.4,1,3.416666667,4,6.23025641,2,9.52,2,194.902,1,183.462,1,B23-SAV,Alamitos Bay,1.056,open,U,U,U,,Zostera pacifica,2.219,33.7634,-118.1156,bed,small_embayment,13,12/2/24,60,Merkel,cross-3parallel,NA,targeted
7,B23-SAV-901,37.13376623,2,19.76923077,1,39.23076923,3,6.153846154,2,0,1,2.4,1,3.416666667,4,6.23025641,2,9.52,2,194.902,1,183.462,1,B23-SAV,Alamitos Bay,1.056,open,U,U,U,,Zostera pacifica,2.219,33.7634,-118.1156,bed,small_embayment,13,12/2/24,60,Merkel,cross-3parallel,NA,targeted
8,B23-SAV-901,37.13376623,2,19.76923077,1,39.23076923,3,6.153846154,2,0,1,2.4,1,3.416666667,4,6.23025641,2,9.52,2,194.902,1,183.462,1,B23-SAV,Alamitos Bay,1.056,open,U,U,U,,Zostera pacifica,2.219,33.7634,-118.1156,bed,small_embayment,13,12/2/24,60,Merkel,cross-3parallel,NA,targeted
9,B23-SAV-901,37.13376623,2,19.76923077,1,39.23076923,3,6.153846154,2,0,1,2.4,1,3.416666667,4,6.23025641,2,9.52,2,194.902,1,183.462,1,B23-SAV,Alamitos Bay,1.056,open,U,U,U,,Zostera pacifica,2.219,33.7634,-118.1156,bed,small_embayment,13,12/2/24,60,Merkel,cross-3parallel,NA,targeted
10,B23-SAV-901,37.13376623,2,19.76923077,1,39.23076923,3,6.153846154,2,0,1,2.4,1,3.416666667,4,6.23025641,2,9.52,2,194.902,1,183.462,1,B23-SAV,Alamitos Bay,1.056,open,U,U,U,,Zostera pacifica,2.219,33.7634,-118.1156,bed,small_embayment,13,12/2/24,60,Merkel,cross-3parallel,NA,targeted
11,B23-SAV-901,37.13376623,2,19.76923077,1,39.23076923,3,6.153846154,2,0,1,2.4,1,3.416666667,4,6.23025641,2,9.52,2,194.902,1,183.462,1,B23-SAV,Alamitos Bay,1.056,open,U,U,U,,Zostera pacifica,2.219,33.7634,-118.1156,bed,small_embayment,13,12/2/24,60,Merkel,cross-3parallel,NA,targeted
12,B23-SAV-901,37.13376623,2,19.76923077,1,39.23076923,3,6.153846154,2,0,1,2.4,1,3.416666667,4,6.23025641,2,9.52,2,194.902,1,183.462,1,B23-SAV,Alamitos Bay,1.056,open,U,U,U,,Zostera pacifica,2.219,33.7634,-118.1156,bed,small_embayment,13,12/2/24,60,Merkel,cross-3parallel,NA,targeted
13,B23-SAV-901,37.13376623,2,19.76923077,1,39.23076923,3,6.153846154,2,0,1,2.4,1,3.416666667,4,6.23025641,2,9.52,2,194.902,1,183.462,1,B23-SAV,Alamitos Bay,1.056,open,U,U,U,,Zostera pacifica,2.219,33.7634,-118.1156,bed,small_embayment,13,12/2/24,60,Merkel,cross-3parallel,NA,targeted
14,B23-SAV-901,37.13376623,2,19.76923077,1,39.23076923,3,6.153846154,2,0,1,2.4,1,3.416666667,4,6.23025641,2,9.52,2,194.902,1,183.462,1,B23-SAV,Alamitos Bay,1.056,open,U,U,U,,Zostera pacifica,2.219,33.7634,-118.1156,bed,small_embayment,13,12/2/24,60,Merkel,cross-3parallel,NA,targeted
15,B23-SAV-901,37.13376623,2,19.76923077,1,39.23076923,3,6.153846154,2,0,1,2.4,1,3.416666667,4,6.23025641,2,9.52,2,194.902,1,183.462,1,B23-SAV,Alamitos Bay,1.056,open,U,U,U,,Zostera pacifica,2.219,33.7634,-118.1156,bed,small_embayment,13,12/2/24,60,Merkel,cross-3parallel,NA,targeted
16,B23-SAV-901,37.13376623,2,19.76923077,1,39.23076923,3,6.153846154,2,0,1,2.4,1,3.416666667,4,6.23025641,2,9.52,2,194.902,1,183.462,1,B23-SAV,Alamitos Bay,1.056,open,U,U,U,,Zostera pacifica,2.219,33.7634,-118.1156,bed,small_embayment,13,12/2/24,60,Merkel,cross-3parallel,NA,targeted
17,B23-SAV-901,37.13376623,2,19.76923077,1,39.23076923,3,6.153846154,2,0,1,2.4,1,3.416666667,4,6.23025641,2,9.52,2,194.902,1,183.462,1,B23-SAV,Alamitos Bay,1.056,open,U,U,U,,Zostera pacifica,2.219,33.7634,-118.1156,bed,small_embayment,13,12/2/24,60,Merkel,cross-3parallel,NA,targeted
18,B23-SAV-901,37.13376623,2,19.76923077,1,39.23076923,3,6.153846154,2,0,1,2.4,1,3.416666667,4,6.23025641,2,9.52,2,194.902,1,183.462,1,B23-SAV,Alamitos Bay,1.056,open,U,U,U,,Zostera pacifica,2.219,33.7634,-118.1156,bed,small_embayment,13,12/2/24,60,Merkel,cross-3parallel,NA,targeted
19,B23-SAV-901,37.13376623,2,19.76923077,1,39.23076923,3,6.153846154,2,0,1,2.4,1,3.416666667,4,6.23025641,2,9.52,2,194.902,1,183.462,1,B23-SAV,Alamitos Bay,1.056,open,U,U,U,,Zostera pacifica,2.219,33.7634,-118.1156,bed,small_embayment,13,12/2/24,60,Merkel,cross-3parallel,NA,targeted
20,B23-SAV-901,37.13376623,2,19.76923077,1,39.23076923,3,6.153846154,2,0,1,2.4,1,3.416666667,4,6.23025641,2,9.52,2,194.902,1,183.462,1,B23-SAV,Alamitos Bay,1.056,open,U,U,U,,Zostera pacifica,2.219,33.7634,-118.1156,bed,small_embayment,13,12/2/24,60,Merkel,cross-3parallel,NA,targeted
21,B23-SAV-901,37.13376623,2,19.76923077,1,39.23076923,3,6.153846154,2,0,1,2.4,1,3.416666667,4,6.23025641,2,9.52,2,194.902,1,183.462,1,B23-SAV,Alamitos Bay,1.056,open,U,U,U,,Zostera pacifica,2.219,33.7634,-118.1156,bed,small_embayment,13,12/2/24,60,Merkel,cross-3parallel,NA,targeted
22,B23-SAV-901,37.13376623,2,19.76923077,1,39.23076923,3,6.153846154,2,0,1,2.4,1,3.416666667,4,6.23025641,2,9.52,2,194.902,1,183.462,1,B23-SAV,Alamitos Bay,1.056,open,U,U,U,,Zostera pacifica,2.219,33.7634,-118.1156,bed,small_embayment,13,12/2/24,60,Merkel,cross-3parallel,NA,targeted
23,B23-SAV-901,37.13376623,2,19.76923077,1,39.23076923,3,6.153846154,2,0,1,2.4,1,3.416666667,4,6.23025641,2,9.52,2,194.902,1,183.462,1,B23-SAV,Alamitos Bay,1.056,open,U,U,U,,Zostera pacifica,2.219,33.7634,-118.1156,bed,small_embayment,13,12/2/24,60,Merkel,cross-3parallel,NA,targeted
24,B23-SAV-901,37.13376623,2,19.76923077,1,39.23076923,3,6.153846154,2,0,1,2.4,1,3.416666667,4,6.23025641,2,9.52,2,194.902,1,183.462,1,B23-SAV,Alamitos Bay,1.056,open,U,U,U,,Zostera pacifica,2.219,33.7634,-118.1156,bed,small_embayment,13,12/2/24,60,Merkel,cross-3parallel,NA,targeted
25,B23-SAV-901,37.13376623,2,19.76923077,1,39.23076923,3,6.153846154,2,0,1,2.4,1,3.416666667,4,6.23025641,2,9.52,2,194.902,1,183.462,1,B23-SAV,Alamitos Bay,1.056,open,U,U,U,,Zostera pacifica,2.219,33.7634,-118.1156,bed,small_embayment,13,12/2/24,60,Merkel,cross-3parallel,NA,targeted
26,B23-SAV-901,37.13376623,2,19.76923077,1,39.23076923,3,6.153846154,2,0,1,2.4,1,3.416666667,4,6.23025641,2,9.52,2,194.902,1,183.462,1,B23-SAV,Alamitos Bay,1.056,open,U,U,U,,Zostera pacifica,2.219,33.7634,-118.1156,bed,small_embayment,13,12/2/24,60,Merkel,cross-3parallel,NA,targeted
27,B23-SAV-901,37.13376623,2,19.76923077,1,39.23076923,3,6.153846154,2,0,1,2.4,1,3.416666667,4,6.23025641,2,9.52,2,194.902,1,183.462,1,B23-SAV,Alamitos Bay,1.056,open,U,U,U,,Zostera pacifica,2.219,33.7634,-118.1156,bed,small_embayment,13,12/2/24,60,Merkel,cross-3parallel,NA,targeted
28,B23-SAV-901,37.13376623,2,19.76923077,1,39.23076923,3,6.153846154,2,0,1,2.4,1,3.416666667,4,6.23025641,2,9.52,2,194.902,1,183.462,1,B23-SAV,Alamitos Bay,1.056,open,U,U,U,,Zostera pacifica,2.219,33.7634,-118.1156,bed,small_embayment,13,12/2/24,60,Merkel,cross-3parallel,NA,targeted
29,B23-SAV-901,37.13376623,2,19.76923077,1,39.23076923,3,6.153846154,2,0,1,2.4,1,3.416666667,4,6.23025641,2,9.52,2,194.902,1,183.462,1,B23-SAV,Alamitos Bay,1.056,open,U,U,U,,Zostera pacifica,2.219,33.7634,-118.1156,bed,small_embayment,13,12/2/24,60,Merkel,cross-3parallel,NA,targeted
30,B23-SAV-901,37.13376623,2,19.76923077,1,39.23076923,3,6.153846154,2,0,1,2.4,1,3.416666667,4,6.23025641,2,9.52,2,194.902,1,183.462,1,B23-SAV,Alamitos Bay,1.056,open,U,U,U,,Zostera pacifica,2.219,33.7634,-118.1156,bed,small_embayment,13,12/2/24,60,Merkel,cross-3parallel,NA,targeted
31,B23-SAV-901,37.13376623,2,19.76923077,1,39.23076923,3,6.153846154,2,0,1,2.4,1,3.416666667,4,6.23025641,2,9.52,2,194.902,1,183.462,1,B23-SAV,Alamitos Bay,1.056,open,U,U,U,,Zostera pacifica,2.219,33.7634,-118.1156,bed,small_embayment,13,12/2/24,60,Merkel,cross-3parallel,NA,targeted
32,B23-SAV-901,37.13376623,2,19.76923077,1,39.23076923,3,6.153846154,2,0,1,2.4,1,3.416666667,4,6.23025641,2,9.52,2,194.902,1,183.462,1,B23-SAV,Alamitos Bay,1.056,open,U,U,U,,Zostera pacifica,2.219,33.7634,-118.1156,bed,small_embayment,13,12/2/24,60,Merkel,cross-3parallel,NA,targeted
33,B23-SAV-901,37.13376623,2,19.76923077,1,39.23076923,3,6.153846154,2,0,1,2.4,1,3.416666667,4,6.23025641,2,9.52,2,194.902,1,183.462,1,B23-SAV,Alamitos Bay,1.056,open,U,U,U,,Zostera pacifica,2.219,33.7634,-118.1156,bed,small_embayment,13,12/2/24,60,Merkel,cross-3parallel,NA,targeted
34,B23-SAV-901,37.13376623,2,19.76923077,1,39.23076923,3,6.153846154,2,0,1,2.4,1,3.416666667,4,6.23025641,2,9.52,2,194.902,1,183.462,1,B23-SAV,Alamitos Bay,1.056,open,U,U,U,,Zostera pacifica,2.219,33.7634,-118.1156,bed,small_embayment,13,12/2/24,60,Merkel,cross-3parallel,NA,targeted
35,B23-SAV-901,37.13376623,2,19.76923077,1,39.23076923,3,6.153846154,2,0,1,2.4,1,3.416666667,4,6.23025641,2,9.52,2,194.902,1,183.462,1,B23-SAV,Alamitos Bay,1.056,open,U,U,U,,Zostera pacifica,2.219,33.7634,-118.1156,bed,small_embayment,13,12/2/24,60,Merkel,cross-3parallel,NA,targeted
36,B23-SAV-901,37.13376623,2,19.76923077,1,39.23076923,3,6.153846154,2,0,1,2.4,1,3.416666667,4,6.23025641,2,9.52,2,194.902,1,183.462,1,B23-SAV,Alamitos Bay,1.056,open,U,U,U,,Zostera pacifica,2.219,33.7634,-118.1156,bed,small_embayment,13,12/2/24,60,Merkel,cross-3parallel,NA,targeted
37,B23-SAV-901,37.13376623,2,19.76923077,1,39.23076923,3,6.153846154,2,0,1,2.4,1,3.416666667,4,6.23025641,2,9.52,2,194.902,1,183.462,1,B23-SAV,Alamitos Bay,1.056,open,U,U,U,,Zostera pacifica,2.219,33.7634,-118.1156,bed,small_embayment,13,12/2/24,60,Merkel,cross-3parallel,NA,targeted
38,B23-SAV-901,37.13376623,2,19.76923077,1,39.23076923,3,6.153846154,2,0,1,2.4,1,3.416666667,4,6.23025641,2,9.52,2,194.902,1,183.462,1,B23-SAV,Alamitos Bay,1.056,open,U,U,U,,Zostera pacifica,2.219,33.7634,-118.1156,bed,small_embayment,13,12/2/24,60,Merkel,cross-3parallel,NA,targeted
39,B23-SAV-901,37.13376623,2,19.76923077,1,39.23076923,3,6.153846154,2,0,1,2.4,1,3.416666667,4,6.23025641,2,9.52,2,194.902,1,183.462,1,B23-SAV,Alamitos Bay,1.056,open,U,U,U,,Zostera pacifica,2.219,33.7634,-118.1156,bed,small_embayment,13,12/2/24,60,Merkel,cross-3parallel,NA,targeted
40,B23-SAV-901,37.13376623,2,19.76923077,1,39.23076923,3,6.153846154,2,0,1,2.4,1,3.416666667,4,6.23025641,2,9.52,2,194.902,1,183.462,1,B23-SAV,Alamitos Bay,1.056,open,U,U,U,,Zostera pacifica,2.219,33.7634,-118.1156,bed,small_embayment,13,12/2/24,60,Merkel,cross-3parallel,NA,targeted
41,B23-SAV-901,37.13376623,2,19.76923077,1,39.23076923,3,6.153846154,2,0,1,2.4,1,3.416666667,4,6.23025641,2,9.52,2,194.902,1,183.462,1,B23-SAV,Alamitos Bay,1.056,open,U,U,U,,Zostera pacifica,2.219,33.7634,-118.1156,bed,small_embayment,13,12/2/24,60,Merkel,cross-3parallel,NA,targeted
42,B23-SAV-901,37.13376623,2,19.76923077,1,39.23076923,3,6.153846154,2,0,1,2.4,1,3.416666667,4,6.23025641,2,9.52,2,194.902,1,183.462,1,B23-SAV,Alamitos Bay,1.056,open,U,U,U,,Zostera pacifica,2.219,33.7634,-118.1156,bed,small_embayment,13,12/2/24,60,Merkel,cross-3parallel,NA,targeted
43,B23-SAV-901,37.13376623,2,19.76923077,1,39.23076923,3,6.153846154,2,0,1,2.4,1,3.416666667,4,6.23025641,2,9.52,2,194.902,1,183.462,1,B23-SAV,Alamitos Bay,1.056,open,U,U,U,,Zostera pacifica,2.219,33.7634,-118.1156,bed,small_embayment,13,12/2/24,60,Merkel,cross-3parallel,NA,targeted
44,B23-SAV-901,37.13376623,2,19.76923077,1,39.23076923,3,6.153846154,2,0,1,2.4,1,3.416666667,4,6.23025641,2,9.52,2,194.902,1,183.462,1,B23-SAV,Alamitos Bay,1.056,open,U,U,U,,Zostera pacifica,2.219,33.7634,-118.1156,bed,small_embayment,13,12/2/24,60,Merkel,cross-3parallel,NA,targeted
45,B23-SAV-901,37.13376623,2,19.76923077,1,39.23076923,3,6.153846154,2,0,1,2.4,1,3.416666667,4,6.23025641,2,9.52,2,194.902,1,183.462,1,B23-SAV,Alamitos Bay,1.056,open,U,U,U,,Zostera pacifica,2.219,33.7634,-118.1156,bed,small_embayment,13,12/2/24,60,Merkel,cross-3parallel,NA,targeted
46,B23-SAV-901,37.13376623,2,19.76923077,1,39.23076923,3,6.153846154,2,0,1,2.4,1,3.416666667,4,6.23025641,2,9.52,2,194.902,1,183.462,1,B23-SAV,Alamitos Bay,1.056,open,U,U,U,,Zostera pacifica,2.219,33.7634,-118.1156,bed,small_embayment,13,12/2/24,60,Merkel,cross-3parallel,NA,targeted
47,B23-SAV-901,37.13376623,2,19.76923077,1,39.23076923,3,6.153846154,2,0,1,2.4,1,3.416666667,4,6.23025641,2,9.52,2,194.902,1,183.462,1,B23-SAV,Alamitos Bay,1.056,open,U,U,U,,Zostera pacifica,2.219,33.7634,-118.1156,bed,small_embayment,13,12/2/24,60,Merkel,cross-3parallel,NA,targeted
48,B23-SAV-901,37.13376623,2,19.76923077,1,39.23076923,3,6.153846154,2,0,1,2.4,1,3.416666667,4,6.23025641,2,9.52,2,194.902,1,183.462,1,B23-SAV,Alamitos Bay,1.056,open,U,U,U,,Zostera pacifica,2.219,33.7634,-118.1156,bed,small_embayment,13,12/2/24,60,Merkel,cross-3parallel,NA,targeted
49,B23-SAV-901,37.13376623,2,19.76923077,1,39.23076923,3,6.153846154,2,0,1,2.4,1,3.416666667,4,6.23025641,2,9.52,2,194.902,1,183.462,1,B23-SAV,Alamitos Bay,1.056,open,U,U,U,,Zostera pacifica,2.219,33.7634,-118.1156,bed,small_embayment,13,12/2/24,60,Merkel,cross-3parallel,NA,targeted
50,B23-SAV-901,37.13376623,2,19.76923077,1,39.23076923,3,6.153846154,2,0,1,2.4,1,3.416666667,4,6.23025641,2,9.52,2,194.902,1,183.462,1,B23-SAV,Alamitos Bay,1.056,open,U,U,U,,Zostera pacifica,2.219,33.7634,-118.1156,bed,small_embayment,13,12/2/24,60,Merkel,cross-3parallel,NA,targeted
51,B23-SAV-901,37.13376623,2,19.76923077,1,39.23076923,3,6.153846154,2,0,1,2.4,1,3.416666667,4,6.23025641,2,9.52,2,194.902,1,183.462,1,B23-SAV,Alamitos Bay,1.056,open,U,U,U,,Zostera pacifica,2.219,33.7634,-118.1156,bed,small_embayment,13,12/2/24,60,Merkel,cross-3parallel,NA,targeted
52,B23-SAV-901,37.13376623,2,19.76923077,1,39.23076923,3,6.153846154,2,0,1,2.4,1,3.416666667,4,6.23025641,2,9.52,2,194.902,1,183.462,1,B23-SAV,Alamitos Bay,1.056,open,U,U,U,,Zostera pacifica,2.219,33.7634,-118.1156,bed,small_embayment,13,12/2/24,60,Merkel,cross-3parallel,NA,targeted
53,B23-SAV-901,37.13376623,2,19.76923077,1,39.23076923,3,6.153846154,2,0,1,2.4,1,3.416666667,4,6.23025641,2,9.52,2,194.902,1,183.462,1,B23-SAV,Alamitos Bay,1.056,open,U,U,U,,Zostera pacifica,2.219,33.7634,-118.1156,bed,small_embayment,13,12/2/24,60,Merkel,cross-3parallel,NA,targeted
54,B23-SAV-901,37.13376623,2,19.76923077,1,39.23076923,3,6.153846154,2,0,1,2.4,1,3.416666667,4,6.23025641,2,9.52,2,194.902,1,183.462,1,B23-SAV,Alamitos Bay,1.056,open,U,U,U,,Zostera pacifica,2.219,33.7634,-118.1156,bed,small_embayment,13,12/2/24,60,Merkel,cross-3parallel,NA,targeted
55,B23-SAV-901,37.13376623,2,19.76923077,1,39.23076923,3,6.153846154,2,0,1,2.4,1,3.416666667,4,6.23025641,2,9.52,2,194.902,1,183.462,1,B23-SAV,Alamitos Bay,1.056,open,U,U,U,,Zostera pacifica,2.219,33.7634,-118.1156,bed,small_embayment,13,12/2/24,60,Merkel,cross-3parallel,NA,targeted
56,B23-SAV-901,37.13376623,2,19.76923077,1,39.23076923,3,6.153846154,2,0,1,2.4,1,3.416666667,4,6.23025641,2,9.52,2,194.902,1,183.462,1,B23-SAV,Alamitos Bay,1.056,open,U,U,U,,Zostera pacifica,2.219,33.7634,-118.1156,bed,small_embayment,13,12/2/24,60,Merkel,cross-3parallel,NA,targeted
57,B23-SAV-901,37.13376623,2,19.76923077,1,39.23076923,3,6.153846154,2,0,1,2.4,1,3.416666667,4,6.23025641,2,9.52,2,194.902,1,183.462,1,B23-SAV,Alamitos Bay,1.056,open,U,U,U,,Zostera pacifica,2.219,33.7634,-118.1156,bed,small_embayment,13,12/2/24,60,Merkel,cross-3parallel,NA,targeted
58,B23-SAV-901,37.13376623,2,19.76923077,1,39.23076923,3,6.153846154,2,0,1,2.4,1,3.416666667,4,6.23025641,2,9.52,2,194.902,1,183.462,1,B23-SAV,Alamitos Bay,1.056,open,U,U,U,,Zostera pacifica,2.219,33.7634,-118.1156,bed,small_embayment,13,12/2/24,60,Merkel,cross-3parallel,NA,targeted
59,B23-SAV-901,37.13376623,2,19.76923077,1,39.23076923,3,6.153846154,2,0,1,2.4,1,3.416666667,4,6.23025641,2,9.52,2,194.902,1,183.462,1,B23-SAV,Alamitos Bay,1.056,open,U,U,U,,Zostera pacifica,2.219,33.7634,-118.1156,bed,small_embayment,13,12/2/24,60,Merkel,cross-3parallel,NA,targeted
60,B23-SAV-901,37.13376623,2,19.76923077,1,39.23076923,3,6.153846154,2,0,1,2.4,1,3.416666667,4,6.23025641,2,9.52,2,194.902,1,183.462,1,B23-SAV,Alamitos Bay,1.056,open,U,U,U,,Zostera pacifica,2.219,33.7634,-118.1156,bed,small_embayment,13,12/2/24,60,Merkel,cross-3parallel,NA,targeted
61,B23-SAV-901,37.13376623,2,19.76923077,1,39.23076923,3,6.153846154,2,0,1,2.4,1,3.416666667,4,6.23025641,2,9.52,2,194.902,1,183.462,1,B23-SAV,Alamitos Bay,1.056,open,U,U,U,,Zostera pacifica,2.219,33.7634,-118.1156,bed,small_embayment,13,12/2/24,60,Merkel,cross-3parallel,NA,targeted
62,B23-SAV-901,37.13376623,2,19.76923077,1,39.23076923,3,6.153846154,2,0,1,2.4,1,3.416666667,4,6.23025641,2,9.52,2,194.902,1,183.462,1,B23-SAV,Alamitos Bay,1.056,open,U,U,U,,Zostera pacifica,2.219,33.7634,-118.1156,bed,small_embayment,13,12/2/24,60,Merkel,cross-3parallel,NA,targeted
63,B23-SAV-901,37.13376623,2,19.76923077,1,39.23076923,3,6.153846154,2,0,1,2.4,1,3.416666667,4,6.23025641,2,9.52,2,194.902,1,183.462,1,B23-SAV,Alamitos Bay,1.056,open,U,U,U,,Zostera pacifica,2.219,33.7634,-118.1156,bed,small_embayment,13,12/2/24,60,Merkel,cross-3parallel,NA,targeted
64,B23-SAV-901,37.13376623,2,19.76923077,1,39.23076923,3,6.153846154,2,0,1,2.4,1,3.416666667,4,6.23025641,2,9.52,2,194.902,1,183.462,1,B23-SAV,Alamitos Bay,1.056,open,U,U,U,,Zostera pacifica,2.219,33.7634,-118.1156,bed,small_embayment,13,12/2/24,60,Merkel,cross-3parallel,NA,targeted
65,B23-SAV-901,37.13376623,2,19.76923077,1,39.23076923,3,6.153846154,2,0,1,2.4,1,3.416666667,4,6.23025641,2,9.52,2,194.902,1,183.462,1,B23-SAV,Alamitos Bay,1.056,open,U,U,U,,Zostera pacifica,2.219,33.7634,-118.1156,bed,small_embayment,13,12/2/24,60,Merkel,cross-3parallel,NA,targeted
66,B23-SAV-901,37.13376623,2,19.76923077,1,39.23076923,3,6.153846154,2,0,1,2.4,1,3.416666667,4,6.23025641,2,9.52,2,194.902,1,183.462,1,B23-SAV,Alamitos Bay,1.056,open,U,U,U,,Zostera pacifica,2.219,33.7634,-118.1156,bed,small_embayment,13,12/2/24,60,Merkel,cross-3parallel,NA,targeted
67,B23-SAV-901,37.13376623,2,19.76923077,1,39.23076923,3,6.153846154,2,0,1,2.4,1,3.416666667,4,6.23025641,2,9.52,2,194.902,1,183.462,1,B23-SAV,Alamitos Bay,1.056,open,U,U,U,,Zostera pacifica,2.219,33.7634,-118.1156,bed,small_embayment,13,12/2/24,60,Merkel,cross-3parallel,NA,targeted
68,B23-SAV-901,37.13376623,2,19.76923077,1,39.23076923,3,6.153846154,2,0,1,2.4,1,3.416666667,4,6.23025641,2,9.52,2,194.902,1,183.462,1,B23-SAV,Alamitos Bay,1.056,open,U,U,U,,Zostera pacifica,2.219,33.7634,-118.1156,bed,small_embayment,13,12/2/24,60,Merkel,cross-3parallel,NA,targeted
69,B23-SAV-901,37.13376623,2,19.76923077,1,39.23076923,3,6.153846154,2,0,1,2.4,1,3.416666667,4,6.23025641,2,9.52,2,194.902,1,183.462,1,B23-SAV,Alamitos Bay,1.056,open,U,U,U,,Zostera pacifica,2.219,33.7634,-118.1156,bed,small_embayment,13,12/2/24,60,Merkel,cross-3parallel,NA,targeted
70,B23-SAV-901,37.13376623,2,19.76923077,1,39.23076923,3,6.153846154,2,0,1,2.4,1,3.416666667,4,6.23025641,2,9.52,2,194.902,1,183.462,1,B23-SAV,Alamitos Bay,1.056,open,U,U,U,,Zostera pacifica,2.219,33.7634,-118.1156,bed,small_embayment,13,12/2/24,60,Merkel,cross-3parallel,NA,targeted
71,B23-SAV-901,37.13376623,2,19.76923077,1,39.23076923,3,6.153846154,2,0,1,2.4,1,3.416666667,4,6.23025641,2,9.52,2,194.902,1,183.462,1,B23-SAV,Alamitos Bay,1.056,open,U,U,U,,Zostera pacifica,2.219,33.7634,-118.1156,bed,small_embayment,13,12/2/24,60,Merkel,cross-3parallel,NA,targeted
72,B23-SAV-901,37.13376623,2,19.76923077,1,39.23076923,3,6.153846154,2,0,1,2.4,1,3.416666667,4,6.23025641,2,9.52,2,194.902,1,183.462,1,B23-SAV,Alamitos Bay,1.056,open,U,U,U,,Zostera pacifica,2.219,33.7634,-118.1156,bed,small_embayment,13,12/2/24,60,Merkel,cross-3parallel,NA,targeted
73,B23-SAV-901,37.13376623,2,19.76923077,1,39.23076923,3,6.153846154,2,0,1,2.4,1,3.416666667,4,6.23025641,2,9.52,2,194.902,1,183.462,1,B23-SAV,Alamitos Bay,1.056,open,U,U,U,,Zostera pacifica,2.219,33.7634,-118.1156,bed,small_embayment,13,12/2/24,60,Merkel,cross-3parallel,NA,targeted
74,B23-SAV-901,37.13376623,2,19.76923077,1,39.23076923,3,6.153846154,2,0,1,2.4,1,3.416666667,4,6.23025641,2,9.52,2,194.902,1,183.462,1,B23-SAV,Alamitos Bay,1.056,open,U,U,U,,Zostera pacifica,2.219,33.7634,-118.1156,bed,small_embayment,13,12/2/24,60,Merkel,cross-3parallel,NA,targeted
75,B23-SAV-901,37.13376623,2,19.76923077,1,39.23076923,3,6.153846154,2,0,1,2.4,1,3.416666667,4,6.23025641,2,9.52,2,194.902,1,183.462,1,B23-SAV,Alamitos Bay,1.056,open,U,U,U,,Zostera pacifica,2.219,33.7634,-118.1156,bed,small_embayment,13,12/2/24,60,Merkel,cross-3parallel,NA,targeted
76,B23-SAV-901,37.13376623,2,19.76923077,1,39.23076923,3,6.153846154,2,0,1,2.4,1,3.416666667,4,6.23025641,2,9.52,2,194.902,1,183.462,1,B23-SAV,Alamitos Bay,1.056,open,U,U,U,,Zostera pacifica,2.219,33.7634,-118.1156,bed,small_embayment,13,12/2/24,60,Merkel,cross-3parallel,NA,targeted
77,B23-SAV-901,37.13376623,2,19.76923077,1,39.23076923,3,6.153846154,2,0,1,2.4,1,3.416666667,4,6.23025641,2,9.52,2,194.902,1,183.462,1,B23-SAV,Alamitos Bay,1.056,open,U,U,U,,Zostera pacifica,2.219,33.7634,-118.1156,bed,small_embayment,13,12/2/24,60,Merkel,cross-3parallel,NA,targeted
78,B23-SAV-901,37.13376623,2,19.76923077,1,39.23076923,3,6.153846154,2,0,1,2.4,1,3.416666667,4,6.23025641,2,9.52,2,194.902,1,183.462,1,B23-SAV,Alamitos Bay,1.056,open,U,U,U,,Zostera pacifica,2.219,33.7634,-118.1156,bed,small_embayment,13,12/2/24,60,Merkel,cross-3parallel,NA,targeted
79,B23-SAV-901,37.13376623,2,19.76923077,1,39.23076923,3,6.153846154,2,0,1,2.4,1,3.416666667,4,6.23025641,2,9.52,2,194.902,1,183.462,1,B23-SAV,Alamitos Bay,1.056,open,U,U,U,,Zostera pacifica,2.219,33.7634,-118.1156,bed,small_embayment,13,12/2/24,60,Merkel,cross-3parallel,NA,targeted
80,B23-SAV-901,37.13376623,2,19.76923077,1,39.23076923,3,6.153846154,2,0,1,2.4,1,3.416666667,4,6.23025641,2,9.52,2,194.902,1,183.462,1,B23-SAV,Alamitos Bay,1.056,open,U,U,U,,Zostera pacifica,2.219,33.7634,-118.1156,bed,small_embayment,13,12/2/24,60,Merkel,cross-3parallel,NA,targeted
81,B23-SAV-901,37.13376623,2,19.76923077,1,39.23076923,3,6.153846154,2,0,1,2.4,1,3.416666667,4,6.23025641,2,9.52,2,194.902,1,183.462,1,B23-SAV,Alamitos Bay,1.056,open,U,U,U,,Zostera pacifica,2.219,33.7634,-118.1156,bed,small_embayment,13,12/2/24,60,Merkel,cross-3parallel,NA,targeted
82,B23-SAV-901,37.13376623,2,19.76923077,1,39.23076923,3,6.153846154,2,0,1,2.4,1,3.416666667,4,6.23025641,2,9.52,2,194.902,1,183.462,1,B23-SAV,Alamitos Bay,1.056,open,U,U,U,,Zostera pacifica,2.219,33.7634,-118.1156,bed,small_embayment,13,12/2/24,60,Merkel,cross-3parallel,NA,targeted
83,B23-SAV-901,37.13376623,2,19.76923077,1,39.23076923,3,6.153846154,2,0,1,2.4,1,3.416666667,4,6.23025641,2,9.52,2,194.902,1,183.462,1,B23-SAV,Alamitos Bay,1.056,open,U,U,U,,Zostera pacifica,2.219,33.7634,-118.1156,bed,small_embayment,13,12/2/24,60,Merkel,cross-3parallel,NA,targeted
84,B23-SAV-901,37.13376623,2,19.76923077,1,39.23076923,3,6.153846154,2,0,1,2.4,1,3.416666667,4,6.23025641,2,9.52,2,194.902,1,183.462,1,B23-SAV,Alamitos Bay,1.056,open,U,U,U,,Zostera pacifica,2.219,33.7634,-118.1156,bed,small_embayment,13,12/2/24,60,Merkel,cross-3parallel,NA,targeted
85,B23-SAV-901,37.13376623,2,19.76923077,1,39.23076923,3,6.153846154,2,0,1,2.4,1,3.416666667,4,6.23025641,2,9.52,2,194.902,1,183.462,1,B23-SAV,Alamitos Bay,1.056,open,U,U,U,,Zostera pacifica,2.219,33.7634,-118.1156,bed,small_embayment,13,12/2/24,60,Merkel,cross-3parallel,NA,targeted
86,B23-SAV-901,37.13376623,2,19.76923077,1,39.23076923,3,6.153846154,2,0,1,2.4,1,3.416666667,4,6.23025641,2,9.52,2,194.902,1,183.462,1,B23-SAV,Alamitos Bay,1.056,open,U,U,U,,Zostera pacifica,2.219,33.7634,-118.1156,bed,small_embayment,13,12/2/24,60,Merkel,cross-3parallel,NA,targeted
87,B23-SAV-901,37.13376623,2,19.76923077,1,39.23076923,3,6.153846154,2,0,1,2.4,1,3.416666667,4,6.23025641,2,9.52,2,194.902,1,183.462,1,B23-SAV,Alamitos Bay,1.056,open,U,U,U,,Zostera pacifica,2.219,33.7634,-118.1156,bed,small_embayment,13,12/2/24,60,Merkel,cross-3parallel,NA,targeted
88,B23-SAV-901,37.13376623,2,19.76923077,1,39.23076923,3,6.153846154,2,0,1,2.4,1,3.416666667,4,6.23025641,2,9.52,2,194.902,1,183.462,1,B23-SAV,Alamitos Bay,1.056,open,U,U,U,,Zostera pacifica,2.219,33.7634,-118.1156,bed,small_embayment,13,12/2/24,60,Merkel,cross-3parallel,NA,targeted
89,B23-SAV-901,37.13376623,2,19.76923077,1,39.23076923,3,6.153846154,2,0,1,2.4,1,3.416666667,4,6.23025641,2,9.52,2,194.902,1,183.462,1,B23-SAV,Alamitos Bay,1.056,open,U,U,U,,Zostera pacifica,2.219,33.7634,-118.1156,bed,small_embayment,13,12/2/24,60,Merkel,cross-3parallel,NA,targeted
90,B23-SAV-901,37.13376623,2,19.76923077,1,39.23076923,3,6.153846154,2,0,1,2.4,1,3.416666667,4,6.23025641,2,9.52,2,194.902,1,183.462,1,B23-SAV,Alamitos Bay,1.056,open,U,U,U,,Zostera pacifica,2.219,33.7634,-118.1156,bed,small_embayment,13,12/2/24,60,Merkel,cross-3parallel,NA,targeted
91,B23-SAV-901,37.13376623,2,19.76923077,1,39.23076923,3,6.153846154,2,0,1,2.4,1,3.416666667,4,6.23025641,2,9.52,2,194.902,1,183.462,1,B23-SAV,Alamitos Bay,1.056,open,U,U,U,,Zostera pacifica,2.219,33.7634,-118.1156,bed,small_embayment,13,12/2/24,60,Merkel,cross-3parallel,NA,targeted
92,B23-SAV-901,37.13376623,2,19.76923077,1,39.23076923,3,6.153846154,2,0,1,2.4,1,3.416666667,4,6.23025641,2,9.52,2,194.902,1,183.462,1,B23-SAV,Alamitos Bay,1.056,open,U,U,U,,Zostera pacifica,2.219,33.7634,-118.1156,bed,small_embayment,13,12/2/24,60,Merkel,cross-3parallel,NA,targeted
93,B23-SAV-901,37.13376623,2,19.76923077,1,39.23076923,3,6.153846154,2,0,1,2.4,1,3.416666667,4,6.23025641,2,9.52,2,194.902,1,183.462,1,B23-SAV,Alamitos Bay,1.056,open,U,U,U,,Zostera pacifica,2.219,33.7634,-118.1156,bed,small_embayment,13,12/2/24,60,Merkel,cross-3parallel,NA,targeted
94,B23-SAV-901,37.13376623,2,19.76923077,1,39.23076923,3,6.153846154,2,0,1,2.4,1,3.416666667,4,6.23025641,2,9.52,2,194.902,1,183.462,1,B23-SAV,Alamitos Bay,1.056,open,U,U,U,,Zostera pacifica,2.219,33.7634,-118.1156,bed,small_embayment,13,12/2/24,60,Merkel,cross-3parallel,NA,targeted
95,B23-SAV-901,37.13376623,2,19.76923077,1,39.23076923,3,6.153846154,2,0,1,2.4,1,3.416666667,4,6.23025641,2,9.52,2,194.902,1,183.462,1,B23-SAV,Alamitos Bay,1.056,open,U,U,U,,Zostera pacifica,2.219,33.7634,-118.1156,bed,small_embayment,13,12/2/24,60,Merkel,cross-3parallel,NA,targeted
96,B23-SAV-901,37.13376623,2,19.76923077,1,39.23076923,3,6.153846154,2,0,1,2.4,1,3.416666667,4,6.23025641,2,9.52,2,194.902,1,183.462,1,B23-SAV,Alamitos Bay,1.056,open,U,U,U,,Zostera pacifica,2.219,33.7634,-118.1156,bed,small_embayment,13,12/2/24,60,Merkel,cross-3parallel,NA,targeted
97,B23-SAV-901,37.13376623,2,19.76923077,1,39.23076923,3,6.153846154,2,0,1,2.4,1,3.416666667,4,6.23025641,2,9.52,2,194.902,1,183.462,1,B23-SAV,Alamitos Bay,1.056,open,U,U,U,,Zostera pacifica,2.219,33.7634,-118.1156,bed,small_embayment,13,12/2/24,60,Merkel,cross-3parallel,NA,targeted
98,B23-SAV-901,37.13376623,2,19.76923077,1,39.23076923,3,6.153846154,2,0,1,2.4,1,3.416666667,4,6.23025641,2,9.52,2,194.902,1,183.462,1,B23-SAV,Alamitos Bay,1.056,open,U,U,U,,Zostera pacifica,2.219,33.7634,-118.1156,bed,small_embayment,13,12/2/24,60,Merkel,cross-3parallel,NA,targeted
99,B23-SAV-901,37.13376623,2,19.76923077,1,39.23076923,3,6.153846154,2,0,1,2.4,1,3.416666667,4,6.23025641,2,9.52,2,194.902,1,183.462,1,B23-SAV,Alamitos Bay,1.056,open,U,U,U,,Zostera pacifica,2.219,33.7634,-118.1156,bed,small_embayment,13,12/2/24,60,Merkel,cross-3parallel,NA,targeted
100,B23-SAV-901,37.13376623,2,19.76923077,1,39.23076923,3,6.153846154,2,0,1,2.4,1,3.416666667,4,6.23025641,2,9.52,2,194.902,1,183.462,1,B23-SAV,Alamitos Bay,1.056,open,U,U,U,,Zostera pacifica,2.219,33.7634,-118.1156,bed,small_embayment,13,12/2/24,60,Merkel,cross-3parallel,NA,targeted
101,B23-SAV-901,37.13376623,2,19.76923077,1,39.23076923,3,6.153846154,2,0,1,2.4,1,3.416666667,4,6.23025641,2,9.52,2,194.902,1,183.462,1,B23-SAV,Alamitos Bay,1.056,open,U,U,U,,Zostera pacifica,2.219,33.7634,-118.1156,bed,small_embayment,13,12/2/24,60,Merkel,cross-3parallel,NA,targeted
102,B23-SAV-901,37.13376623,2,19.76923077,1,39.23076923,3,6.153846154,2,0,1,2.4,1,3.416666667,4,6.23025641,2,9.52,2,194.902,1,183.462,1,B23-SAV,Alamitos Bay,1.056,open,U,U,U,,Zostera pacifica,2.219,33.7634,-118.1156,bed,small_embayment,13,12/2/24,60,Merkel,cross-3parallel,NA,targeted
103,B23-SAV-901,37.13376623,2,19.76923077,1,39.23076923,3,6.153846154,2,0,1,2.4,1,3.416666667,4,6.23025641,2,9.52,2,194.902,1,183.462,1,B23-SAV,Alamitos Bay,1.056,open,U,U,U,,Zostera pacifica,2.219,33.7634,-118.1156,bed,small_embayment,13,12/2/24,60,Merkel,cross-3parallel,NA,targeted
104,B23-SAV-901,37.13376623,2,19.76923077,1,39.23076923,3,6.153846154,2,0,1,2.4,1,3.416666667,4,6.23025641,2,9.52,2,194.902,1,183.462,1,B23-SAV,Alamitos Bay,1.056,open,U,U,U,,Zostera pacifica,2.219,33.7634,-118.1156,bed,small_embayment,13,12/2/24,60,Merkel,cross-3parallel,NA,targeted
105,B23-SAV-901,37.13376623,2,19.76923077,1,39.23076923,3,6.153846154,2,0,1,2.4,1,3.416666667,4,6.23025641,2,9.52,2,194.902,1,183.462,1,B23-SAV,Alamitos Bay,1.056,open,U,U,U,,Zostera pacifica,2.219,33.7634,-118.1156,bed,small_embayment,13,12/2/24,60,Merkel,cross-3parallel,NA,targeted
106,B23-SAV-901,37.13376623,2,19.76923077,1,39.23076923,3,6.153846154,2,0,1,2.4,1,3.416666667,4,6.23025641,2,9.52,2,194.902,1,183.462,1,B23-SAV,Alamitos Bay,1.056,open,U,U,U,,Zostera pacifica,2.219,33.7634,-118.1156,bed,small_embayment,13,12/2/24,60,Merkel,cross-3parallel,NA,targeted
107,B23-SAV-901,37.13376623,2,19.76923077,1,39.23076923,3,6.153846154,2,0,1,2.4,1,3.416666667,4,6.23025641,2,9.52,2,194.902,1,183.462,1,B23-SAV,Alamitos Bay,1.056,open,U,U,U,,Zostera pacifica,2.219,33.7634,-118.1156,bed,small_embayment,13,12/2/24,60,Merkel,cross-3parallel,NA,targeted
108,B23-SAV-901,37.13376623,2,19.76923077,1,39.23076923,3,6.153846154,2,0,1,2.4,1,3.416666667,4,6.23025641,2,9.52,2,194.902,1,183.462,1,B23-SAV,Alamitos Bay,1.056,open,U,U,U,,Zostera pacifica,2.219,33.7634,-118.1156,bed,small_embayment,13,12/2/24,60,Merkel,cross-3parallel,NA,targeted
109,B23-SAV-901,37.13376623,2,19.76923077,1,39.23076923,3,6.153846154,2,0,1,2.4,1,3.416666667,4,6.23025641,2,9.52,2,194.902,1,183.462,1,B23-SAV,Alamitos Bay,1.056,open,U,U,U,,Zostera pacifica,2.219,33.7634,-118.1156,bed,small_embayment,13,12/2/24,60,Merkel,cross-3parallel,NA,targeted
110,B23-SAV-901,37.13376623,2,19.76923077,1,39.23076923,3,6.153846154,2,0,1,2.4,1,3.416666667,4,6.23025641,2,9.52,2,194.902,1,183.462,1,B23-SAV,Alamitos Bay,1.056,open,U,U,U,,Zostera pacifica,2.219,33.7634,-118.1156,bed,small_embayment,13,12/2/24,60,Merkel,cross-3parallel,NA,targeted
111,B23-SAV-901,37.13376623,2,19.76923077,1,39.23076923,3,6.153846154,2,0,1,2.4,1,3.416666667,4,6.23025641,2,9.52,2,194.902,1,183.462,1,B23-SAV,Alamitos Bay,1.056,open,U,U,U,,Zostera pacifica,2.219,33.7634,-118.1156,bed,small_embayment,13,12/2/24,60,Merkel,cross-3parallel,NA,targeted
112,B23-SAV-901,37.13376623,2,19.76923077,1,39.23076923,3,6.153846154,2,0,1,2.4,1,3.416666667,4,6.23025641,2,9.52,2,194.902,1,183.462,1,B23-SAV,Alamitos Bay,1.056,open,U,U,U,,Zostera pacifica,2.219,33.7634,-118.1156,bed,small_embayment,13,12/2/24,60,Merkel,cross-3parallel,NA,targeted
113,B23-SAV-901,37.13376623,2,19.76923077,1,39.23076923,3,6.153846154,2,0,1,2.4,1,3.416666667,4,6.23025641,2,9.52,2,194.902,1,183.462,1,B23-SAV,Alamitos Bay,1.056,open,U,U,U,,Zostera pacifica,2.219,33.7634,-118.1156,bed,small_embayment,13,12/2/24,60,Merkel,cross-3parallel,NA,targeted
114,B23-SAV-901,37.13376623,2,19.76923077,1,39.23076923,3,6.153846154,2,0,1,2.4,1,3.416666667,4,6.23025641,2,9.52,2,194.902,1,183.462,1,B23-SAV,Alamitos Bay,1.056,open,U,U,U,,Zostera pacifica,2.219,33.7634,-118.1156,bed,small_embayment,13,12/2/24,60,Merkel,cross-3parallel,NA,targeted
115,B23-SAV-901,37.13376623,2,19.76923077,1,39.23076923,3,6.153846154,2,0,1,2.4,1,3.416666667,4,6.23025641,2,9.52,2,194.902,1,183.462,1,B23-SAV,Alamitos Bay,1.056,open,U,U,U,,Zostera pacifica,2.219,33.7634,-118.1156,bed,small_embayment,13,12/2/24,60,Merkel,cross-3parallel,NA,targeted
116,B23-SAV-901,37.13376623,2,19.76923077,1,39.23076923,3,6.153846154,2,0,1,2.4,1,3.416666667,4,6.23025641,2,9.52,2,194.902,1,183.462,1,B23-SAV,Alamitos Bay,1.056,open,U,U,U,,Zostera pacifica,2.219,33.7634,-118.1156,bed,small_embayment,13,12/2/24,60,Merkel,cross-3parallel,NA,targeted
117,B23-SAV-901,37.13376623,2,19.76923077,1,39.23076923,3,6.153846154,2,0,1,2.4,1,3.416666667,4,6.23025641,2,9.52,2,194.902,1,183.462,1,B23-SAV,Alamitos Bay,1.056,open,U,U,U,,Zostera pacifica,2.219,33.7634,-118.1156,bed,small_embayment,13,12/2/24,60,Merkel,cross-3parallel,NA,targeted
118,B23-SAV-901,37.13376623,2,19.76923077,1,39.23076923,3,6.153846154,2,0,1,2.4,1,3.416666667,4,6.23025641,2,9.52,2,194.902,1,183.462,1,B23-SAV,Alamitos Bay,1.056,open,U,U,U,,Zostera pacifica,2.219,33.7634,-118.1156,bed,small_embayment,13,12/2/24,60,Merkel,cross-3parallel,,targeted
119,B23-SAV-901,37.13376623,2,19.76923077,1,39.23076923,3,6.153846154,2,0,1,2.4,1,3.416666667,4,6.23025641,2,9.52,2,194.902,1,183.462,1,B23-SAV,Alamitos Bay,1.056,open,U,U,U,,Zostera pacifica,2.219,33.7634,-118.1156,bed,small_embayment,13,12/2/24,60,Merkel,cross-3parallel,,targeted
120,B23-SAV-901,37.13376623,2,19.76923077,1,39.23076923,3,6.153846154,2,0,1,2.4,1,3.416666667,4,6.23025641,2,9.52,2,194.902,1,183.462,1,B23-SAV,Alamitos Bay,1.056,open,U,U,U,,Zostera pacifica,2.219,33.7634,-118.1156,bed,small_embayment,13,12/2/24,60,Merkel,cross-3parallel,,targeted
121,B23-SAV-901,37.13376623,2,19.76923077,1,39.23076923,3,6.153846154,2,0,1,2.4,1,3.416666667,4,6.23025641,2,9.52,2,194.902,1,183.462,1,B23-SAV,Alamitos Bay,1.056,open,U,U,U,,Zostera pacifica,2.219,33.7634,-118.1156,bed,small_embayment,13,12/2/24,60,Merkel,cross-3parallel,,targeted
122,B23-SAV-901,37.13376623,2,19.76923077,1,39.23076923,3,6.153846154,2,0,1,2.4,1,3.416666667,4,6.23025641,2,9.52,2,194.902,1,183.462,1,B23-SAV,Alamitos Bay,1.056,open,U,U,U,,Zostera pacifica,2.219,33.7634,-118.1156,bed,small_embayment,13,12/2/24,60,Merkel,cross-3parallel,,targeted
123,B23-SAV-901,37.13376623,2,19.76923077,1,39.23076923,3,6.153846154,2,0,1,2.4,1,3.416666667,4,6.23025641,2,9.52,2,194.902,1,183.462,1,B23-SAV,Alamitos Bay,1.056,open,U,U,U,,Zostera pacifica,2.219,33.7634,-118.1156,bed,small_embayment,13,12/2/24,60,Merkel,cross-3parallel,,targeted
124,B23-SAV-901,37.13376623,2,19.76923077,1,39.23076923,3,6.153846154,2,0,1,2.4,1,3.416666667,4,6.23025641,2,9.52,2,194.902,1,183.462,1,B23-SAV,Alamitos Bay,1.056,open,U,U,U,,Zostera pacifica,2.219,33.7634,-118.1156,bed,small_embayment,13,12/2/24,60,Merkel,cross-3parallel,,targeted
125,B23-SAV-901,37.13376623,2,19.76923077,1,39.23076923,3,6.153846154,2,0,1,2.4,1,3.416666667,4,6.23025641,2,9.52,2,194.902,1,183.462,1,B23-SAV,Alamitos Bay,1.056,open,U,U,U,,Zostera pacifica,2.219,33.7634,-118.1156,bed,small_embayment,13,12/2/24,60,Merkel,cross-3parallel,,targeted
126,B23-SAV-901,37.13376623,2,19.76923077,1,39.23076923,3,6.153846154,2,0,1,2.4,1,3.416666667,4,6.23025641,2,9.52,2,194.902,1,183.462,1,B23-SAV,Alamitos Bay,1.056,open,U,U,U,,Zostera pacifica,2.219,33.7634,-118.1156,bed,small_embayment,13,12/2/24,60,Merkel,cross-3parallel,,targeted
127,B23-SAV-901,37.13376623,2,19.76923077,1,39.23076923,3,6.153846154,2,0,1,2.4,1,3.416666667,4,6.23025641,2,9.52,2,194.902,1,183.462,1,B23-SAV,Alamitos Bay,1.056,open,U,U,U,,Zostera pacifica,2.219,33.7634,-118.1156,bed,small_embayment,13,12/2/24,60,Merkel,cross-3parallel,,targeted
128,B23-SAV-901,37.13376623,2,19.76923077,1,39.23076923,3,6.153846154,2,0,1,2.4,1,3.416666667,4,6.23025641,2,9.52,2,194.902,1,183.462,1,B23-SAV,Alamitos Bay,1.056,open,U,U,U,,Zostera pacifica,2.219,33.7634,-118.1156,bed,small_embayment,13,12/2/24,60,Merkel,cross-3parallel,,targeted
129,B23-SAV-901,37.13376623,2,19.76923077,1,39.23076923,3,6.153846154,2,0,1,2.4,1,3.416666667,4,6.23025641,2,9.52,2,194.902,1,183.462,1,B23-SAV,Alamitos Bay,1.056,open,U,U,U,,Zostera pacifica,2.219,33.7634,-118.1156,bed,small_embayment,13,12/2/24,60,Merkel,cross-3parallel,,targeted
130,B23-SAV-901,37.13376623,2,19.76923077,1,39.23076923,3,6.153846154,2,0,1,2.4,1,3.416666667,4,6.23025641,2,9.52,2,194.902,1,183.462,1,B23-SAV,Alamitos Bay,1.056,open,U,U,U,,Zostera pacifica,2.219,33.7634,-118.1156,bed,small_embayment,13,12/2/24,60,Merkel,cross-3parallel,,targeted
131,B23-SAV-901,37.13376623,2,19.76923077,1,39.23076923,3,6.153846154,2,0,1,2.4,1,3.416666667,4,6.23025641,2,9.52,2,194.902,1,183.462,1,B23-SAV,Alamitos Bay,1.056,open,U,U,U,,Zostera pacifica,2.219,33.7634,-118.1156,bed,small_embayment,13,12/2/24,60,Merkel,cross-3parallel,,targeted
132,B23-SAV-901,37.13376623,2,19.76923077,1,39.23076923,3,6.153846154,2,0,1,2.4,1,3.416666667,4,6.23025641,2,9.52,2,194.902,1,183.462,1,B23-SAV,Alamitos Bay,1.056,open,U,U,U,,Zostera pacifica,2.219,33.7634,-118.1156,bed,small_embayment,13,12/2/24,60,Merkel,cross-3parallel,,targeted
133,B23-SAV-901,37.13376623,2,19.76923077,1,39.23076923,3,6.153846154,2,0,1,2.4,1,3.416666667,4,6.23025641,2,9.52,2,194.902,1,183.462,1,B23-SAV,Alamitos Bay,1.056,open,U,U,U,,Zostera pacifica,2.219,33.7634,-118.1156,bed,small_embayment,13,12/2/24,60,Merkel,cross-3parallel,,targeted
134,B23-SAV-901,37.13376623,2,19.76923077,1,39.23076923,3,6.153846154,2,0,1,2.4,1,3.416666667,4,6.23025641,2,9.52,2,194.902,1,183.462,1,B23-SAV,Alamitos Bay,1.056,open,U,U,U,,Zostera pacifica,2.219,33.7634,-118.1156,bed,small_embayment,13,12/2/24,60,Merkel,cross-3parallel,,targeted
135,B23-SAV-901,37.13376623,2,19.76923077,1,39.23076923,3,6.153846154,2,0,1,2.4,1,3.416666667,4,6.23025641,2,9.52,2,194.902,1,183.462,1,B23-SAV,Alamitos Bay,1.056,open,U,U,U,,Zostera pacifica,2.219,33.7634,-118.1156,bed,small_embayment,13,12/2/24,60,Merkel,cross-3parallel,,targeted
136,B23-SAV-901,37.13376623,2,19.76923077,1,39.23076923,3,6.153846154,2,0,1,2.4,1,3.416666667,4,6.23025641,2,9.52,2,194.902,1,183.462,1,B23-SAV,Alamitos Bay,1.056,open,U,U,U,,Zostera pacifica,2.219,33.7634,-118.1156,bed,small_embayment,13,12/2/24,60,Merkel,cross-3parallel,,targeted
137,B23-SAV-901,37.13376623,2,19.76923077,1,39.23076923,3,6.153846154,2,0,1,2.4,1,3.416666667,4,6.23025641,2,9.52,2,194.902,1,183.462,1,B23-SAV,Alamitos Bay,1.056,open,U,U,U,,Zostera pacifica,2.219,33.7634,-118.1156,bed,small_embayment,13,12/2/24,60,Merkel,cross-3parallel,,targeted
138,B23-SAV-901,37.13376623,2,19.76923077,1,39.23076923,3,6.153846154,2,0,1,2.4,1,3.416666667,4,6.23025641,2,9.52,2,194.902,1,183.462,1,B23-SAV,Alamitos Bay,1.056,open,U,U,U,,Zostera pacifica,2.219,33.7634,-118.1156,bed,small_embayment,13,12/2/24,60,Merkel,cross-3parallel,,targeted
139,B23-SAV-901,37.13376623,2,19.76923077,1,39.23076923,3,6.153846154,2,0,1,2.4,1,3.416666667,4,6.23025641,2,9.52,2,194.902,1,183.462,1,B23-SAV,Alamitos Bay,1.056,open,U,U,U,,Zostera pacifica,2.219,33.7634,-118.1156,bed,small_embayment,13,12/2/24,60,Merkel,cross-3parallel,,targeted
140,B23-SAV-901,37.13376623,2,19.76923077,1,39.23076923,3,6.153846154,2,0,1,2.4,1,3.416666667,4,6.23025641,2,9.52,2,194.902,1,183.462,1,B23-SAV,Alamitos Bay,1.056,open,U,U,U,,Zostera pacifica,2.219,33.7634,-118.1156,bed,small_embayment,13,12/2/24,60,Merkel,cross-3parallel,,targeted
141,B23-SAV-901,37.13376623,2,19.76923077,1,39.23076923,3,6.153846154,2,0,1,2.4,1,3.416666667,4,6.23025641,2,9.52,2,194.902,1,183.462,1,B23-SAV,Alamitos Bay,1.056,open,U,U,U,,Zostera pacifica,2.219,33.7634,-118.1156,bed,small_embayment,13,12/2/24,60,Merkel,cross-3parallel,,targeted
142,B23-SAV-901,37.13376623,2,19.76923077,1,39.23076923,3,6.153846154,2,0,1,2.4,1,3.416666667,4,6.23025641,2,9.52,2,194.902,1,183.462,1,B23-SAV,Alamitos Bay,1.056,open,U,U,U,,Zostera pacifica,2.219,33.7634,-118.1156,bed,small_embayment,13,12/2/24,60,Merkel,cross-3parallel,,targeted
143,B23-SAV-901,37.13376623,2,19.76923077,1,39.23076923,3,6.153846154,2,0,1,2.4,1,3.416666667,4,6.23025641,2,9.52,2,194.902,1,183.462,1,B23-SAV,Alamitos Bay,1.056,open,U,U,U,,Zostera pacifica,2.219,33.7634,-118.1156,bed,small_embayment,13,12/2/24,60,Merkel,cross-3parallel,,targeted
144,B23-SAV-901,37.13376623,2,19.76923077,1,39.23076923,3,6.153846154,2,0,1,2.4,1,3.416666667,4,6.23025641,2,9.52,2,194.902,1,183.462,1,B23-SAV,Alamitos Bay,1.056,open,U,U,U,,Zostera pacifica,2.219,33.7634,-118.1156,bed,small_embayment,13,12/2/24,60,Merkel,cross-3parallel,,targeted
145,B23-SAV-901,37.13376623,2,19.76923077,1,39.23076923,3,6.153846154,2,0,1,2.4,1,3.416666667,4,6.23025641,2,9.52,2,194.902,1,183.462,1,B23-SAV,Alamitos Bay,1.056,open,U,U,U,,Zostera pacifica,2.219,33.7634,-118.1156,bed,small_embayment,13,12/2/24,60,Merkel,cross-3parallel,,targeted
146,B23-SAV-901,37.13376623,2,19.76923077,1,39.23076923,3,6.153846154,2,0,1,2.4,1,3.416666667,4,6.23025641,2,9.52,2,194.902,1,183.462,1,B23-SAV,Alamitos Bay,1.056,open,U,U,U,,Zostera pacifica,2.219,33.7634,-118.1156,bed,small_embayment,13,12/2/24,60,Merkel,cross-3parallel,,targeted
147,B23-SAV-901,37.13376623,2,19.76923077,1,39.23076923,3,6.153846154,2,0,1,2.4,1,3.416666667,4,6.23025641,2,9.52,2,194.902,1,183.462,1,B23-SAV,Alamitos Bay,1.056,open,U,U,U,,Zostera pacifica,2.219,33.7634,-118.1156,bed,small_embayment,13,12/2/24,60,Merkel,cross-3parallel,,targeted
148,B23-SAV-901,37.13376623,2,19.76923077,1,39.23076923,3,6.153846154,2,0,1,2.4,1,3.416666667,4,6.23025641,2,9.52,2,194.902,1,183.462,1,B23-SAV,Alamitos Bay,1.056,open,U,U,U,,Zostera pacifica,2.219,33.7634,-118.1156,bed,small_embayment,13,12/2/24,60,Merkel,cross-3parallel,,targeted
149,B23-SAV-901,37.13376623,2,19.76923077,1,39.23076923,3,6.153846154,2,0,1,2.4,1,3.416666667,4,6.23025641,2,9.52,2,194.902,1,183.462,1,B23-SAV,Alamitos Bay,1.056,open,U,U,U,,Zostera pacifica,2.219,33.7634,-118.1156,bed,small_embayment,13,12/2/24,60,Merkel,cross-3parallel,,targeted
150,B23-SAV-901,37.13376623,2,19.76923077,1,39.23076923,3,6.153846154,2,0,1,2.4,1,3.416666667,4,6.23025641,2,9.52,2,194.902,1,183.462,1,B23-SAV,Alamitos Bay,1.056,open,U,U,U,,Zostera pacifica,2.219,33.7634,-118.1156,bed,small_embayment,13,12/2/24,60,Merkel,cross-3parallel,,targeted
151,B23-SAV-901,37.13376623,2,19.76923077,1,39.23076923,3,6.153846154,2,0,1,2.4,1,3.416666667,4,6.23025641,2,9.52,2,194.902,1,183.462,1,B23-SAV,Alamitos Bay,1.056,open,U,U,U,,Zostera pacifica,2.219,33.7634,-118.1156,bed,small_embayment,13,12/2/24,60,Merkel,cross-3parallel,,targeted
152,B23-SAV-901,37.13376623,2,19.76923077,1,39.23076923,3,6.153846154,2,0,1,2.4,1,3.416666667,4,6.23025641,2,9.52,2,194.902,1,183.462,1,B23-SAV,Alamitos Bay,1.056,open,U,U,U,,Zostera pacifica,2.219,33.7634,-118.1156,bed,small_embayment,13,12/2/24,60,Merkel,cross-3parallel,,targeted
153,B23-SAV-901,37.13376623,2,19.76923077,1,39.23076923,3,6.153846154,2,0,1,2.4,1,3.416666667,4,6.23025641,2,9.52,2,194.902,1,183.462,1,B23-SAV,Alamitos Bay,1.056,open,U,U,U,,Zostera pacifica,2.219,33.7634,-118.1156,bed,small_embayment,13,12/2/24,60,Merkel,cross-3parallel,,targeted
154,B23-SAV-901,37.13376623,2,19.76923077,1,39.23076923,3,6.153846154,2,0,1,2.4,1,3.416666667,4,6.23025641,2,9.52,2,194.902,1,183.462,1,B23-SAV,Alamitos Bay,1.056,open,U,U,U,,Zostera pacifica,2.219,33.7634,-118.1156,bed,small_embayment,13,12/2/24,60,Merkel,cross-3parallel,,targeted
155,B23-SAV-901,37.13376623,2,19.76923077,1,39.23076923,3,6.153846154,2,0,1,2.4,1,3.416666667,4,6.23025641,2,9.52,2,194.902,1,183.462,1,B23-SAV,Alamitos Bay,1.056,open,U,U,U,,Zostera pacifica,2.219,33.7634,-118.1156,bed,small_embayment,13,12/2/24,60,Merkel,cross-3parallel,,targeted
156,B23-SAV-901,37.13376623,2,19.76923077,1,39.23076923,3,6.153846154,2,0,1,2.4,1,3.416666667,4,6.23025641,2,9.52,2,194.902,1,183.462,1,B23-SAV,Alamitos Bay,1.056,open,U,U,U,,Zostera pacifica,2.219,33.7634,-118.1156,bed,small_embayment,13,12/2/24,60,Merkel,cross-3parallel,,targeted
157,B23-SAV-901,37.13376623,2,19.76923077,1,39.23076923,3,6.153846154,2,0,1,2.4,1,3.416666667,4,6.23025641,2,9.52,2,194.902,1,183.462,1,B23-SAV,Alamitos Bay,1.056,open,U,U,U,,Zostera pacifica,2.219,33.7634,-118.1156,bed,small_embayment,13,12/2/24,60,Merkel,cross-3parallel,,targeted
158,B23-SAV-901,37.13376623,2,19.76923077,1,39.23076923,3,6.153846154,2,0,1,2.4,1,3.416666667,4,6.23025641,2,9.52,2,194.902,1,183.462,1,B23-SAV,Alamitos Bay,1.056,open,U,U,U,,Zostera pacifica,2.219,33.7634,-118.1156,bed,small_embayment,13,12/2/24,60,Merkel,cross-3parallel,,targeted
159,B23-SAV-901,37.13376623,2,19.76923077,1,39.23076923,3,6.153846154,2,0,1,2.4,1,3.416666667,4,6.23025641,2,9.52,2,194.902,1,183.462,1,B23-SAV,Alamitos Bay,1.056,open,U,U,U,,Zostera pacifica,2.219,33.7634,-118.1156,bed,small_embayment,13,12/2/24,60,Merkel,cross-3parallel,,targeted
160,B23-SAV-901,37.13376623,2,19.76923077,1,39.23076923,3,6.153846154,2,0,1,2.4,1,3.416666667,4,6.23025641,2,9.52,2,194.902,1,183.462,1,B23-SAV,Alamitos Bay,1.056,open,U,U,U,,Zostera pacifica,2.219,33.7634,-118.1156,bed,small_embayment,13,12/2/24,60,Merkel,cross-3parallel,,targeted
161,B23-SAV-901,37.13376623,2,19.76923077,1,39.23076923,3,6.153846154,2,0,1,2.4,1,3.416666667,4,6.23025641,2,9.52,2,194.902,1,183.462,1,B23-SAV,Alamitos Bay,1.056,open,U,U,U,,Zostera pacifica,2.219,33.7634,-118.1156,bed,small_embayment,13,12/2/24,60,Merkel,cross-3parallel,,targeted
162,B23-SAV-901,37.13376623,2,19.76923077,1,39.23076923,3,6.153846154,2,0,1,2.4,1,3.416666667,4,6.23025641,2,9.52,2,194.902,1,183.462,1,B23-SAV,Alamitos Bay,1.056,open,U,U,U,,Zostera pacifica,2.219,33.7634,-118.1156,bed,small_embayment,13,12/2/24,60,Merkel,cross-3parallel,,targeted
163,B23-SAV-901,37.13376623,2,19.76923077,1,39.23076923,3,6.153846154,2,0,1,2.4,1,3.416666667,4,6.23025641,2,9.52,2,194.902,1,183.462,1,B23-SAV,Alamitos Bay,1.056,open,U,U,U,,Zostera pacifica,2.219,33.7634,-118.1156,bed,small_embayment,13,12/2/24,60,Merkel,cross-3parallel,,targeted
164,B23-SAV-901,37.13376623,2,19.76923077,1,39.23076923,3,6.153846154,2,0,1,2.4,1,3.416666667,4,6.23025641,2,9.52,2,194.902,1,183.462,1,B23-SAV,Alamitos Bay,1.056,open,U,U,U,,Zostera pacifica,2.219,33.7634,-118.1156,bed,small_embayment,13,12/2/24,60,Merkel,cross-3parallel,,targeted
165,B23-SAV-901,37.13376623,2,19.76923077,1,39.23076923,3,6.153846154,2,0,1,2.4,1,3.416666667,4,6.23025641,2,9.52,2,194.902,1,183.462,1,B23-SAV,Alamitos Bay,1.056,open,U,U,U,,Zostera pacifica,2.219,33.7634,-118.1156,bed,small_embayment,13,12/2/24,60,Merkel,cross-3parallel,,targeted
166,B23-SAV-901,37.13376623,2,19.76923077,1,39.23076923,3,6.153846154,2,0,1,2.4,1,3.416666667,4,6.23025641,2,9.52,2,194.902,1,183.462,1,B23-SAV,Alamitos Bay,1.056,open,U,U,U,,Zostera pacifica,2.219,33.7634,-118.1156,bed,small_embayment,13,12/2/24,60,Merkel,cross-3parallel,,targeted
167,B23-SAV-901,37.13376623,2,19.76923077,1,39.23076923,3,6.153846154,2,0,1,2.4,1,3.416666667,4,6.23025641,2,9.52,2,194.902,1,183.462,1,B23-SAV,Alamitos Bay,1.056,open,U,U,U,,Zostera pacifica,2.219,33.7634,-118.1156,bed,small_embayment,13,12/2/24,60,Merkel,cross-3parallel,,targeted
168,B23-SAV-901,37.13376623,2,19.76923077,1,39.23076923,3,6.153846154,2,0,1,2.4,1,3.416666667,4,6.23025641,2,9.52,2,194.902,1,183.462,1,B23-SAV,Alamitos Bay,1.056,open,U,U,U,,Zostera pacifica,2.219,33.7634,-118.1156,bed,small_embayment,13,12/2/24,60,Merkel,cross-3parallel,,targeted
169,B23-SAV-901,37.13376623,2,19.76923077,1,39.23076923,3,6.153846154,2,0,1,2.4,1,3.416666667,4,6.23025641,2,9.52,2,194.902,1,183.462,1,B23-SAV,Alamitos Bay,1.056,open,U,U,U,,Zostera pacifica,2.219,33.7634,-118.1156,bed,small_embayment,13,12/2/24,60,Merkel,cross-3parallel,,targeted
170,B23-SAV-901,37.13376623,2,19.76923077,1,39.23076923,3,6.153846154,2,0,1,2.4,1,3.416666667,4,6.23025641,2,9.52,2,194.902,1,183.462,1,B23-SAV,Alamitos Bay,1.056,open,U,U,U,,Zostera pacifica,2.219,33.7634,-118.1156,bed,small_embayment,13,12/2/24,60,Merkel,cross-3parallel,,targeted
171,B23-SAV-901,37.13376623,2,19.76923077,1,39.23076923,3,6.153846154,2,0,1,2.4,1,3.416666667,4,6.23025641,2,9.52,2,194.902,1,183.462,1,B23-SAV,Alamitos Bay,1.056,open,U,U,U,,Zostera pacifica,2.219,33.7634,-118.1156,bed,small_embayment,13,12/2/24,60,Merkel,cross-3parallel,,targeted
172,B23-SAV-901,37.13376623,2,19.76923077,1,39.23076923,3,6.153846154,2,0,1,2.4,1,3.416666667,4,6.23025641,2,9.52,2,194.902,1,183.462,1,B23-SAV,Alamitos Bay,1.056,open,U,U,U,,Zostera pacifica,2.219,33.7634,-118.1156,bed,small_embayment,13,12/2/24,60,Merkel,cross-3parallel,,targeted
173,B23-SAV-901,37.13376623,2,19.76923077,1,39.23076923,3,6.153846154,2,0,1,2.4,1,3.416666667,4,6.23025641,2,9.52,2,194.902,1,183.462,1,B23-SAV,Alamitos Bay,1.056,open,U,U,U,,Zostera pacifica,2.219,33.7634,-118.1156,bed,small_embayment,13,12/2/24,60,Merkel,cross-3parallel,,targeted
174,B23-SAV-901,37.13376623,2,19.76923077,1,39.23076923,3,6.153846154,2,0,1,2.4,1,3.416666667,4,6.23025641,2,9.52,2,194.902,1,183.462,1,B23-SAV,Alamitos Bay,1.056,open,U,U,U,,Zostera pacifica,2.219,33.7634,-118.1156,bed,small_embayment,13,12/2/24,60,Merkel,cross-3parallel,,targeted
175,B23-SAV-901,37.13376623,2,19.76923077,1,39.23076923,3,6.153846154,2,0,1,2.4,1,3.416666667,4,6.23025641,2,9.52,2,194.902,1,183.462,1,B23-SAV,Alamitos Bay,1.056,open,U,U,U,,Zostera pacifica,2.219,33.7634,-118.1156,bed,small_embayment,13,12/2/24,60,Merkel,cross-3parallel,,targeted
176,B23-SAV-901,37.13376623,2,19.76923077,1,39.23076923,3,6.153846154,2,0,1,2.4,1,3.416666667,4,6.23025641,2,9.52,2,194.902,1,183.462,1,B23-SAV,Alamitos Bay,1.056,open,U,U,U,,Zostera pacifica,2.219,33.7634,-118.1156,bed,small_embayment,13,12/2/24,60,Merkel,cross-3parallel,,targeted
177,B23-SAV-901,37.13376623,2,19.76923077,1,39.23076923,3,6.153846154,2,0,1,2.4,1,3.416666667,4,6.23025641,2,9.52,2,194.902,1,183.462,1,B23-SAV,Alamitos Bay,1.056,open,U,U,U,,Zostera pacifica,2.219,33.7634,-118.1156,bed,small_embayment,13,12/2/24,60,Merkel,cross-3parallel,,targeted
178,B23-SAV-901,37.13376623,2,19.76923077,1,39.23076923,3,6.153846154,2,0,1,2.4,1,3.416666667,4,6.23025641,2,9.52,2,194.902,1,183.462,1,B23-SAV,Alamitos Bay,1.056,open,U,U,U,,Zostera pacifica,2.219,33.7634,-118.1156,bed,small_embayment,13,12/2/24,60,Merkel,cross-3parallel,,targeted
179,B23-SAV-901,37.13376623,2,19.76923077,1,39.23076923,3,6.153846154,2,0,1,2.4,1,3.416666667,4,6.23025641,2,9.52,2,194.902,1,183.462,1,B23-SAV,Alamitos Bay,1.056,open,U,U,U,,Zostera pacifica,2.219,33.7634,-118.1156,bed,small_embayment,13,12/2/24,60,Merkel,cross-3parallel,,targeted
180,B23-SAV-901,37.13376623,2,19.76923077,1,39.23076923,3,6.153846154,2,0,1,2.4,1,3.416666667,4,6.23025641,2,9.52,2,194.902,1,183.462,1,B23-SAV,Alamitos Bay,1.056,open,U,U,U,,Zostera pacifica,2.219,33.7634,-118.1156,bed,small_embayment,13,12/2/24,60,Merkel,cross-3parallel,,targeted
181,B23-SAV-901,37.13376623,2,19.76923077,1,39.23076923,3,6.153846154,2,0,1,2.4,1,3.416666667,4,6.23025641,2,9.52,2,194.902,1,183.462,1,B23-SAV,Alamitos Bay,1.056,open,U,U,U,,Zostera pacifica,2.219,33.7634,-118.1156,bed,small_embayment,13,12/2/24,60,Merkel,cross-3parallel,,targeted
182,B23-SAV-901,37.13376623,2,19.76923077,1,39.23076923,3,6.153846154,2,0,1,2.4,1,3.416666667,4,6.23025641,2,9.52,2,194.902,1,183.462,1,B23-SAV,Alamitos Bay,1.056,open,U,U,U,,Zostera pacifica,2.219,33.7634,-118.1156,bed,small_embayment,13,12/2/24,60,Merkel,cross-3parallel,,targeted
183,B23-SAV-901,37.13376623,2,19.76923077,1,39.23076923,3,6.153846154,2,0,1,2.4,1,3.416666667,4,6.23025641,2,9.52,2,194.902,1,183.462,1,B23-SAV,Alamitos Bay,1.056,open,U,U,U,,Zostera pacifica,2.219,33.7634,-118.1156,bed,small_embayment,13,12/2/24,60,Merkel,cross-3parallel,,targeted
184,B23-SAV-901,37.13376623,2,19.76923077,1,39.23076923,3,6.153846154,2,0,1,2.4,1,3.416666667,4,6.23025641,2,9.52,2,194.902,1,183.462,1,B23-SAV,Alamitos Bay,1.056,open,U,U,U,,Zostera pacifica,2.219,33.7634,-118.1156,bed,small_embayment,13,12/2/24,60,Merkel,cross-3parallel,,targeted
185,B23-SAV-901,37.13376623,2,19.76923077,1,39.23076923,3,6.153846154,2,0,1,2.4,1,3.416666667,4,6.23025641,2,9.52,2,194.902,1,183.462,1,B23-SAV,Alamitos Bay,1.056,open,U,U,U,,Zostera pacifica,2.219,33.7634,-118.1156,bed,small_embayment,13,12/2/24,60,Merkel,cross-3parallel,,targeted
186,B23-SAV-901,37.13376623,2,19.76923077,1,39.23076923,3,6.153846154,2,0,1,2.4,1,3.416666667,4,6.23025641,2,9.52,2,194.902,1,183.462,1,B23-SAV,Alamitos Bay,1.056,open,U,U,U,,Zostera pacifica,2.219,33.7634,-118.1156,bed,small_embayment,13,12/2/24,60,Merkel,cross-3parallel,,targeted
187,B23-SAV-901,37.13376623,2,19.76923077,1,39.23076923,3,6.153846154,2,0,1,2.4,1,3.416666667,4,6.23025641,2,9.52,2,194.902,1,183.462,1,B23-SAV,Alamitos Bay,1.056,open,U,U,U,,Zostera pacifica,2.219,33.7634,-118.1156,bed,small_embayment,13,12/2/24,60,Merkel,cross-3parallel,,targeted
188,B23-SAV-901,37.13376623,2,19.76923077,1,39.23076923,3,6.153846154,2,0,1,2.4,1,3.416666667,4,6.23025641,2,9.52,2,194.902,1,183.462,1,B23-SAV,Alamitos Bay,1.056,open,U,U,U,,Zostera pacifica,2.219,33.7634,-118.1156,bed,small_embayment,13,12/2/24,60,Merkel,cross-3parallel,,targeted
189,B23-SAV-901,37.13376623,2,19.76923077,1,39.23076923,3,6.153846154,2,0,1,2.4,1,3.416666667,4,6.23025641,2,9.52,2,194.902,1,183.462,1,B23-SAV,Alamitos Bay,1.056,open,U,U,U,,Zostera pacifica,2.219,33.7634,-118.1156,bed,small_embayment,13,12/2/24,60,Merkel,cross-3parallel,,targeted
190,B23-SAV-901,37.13376623,2,19.76923077,1,39.23076923,3,6.153846154,2,0,1,2.4,1,3.416666667,4,6.23025641,2,9.52,2,194.902,1,183.462,1,B23-SAV,Alamitos Bay,1.056,open,U,U,U,,Zostera pacifica,2.219,33.7634,-118.1156,bed,small_embayment,13,12/2/24,60,Merkel,cross-3parallel,,targeted
191,B23-SAV-901,37.13376623,2,19.76923077,1,39.23076923,3,6.153846154,2,0,1,2.4,1,3.416666667,4,6.23025641,2,9.52,2,194.902,1,183.462,1,B23-SAV,Alamitos Bay,1.056,open,U,U,U,,Zostera pacifica,2.219,33.7634,-118.1156,bed,small_embayment,13,12/2/24,60,Merkel,cross-3parallel,,targeted
192,B23-SAV-901,37.13376623,2,19.76923077,1,39.23076923,3,6.153846154,2,0,1,2.4,1,3.416666667,4,6.23025641,2,9.52,2,194.902,1,183.462,1,B23-SAV,Alamitos Bay,1.056,open,U,U,U,,Zostera pacifica,2.219,33.7634,-118.1156,bed,small_embayment,13,12/2/24,60,Merkel,cross-3parallel,,targeted
193,B23-SAV-901,37.13376623,2,19.76923077,1,39.23076923,3,6.153846154,2,0,1,2.4,1,3.416666667,4,6.23025641,2,9.52,2,194.902,1,183.462,1,B23-SAV,Alamitos Bay,1.056,open,U,U,U,,Zostera pacifica,2.219,33.7634,-118.1156,bed,small_embayment,13,12/2/24,60,Merkel,cross-3parallel,,targeted
194,B23-SAV-901,37.13376623,2,19.76923077,1,39.23076923,3,6.153846154,2,0,1,2.4,1,3.416666667,4,6.23025641,2,9.52,2,194.902,1,183.462,1,B23-SAV,Alamitos Bay,1.056,open,U,U,U,,Zostera pacifica,2.219,33.7634,-118.1156,bed,small_embayment,13,12/2/24,60,Merkel,cross-3parallel,,targeted
195,B23-SAV-901,37.13376623,2,19.76923077,1,39.23076923,3,6.153846154,2,0,1,2.4,1,3.416666667,4,6.23025641,2,9.52,2,194.902,1,183.462,1,B23-SAV,Alamitos Bay,1.056,open,U,U,U,,Zostera pacifica,2.219,33.7634,-118.1156,bed,small_embayment,13,12/2/24,60,Merkel,cross-3parallel,,targeted
196,B23-SAV-901,37.13376623,2,19.76923077,1,39.23076923,3,6.153846154,2,0,1,2.4,1,3.416666667,4,6.23025641,2,9.52,2,194.902,1,183.462,1,B23-SAV,Alamitos Bay,1.056,open,U,U,U,,Zostera pacifica,2.219,33.7634,-118.1156,bed,small_embayment,13,12/2/24,60,Merkel,cross-3parallel,,targeted
197,B23-SAV-901,37.13376623,2,19.76923077,1,39.23076923,3,6.153846154,2,0,1,2.4,1,3.416666667,4,6.23025641,2,9.52,2,194.902,1,183.462,1,B23-SAV,Alamitos Bay,1.056,open,U,U,U,,Zostera pacifica,2.219,33.7634,-118.1156,bed,small_embayment,13,12/2/24,60,Merkel,cross-3parallel,,targeted
198,B23-SAV-901,37.13376623,2,19.76923077,1,39.23076923,3,6.153846154,2,0,1,2.4,1,3.416666667,4,6.23025641,2,9.52,2,194.902,1,183.462,1,B23-SAV,Alamitos Bay,1.056,open,U,U,U,,Zostera pacifica,2.219,33.7634,-118.1156,bed,small_embayment,13,12/2/24,60,Merkel,cross-3parallel,,targeted
199,B23-SAV-901,37.13376623,2,19.76923077,1,39.23076923,3,6.153846154,2,0,1,2.4,1,3.416666667,4,6.23025641,2,9.52,2,194.902,1,183.462,1,B23-SAV,Alamitos Bay,1.056,open,U,U,U,,Zostera pacifica,2.219,33.7634,-118.1156,bed,small_embayment,13,12/2/24,60,Merkel,cross-3parallel,,targeted
200,B23-SAV-901,37.13376623,2,19.76923077,1,39.23076923,3,6.153846154,2,0,1,2.4,1,3.416666667,4,6.23025641,2,9.52,2,194.902,1,183.462,1,B23-SAV,Alamitos Bay,1.056,open,U,U,U,,Zostera pacifica,2.219,33.7634,-118.1156,bed,small_embayment,13,12/2/24,60,Merkel,cross-3parallel,,targeted
201,B23-SAV-901,37.13376623,2,19.76923077,1,39.23076923,3,6.153846154,2,0,1,2.4,1,3.416666667,4,6.23025641,2,9.52,2,194.902,1,183.462,1,B23-SAV,Alamitos Bay,1.056,open,U,U,U,,Zostera pacifica,2.219,33.7634,-118.1156,bed,small_embayment,13,12/2/24,60,Merkel,cross-3parallel,,targeted
202,B23-SAV-901,37.13376623,2,19.76923077,1,39.23076923,3,6.153846154,2,0,1,2.4,1,3.416666667,4,6.23025641,2,9.52,2,194.902,1,183.462,1,B23-SAV,Alamitos Bay,1.056,open,U,U,U,,Zostera pacifica,2.219,33.7634,-118.1156,bed,small_embayment,13,12/2/24,60,Merkel,cross-3parallel,,targeted
203,B23-SAV-901,37.13376623,2,19.76923077,1,39.23076923,3,6.153846154,2,0,1,2.4,1,3.416666667,4,6.23025641,2,9.52,2,194.902,1,183.462,1,B23-SAV,Alamitos Bay,1.056,open,U,U,U,,Zostera pacifica,2.219,33.7634,-118.1156,bed,small_embayment,13,12/2/24,60,Merkel,cross-3parallel,,targeted
204,B23-SAV-901,37.13376623,2,19.76923077,1,39.23076923,3,6.153846154,2,0,1,2.4,1,3.416666667,4,6.23025641,2,9.52,2,194.902,1,183.462,1,B23-SAV,Alamitos Bay,1.056,open,U,U,U,,Zostera pacifica,2.219,33.7634,-118.1156,bed,small_embayment,13,12/2/24,60,Merkel,cross-3parallel,,targeted
205,B23-SAV-901,37.13376623,2,19.76923077,1,39.23076923,3,6.153846154,2,0,1,2.4,1,3.416666667,4,6.23025641,2,9.52,2,194.902,1,183.462,1,B23-SAV,Alamitos Bay,1.056,open,U,U,U,,Zostera pacifica,2.219,33.7634,-118.1156,bed,small_embayment,13,12/2/24,60,Merkel,cross-3parallel,,targeted
206,B23-SAV-901,37.13376623,2,19.76923077,1,39.23076923,3,6.153846154,2,0,1,2.4,1,3.416666667,4,6.23025641,2,9.52,2,194.902,1,183.462,1,B23-SAV,Alamitos Bay,1.056,open,U,U,U,,Zostera pacifica,2.219,33.7634,-118.1156,bed,small_embayment,13,12/2/24,60,Merkel,cross-3parallel,,targeted
207,B23-SAV-901,37.13376623,2,19.76923077,1,39.23076923,3,6.153846154,2,0,1,2.4,1,3.416666667,4,6.23025641,2,9.52,2,194.902,1,183.462,1,B23-SAV,Alamitos Bay,1.056,open,U,U,U,,Zostera pacifica,2.219,33.7634,-118.1156,bed,small_embayment,13,12/2/24,60,Merkel,cross-3parallel,,targeted
208,B23-SAV-901,37.13376623,2,19.76923077,1,39.23076923,3,6.153846154,2,0,1,2.4,1,3.416666667,4,6.23025641,2,9.52,2,194.902,1,183.462,1,B23-SAV,Alamitos Bay,1.056,open,U,U,U,,Zostera pacifica,2.219,33.7634,-118.1156,bed,small_embayment,13,12/2/24,60,Merkel,cross-3parallel,,targeted
209,B23-SAV-901,37.13376623,2,19.76923077,1,39.23076923,3,6.153846154,2,0,1,2.4,1,3.416666667,4,6.23025641,2,9.52,2,194.902,1,183.462,1,B23-SAV,Alamitos Bay,1.056,open,U,U,U,,Zostera pacifica,2.219,33.7634,-118.1156,bed,small_embayment,13,12/2/24,60,Merkel,cross-3parallel,,targeted
210,B23-SAV-901,37.13376623,2,19.76923077,1,39.23076923,3,6.153846154,2,0,1,2.4,1,3.416666667,4,6.23025641,2,9.52,2,194.902,1,183.462,1,B23-SAV,Alamitos Bay,1.056,open,U,U,U,,Zostera pacifica,2.219,33.7634,-118.1156,bed,small_embayment,13,12/2/24,60,Merkel,cross-3parallel,,targeted
211,B23-SAV-901,37.13376623,2,19.76923077,1,39.23076923,3,6.153846154,2,0,1,2.4,1,3.416666667,4,6.23025641,2,9.52,2,194.902,1,183.462,1,B23-SAV,Alamitos Bay,1.056,open,U,U,U,,Zostera pacifica,2.219,33.7634,-118.1156,bed,small_embayment,13,12/2/24,60,Merkel,cross-3parallel,,targeted
212,B23-SAV-901,37.13376623,2,19.76923077,1,39.23076923,3,6.153846154,2,0,1,2.4,1,3.416666667,4,6.23025641,2,9.52,2,194.902,1,183.462,1,B23-SAV,Alamitos Bay,1.056,open,U,U,U,,Zostera pacifica,2.219,33.7634,-118.1156,bed,small_embayment,13,12/2/24,60,Merkel,cross-3parallel,,targeted
213,B23-SAV-901,37.13376623,2,19.76923077,1,39.23076923,3,6.153846154,2,0,1,2.4,1,3.416666667,4,6.23025641,2,9.52,2,194.902,1,183.462,1,B23-SAV,Alamitos Bay,1.056,open,U,U,U,,Zostera pacifica,2.219,33.7634,-118.1156,bed,small_embayment,13,12/2/24,60,Merkel,cross-3parallel,,targeted
214,B23-SAV-901,37.13376623,2,19.76923077,1,39.23076923,3,6.153846154,2,0,1,2.4,1,3.416666667,4,6.23025641,2,9.52,2,194.902,1,183.462,1,B23-SAV,Alamitos Bay,1.056,open,U,U,U,,Zostera pacifica,2.219,33.7634,-118.1156,bed,small_embayment,13,12/2/24,60,Merkel,cross-3parallel,,targeted
215,B23-SAV-901,37.13376623,2,19.76923077,1,39.23076923,3,6.153846154,2,0,1,2.4,1,3.416666667,4,6.23025641,2,9.52,2,194.902,1,183.462,1,B23-SAV,Alamitos Bay,1.056,open,U,U,U,,Zostera pacifica,2.219,33.7634,-118.1156,bed,small_embayment,13,12/2/24,60,Merkel,cross-3parallel,,targeted
216,B23-SAV-901,37.13376623,2,19.76923077,1,39.23076923,3,6.153846154,2,0,1,2.4,1,3.416666667,4,6.23025641,2,9.52,2,194.902,1,183.462,1,B23-SAV,Alamitos Bay,1.056,open,U,U,U,,Zostera pacifica,2.219,33.7634,-118.1156,bed,small_embayment,13,12/2/24,60,Merkel,cross-3parallel,,targeted
217,B23-SAV-901,37.13376623,2,19.76923077,1,39.23076923,3,6.153846154,2,0,1,2.4,1,3.416666667,4,6.23025641,2,9.52,2,194.902,1,183.462,1,B23-SAV,Alamitos Bay,1.056,open,U,U,U,,Zostera pacifica,2.219,33.7634,-118.1156,bed,small_embayment,13,12/2/24,60,Merkel,cross-3parallel,,targeted
218,B23-SAV-901,37.13376623,2,19.76923077,1,39.23076923,3,6.153846154,2,0,1,2.4,1,3.416666667,4,6.23025641,2,9.52,2,194.902,1,183.462,1,B23-SAV,Alamitos Bay,1.056,open,U,U,U,,Zostera pacifica,2.219,33.7634,-118.1156,bed,small_embayment,13,12/2/24,60,Merkel,cross-3parallel,,targeted
219,B23-SAV-901,37.13376623,2,19.76923077,1,39.23076923,3,6.153846154,2,0,1,2.4,1,3.416666667,4,6.23025641,2,9.52,2,194.902,1,183.462,1,B23-SAV,Alamitos Bay,1.056,open,U,U,U,,Zostera pacifica,2.219,33.7634,-118.1156,bed,small_embayment,13,12/2/24,60,Merkel,cross-3parallel,,targeted
220,B23-SAV-901,37.13376623,2,19.76923077,1,39.23076923,3,6.153846154,2,0,1,2.4,1,3.416666667,4,6.23025641,2,9.52,2,194.902,1,183.462,1,B23-SAV,Alamitos Bay,1.056,open,U,U,U,,Zostera pacifica,2.219,33.7634,-118.1156,bed,small_embayment,13,12/2/24,60,Merkel,cross-3parallel,,targeted
221,B23-SAV-901,37.13376623,2,19.76923077,1,39.23076923,3,6.153846154,2,0,1,2.4,1,3.416666667,4,6.23025641,2,9.52,2,194.902,1,183.462,1,B23-SAV,Alamitos Bay,1.056,open,U,U,U,,Zostera pacifica,2.219,33.7634,-118.1156,bed,small_embayment,13,12/2/24,60,Merkel,cross-3parallel,,targeted
222,B23-SAV-901,37.13376623,2,19.76923077,1,39.23076923,3,6.153846154,2,0,1,2.4,1,3.416666667,4,6.23025641,2,9.52,2,194.902,1,183.462,1,B23-SAV,Alamitos Bay,1.056,open,U,U,U,,Zostera pacifica,2.219,33.7634,-118.1156,bed,small_embayment,13,12/2/24,60,Merkel,cross-3parallel,,targeted
223,B23-SAV-901,37.13376623,2,19.76923077,1,39.23076923,3,6.153846154,2,0,1,2.4,1,3.416666667,4,6.23025641,2,9.52,2,194.902,1,183.462,1,B23-SAV,Alamitos Bay,1.056,open,U,U,U,,Zostera pacifica,2.219,33.7634,-118.1156,bed,small_embayment,13,12/2/24,60,Merkel,cross-3parallel,,targeted
224,B23-SAV-901,37.13376623,2,19.76923077,1,39.23076923,3,6.153846154,2,0,1,2.4,1,3.416666667,4,6.23025641,2,9.52,2,194.902,1,183.462,1,B23-SAV,Alamitos Bay,1.056,open,U,U,U,,Zostera pacifica,2.219,33.7634,-118.1156,bed,small_embayment,13,12/2/24,60,Merkel,cross-3parallel,,targeted
225,B23-SAV-901,37.13376623,2,19.76923077,1,39.23076923,3,6.153846154,2,0,1,2.4,1,3.416666667,4,6.23025641,2,9.52,2,194.902,1,183.462,1,B23-SAV,Alamitos Bay,1.056,open,U,U,U,,Zostera pacifica,2.219,33.7634,-118.1156,bed,small_embayment,13,12/2/24,60,Merkel,cross-3parallel,,targeted
226,B23-SAV-901,37.13376623,2,19.76923077,1,39.23076923,3,6.153846154,2,0,1,2.4,1,3.416666667,4,6.23025641,2,9.52,2,194.902,1,183.462,1,B23-SAV,Alamitos Bay,1.056,open,U,U,U,,Zostera pacifica,2.219,33.7634,-118.1156,bed,small_embayment,13,12/2/24,60,Merkel,cross-3parallel,,targeted
227,B23-SAV-901,37.13376623,2,19.76923077,1,39.23076923,3,6.153846154,2,0,1,2.4,1,3.416666667,4,6.23025641,2,9.52,2,194.902,1,183.462,1,B23-SAV,Alamitos Bay,1.056,open,U,U,U,,Zostera pacifica,2.219,33.7634,-118.1156,bed,small_embayment,13,12/2/24,60,Merkel,cross-3parallel,,targeted
228,B23-SAV-901,37.13376623,2,19.76923077,1,39.23076923,3,6.153846154,2,0,1,2.4,1,3.416666667,4,6.23025641,2,9.52,2,194.902,1,183.462,1,B23-SAV,Alamitos Bay,1.056,open,U,U,U,,Zostera pacifica,2.219,33.7634,-118.1156,bed,small_embayment,13,12/2/24,60,Merkel,cross-3parallel,,targeted
229,B23-SAV-901,37.13376623,2,19.76923077,1,39.23076923,3,6.153846154,2,0,1,2.4,1,3.416666667,4,6.23025641,2,9.52,2,194.902,1,183.462,1,B23-SAV,Alamitos Bay,1.056,open,U,U,U,,Zostera pacifica,2.219,33.7634,-118.1156,bed,small_embayment,13,12/2/24,60,Merkel,cross-3parallel,,targeted
230,B23-SAV-901,37.13376623,2,19.76923077,1,39.23076923,3,6.153846154,2,0,1,2.4,1,3.416666667,4,6.23025641,2,9.52,2,194.902,1,183.462,1,B23-SAV,Alamitos Bay,1.056,open,U,U,U,,Zostera pacifica,2.219,33.7634,-118.1156,bed,small_embayment,13,12/2/24,60,Merkel,cross-3parallel,,targeted
231,B23-SAV-901,37.13376623,2,19.76923077,1,39.23076923,3,6.153846154,2,0,1,2.4,1,3.416666667,4,6.23025641,2,9.52,2,194.902,1,183.462,1,B23-SAV,Alamitos Bay,1.056,open,U,U,U,,Zostera pacifica,2.219,33.7634,-118.1156,bed,small_embayment,13,12/2/24,60,Merkel,cross-3parallel,,targeted
232,B23-SAV-901,37.13376623,2,19.76923077,1,39.23076923,3,6.153846154,2,0,1,2.4,1,3.416666667,4,6.23025641,2,9.52,2,194.902,1,183.462,1,B23-SAV,Alamitos Bay,1.056,open,U,U,U,,Zostera pacifica,2.219,33.7634,-118.1156,bed,small_embayment,13,12/2/24,60,Merkel,cross-3parallel,,targeted
233,B23-SAV-901,37.13376623,2,19.76923077,1,39.23076923,3,6.153846154,2,0,1,2.4,1,3.416666667,4,6.23025641,2,9.52,2,194.902,1,183.462,1,B23-SAV,Alamitos Bay,1.056,open,U,U,U,,Zostera pacifica,2.219,33.7634,-118.1156,bed,small_embayment,13,12/2/24,60,Merkel,cross-3parallel,,targeted
234,B23-SAV-901,37.13376623,2,19.76923077,1,39.23076923,3,6.153846154,2,0,1,2.4,1,3.416666667,4,6.23025641,2,9.52,2,194.902,1,183.462,1,B23-SAV,Alamitos Bay,1.056,open,U,U,U,,Zostera pacifica,2.219,33.7634,-118.1156,bed,small_embayment,13,12/2/24,60,Merkel,cross-3parallel,,targeted
235,B23-SAV-901,37.13376623,2,19.76923077,1,39.23076923,3,6.153846154,2,0,1,2.4,1,3.416666667,4,6.23025641,2,9.52,2,194.902,1,183.462,1,B23-SAV,Alamitos Bay,1.056,open,U,U,U,,Zostera pacifica,2.219,33.7634,-118.1156,bed,small_embayment,13,12/2/24,60,Merkel,cross-3parallel,,targeted
236,B23-SAV-901,37.13376623,2,19.76923077,1,39.23076923,3,6.153846154,2,0,1,2.4,1,3.416666667,4,6.23025641,2,9.52,2,194.902,1,183.462,1,B23-SAV,Alamitos Bay,1.056,open,U,U,U,,Zostera pacifica,2.219,33.7634,-118.1156,bed,small_embayment,13,12/2/24,60,Merkel,cross-3parallel,,targeted
237,B23-SAV-901,37.13376623,2,19.76923077,1,39.23076923,3,6.153846154,2,0,1,2.4,1,3.416666667,4,6.23025641,2,9.52,2,194.902,1,183.462,1,B23-SAV,Alamitos Bay,1.056,open,U,U,U,,Zostera pacifica,2.219,33.7634,-118.1156,bed,small_embayment,13,12/2/24,60,Merkel,cross-3parallel,,targeted
238,B23-SAV-901,37.13376623,2,19.76923077,1,39.23076923,3,6.153846154,2,0,1,2.4,1,3.416666667,4,6.23025641,2,9.52,2,194.902,1,183.462,1,B23-SAV,Alamitos Bay,1.056,open,U,U,U,,Zostera pacifica,2.219,33.7634,-118.1156,bed,small_embayment,13,12/2/24,60,Merkel,cross-3parallel,,targeted
239,B23-SAV-901,37.13376623,2,19.76923077,1,39.23076923,3,6.153846154,2,0,1,2.4,1,3.416666667,4,6.23025641,2,9.52,2,194.902,1,183.462,1,B23-SAV,Alamitos Bay,1.056,open,U,U,U,,Zostera pacifica,2.219,33.7634,-118.1156,bed,small_embayment,13,12/2/24,60,Merkel,cross-3parallel,,targeted
240,B23-SAV-901,37.13376623,2,19.76923077,1,39.23076923,3,6.153846154,2,0,1,2.4,1,3.416666667,4,6.23025641,2,9.52,2,194.902,1,183.462,1,B23-SAV,Alamitos Bay,1.056,open,U,U,U,,Zostera pacifica,2.219,33.7634,-118.1156,bed,small_embayment,13,12/2/24,60,Merkel,cross-3parallel,,targeted
241,B23-SAV-901,37.13376623,2,19.76923077,1,39.23076923,3,6.153846154,2,0,1,2.4,1,3.416666667,4,6.23025641,2,9.52,2,194.902,1,183.462,1,B23-SAV,Alamitos Bay,1.056,open,U,U,U,,Zostera pacifica,2.219,33.7634,-118.1156,bed,small_embayment,13,12/2/24,60,Merkel,cross-3parallel,,targeted
242,B23-SAV-901,37.13376623,2,19.76923077,1,39.23076923,3,6.153846154,2,0,1,2.4,1,3.416666667,4,6.23025641,2,9.52,2,194.902,1,183.462,1,B23-SAV,Alamitos Bay,1.056,open,U,U,U,,Zostera pacifica,2.219,33.7634,-118.1156,bed,small_embayment,13,12/2/24,60,Merkel,cross-3parallel,,targeted
243,B23-SAV-901,37.13376623,2,19.76923077,1,39.23076923,3,6.153846154,2,0,1,2.4,1,3.416666667,4,6.23025641,2,9.52,2,194.902,1,183.462,1,B23-SAV,Alamitos Bay,1.056,open,U,U,U,,Zostera pacifica,2.219,33.7634,-118.1156,bed,small_embayment,13,12/2/24,60,Merkel,cross-3parallel,,targeted
244,B23-SAV-901,37.13376623,2,19.76923077,1,39.23076923,3,6.153846154,2,0,1,2.4,1,3.416666667,4,6.23025641,2,9.52,2,194.902,1,183.462,1,B23-SAV,Alamitos Bay,1.056,open,U,U,U,,Zostera pacifica,2.219,33.7634,-118.1156,bed,small_embayment,13,12/2/24,60,Merkel,cross-3parallel,,targeted
245,B23-SAV-901,37.13376623,2,19.76923077,1,39.23076923,3,6.153846154,2,0,1,2.4,1,3.416666667,4,6.23025641,2,9.52,2,194.902,1,183.462,1,B23-SAV,Alamitos Bay,1.056,open,U,U,U,,Zostera pacifica,2.219,33.7634,-118.1156,bed,small_embayment,13,12/2/24,60,Merkel,cross-3parallel,,targeted
246,B23-SAV-901,37.13376623,2,19.76923077,1,39.23076923,3,6.153846154,2,0,1,2.4,1,3.416666667,4,6.23025641,2,9.52,2,194.902,1,183.462,1,B23-SAV,Alamitos Bay,1.056,open,U,U,U,,Zostera pacifica,2.219,33.7634,-118.1156,bed,small_embayment,13,12/2/24,60,Merkel,cross-3parallel,,targeted
247,B23-SAV-901,37.13376623,2,19.76923077,1,39.23076923,3,6.153846154,2,0,1,2.4,1,3.416666667,4,6.23025641,2,9.52,2,194.902,1,183.462,1,B23-SAV,Alamitos Bay,1.056,open,U,U,U,,Zostera pacifica,2.219,33.7634,-118.1156,bed,small_embayment,13,12/2/24,60,Merkel,cross-3parallel,,targeted
248,B23-SAV-901,37.13376623,2,19.76923077,1,39.23076923,3,6.153846154,2,0,1,2.4,1,3.416666667,4,6.23025641,2,9.52,2,194.902,1,183.462,1,B23-SAV,Alamitos Bay,1.056,open,U,U,U,,Zostera pacifica,2.219,33.7634,-118.1156,bed,small_embayment,13,12/2/24,60,Merkel,cross-3parallel,,targeted
249,B23-SAV-901,37.13376623,2,19.76923077,1,39.23076923,3,6.153846154,2,0,1,2.4,1,3.416666667,4,6.23025641,2,9.52,2,194.902,1,183.462,1,B23-SAV,Alamitos Bay,1.056,open,U,U,U,,Zostera pacifica,2.219,33.7634,-118.1156,bed,small_embayment,13,12/2/24,60,Merkel,cross-3parallel,,targeted
250,B23-SAV-901,37.13376623,2,19.76923077,1,39.23076923,3,6.153846154,2,0,1,2.4,1,3.416666667,4,6.23025641,2,9.52,2,194.902,1,183.462,1,B23-SAV,Alamitos Bay,1.056,open,U,U,U,,Zostera pacifica,2.219,33.7634,-118.1156,bed,small_embayment,13,12/2/24,60,Merkel,cross-3parallel,,targeted
251,B23-SAV-901,37.13376623,2,19.76923077,1,39.23076923,3,6.153846154,2,0,1,2.4,1,3.416666667,4,6.23025641,2,9.52,2,194.902,1,183.462,1,B23-SAV,Alamitos Bay,1.056,open,U,U,U,,Zostera pacifica,2.219,33.7634,-118.1156,bed,small_embayment,13,12/2/24,60,Merkel,cross-3parallel,,targeted
252,B23-SAV-901,37.13376623,2,19.76923077,1,39.23076923,3,6.153846154,2,0,1,2.4,1,3.416666667,4,6.23025641,2,9.52,2,194.902,1,183.462,1,B23-SAV,Alamitos Bay,1.056,open,U,U,U,,Zostera pacifica,2.219,33.7634,-118.1156,bed,small_embayment,13,12/2/24,60,Merkel,cross-3parallel,,targeted
253,B23-SAV-901,37.13376623,2,19.76923077,1,39.23076923,3,6.153846154,2,0,1,2.4,1,3.416666667,4,6.23025641,2,9.52,2,194.902,1,183.462,1,B23-SAV,Alamitos Bay,1.056,open,U,U,U,,Zostera pacifica,2.219,33.7634,-118.1156,bed,small_embayment,13,12/2/24,60,Merkel,cross-3parallel,,targeted
254,B23-SAV-901,37.13376623,2,19.76923077,1,39.23076923,3,6.153846154,2,0,1,2.4,1,3.416666667,4,6.23025641,2,9.52,2,194.902,1,183.462,1,B23-SAV,Alamitos Bay,1.056,open,U,U,U,,Zostera pacifica,2.219,33.7634,-118.1156,bed,small_embayment,13,12/2/24,60,Merkel,cross-3parallel,,targeted
255,B23-SAV-901,37.13376623,2,19.76923077,1,39.23076923,3,6.153846154,2,0,1,2.4,1,3.416666667,4,6.23025641,2,9.52,2,194.902,1,183.462,1,B23-SAV,Alamitos Bay,1.056,open,U,U,U,,Zostera pacifica,2.219,33.7634,-118.1156,bed,small_embayment,13,12/2/24,60,Merkel,cross-3parallel,,targeted
256,B23-SAV-901,37.13376623,2,19.76923077,1,39.23076923,3,6.153846154,2,0,1,2.4,1,3.416666667,4,6.23025641,2,9.52,2,194.902,1,183.462,1,B23-SAV,Alamitos Bay,1.056,open,U,U,U,,Zostera pacifica,2.219,33.7634,-118.1156,bed,small_embayment,13,12/2/24,60,Merkel,cross-3parallel,,targeted
257,B23-SAV-901,37.13376623,2,19.76923077,1,39.23076923,3,6.153846154,2,0,1,2.4,1,3.416666667,4,6.23025641,2,9.52,2,194.902,1,183.462,1,B23-SAV,Alamitos Bay,1.056,open,U,U,U,,Zostera pacifica,2.219,33.7634,-118.1156,bed,small_embayment,13,12/2/24,60,Merkel,cross-3parallel,,targeted
258,B23-SAV-901,37.13376623,2,19.76923077,1,39.23076923,3,6.153846154,2,0,1,2.4,1,3.416666667,4,6.23025641,2,9.52,2,194.902,1,183.462,1,B23-SAV,Alamitos Bay,1.056,open,U,U,U,,Zostera pacifica,2.219,33.7634,-118.1156,bed,small_embayment,13,12/2/24,60,Merkel,cross-3parallel,,targeted
259,B23-SAV-901,37.13376623,2,19.76923077,1,39.23076923,3,6.153846154,2,0,1,2.4,1,3.416666667,4,6.23025641,2,9.52,2,194.902,1,183.462,1,B23-SAV,Alamitos Bay,1.056,open,U,U,U,,Zostera pacifica,2.219,33.7634,-118.1156,bed,small_embayment,13,12/2/24,60,Merkel,cross-3parallel,,targeted
260,B23-SAV-901,37.13376623,2,19.76923077,1,39.23076923,3,6.153846154,2,0,1,2.4,1,3.416666667,4,6.23025641,2,9.52,2,194.902,1,183.462,1,B23-SAV,Alamitos Bay,1.056,open,U,U,U,,Zostera pacifica,2.219,33.7634,-118.1156,bed,small_embayment,13,12/2/24,60,Merkel,cross-3parallel,,targeted
261,B23-SAV-901,37.13376623,2,19.76923077,1,39.23076923,3,6.153846154,2,0,1,2.4,1,3.416666667,4,6.23025641,2,9.52,2,194.902,1,183.462,1,B23-SAV,Alamitos Bay,1.056,open,U,U,U,,Zostera pacifica,2.219,33.7634,-118.1156,bed,small_embayment,13,12/2/24,60,Merkel,cross-3parallel,,targeted
262,B23-SAV-901,37.13376623,2,19.76923077,1,39.23076923,3,6.153846154,2,0,1,2.4,1,3.416666667,4,6.23025641,2,9.52,2,194.902,1,183.462,1,B23-SAV,Alamitos Bay,1.056,open,U,U,U,,Zostera pacifica,2.219,33.7634,-118.1156,bed,small_embayment,13,12/2/24,60,Merkel,cross-3parallel,,targeted
263,B23-SAV-901,37.13376623,2,19.76923077,1,39.23076923,3,6.153846154,2,0,1,2.4,1,3.416666667,4,6.23025641,2,9.52,2,194.902,1,183.462,1,B23-SAV,Alamitos Bay,1.056,open,U,U,U,,Zostera pacifica,2.219,33.7634,-118.1156,bed,small_embayment,13,12/2/24,60,Merkel,cross-3parallel,,targeted
264,B23-SAV-901,37.13376623,2,19.76923077,1,39.23076923,3,6.153846154,2,0,1,2.4,1,3.416666667,4,6.23025641,2,9.52,2,194.902,1,183.462,1,B23-SAV,Alamitos Bay,1.056,open,U,U,U,,Zostera pacifica,2.219,33.7634,-118.1156,bed,small_embayment,13,12/2/24,60,Merkel,cross-3parallel,,targeted
265,B23-SAV-901,37.13376623,2,19.76923077,1,39.23076923,3,6.153846154,2,0,1,2.4,1,3.416666667,4,6.23025641,2,9.52,2,194.902,1,183.462,1,B23-SAV,Alamitos Bay,1.056,open,U,U,U,,Zostera pacifica,2.219,33.7634,-118.1156,bed,small_embayment,13,12/2/24,60,Merkel,cross-3parallel,,targeted
266,B23-SAV-901,37.13376623,2,19.76923077,1,39.23076923,3,6.153846154,2,0,1,2.4,1,3.416666667,4,6.23025641,2,9.52,2,194.902,1,183.462,1,B23-SAV,Alamitos Bay,1.056,open,U,U,U,,Zostera pacifica,2.219,33.7634,-118.1156,bed,small_embayment,13,12/2/24,60,Merkel,cross-3parallel,,targeted
267,B23-SAV-901,37.13376623,2,19.76923077,1,39.23076923,3,6.153846154,2,0,1,2.4,1,3.416666667,4,6.23025641,2,9.52,2,194.902,1,183.462,1,B23-SAV,Alamitos Bay,1.056,open,U,U,U,,Zostera pacifica,2.219,33.7634,-118.1156,bed,small_embayment,13,12/2/24,60,Merkel,cross-3parallel,,targeted
268,B23-SAV-901,37.13376623,2,19.76923077,1,39.23076923,3,6.153846154,2,0,1,2.4,1,3.416666667,4,6.23025641,2,9.52,2,194.902,1,183.462,1,B23-SAV,Alamitos Bay,1.056,open,U,U,U,,Zostera pacifica,2.219,33.7634,-118.1156,bed,small_embayment,13,12/2/24,60,Merkel,cross-3parallel,,targeted
269,B23-SAV-901,37.13376623,2,19.76923077,1,39.23076923,3,6.153846154,2,0,1,2.4,1,3.416666667,4,6.23025641,2,9.52,2,194.902,1,183.462,1,B23-SAV,Alamitos Bay,1.056,open,U,U,U,,Zostera pacifica,2.219,33.7634,-118.1156,bed,small_embayment,13,12/2/24,60,Merkel,cross-3parallel,,targeted
270,B23-SAV-902,33.55,2,14.53846154,1,48.46153846,4,0,1,0,1,3,1,3.266666667,4,8.466344086,2,68.8,3,407.322,3,142.34,1,B23-SAV,Alamitos Bay,3.1525,open,U,U,U,,Zostera pacifica,2.444,33.7473,-118.1184,NA,small_embayment,13,12/2/24,118,Merkel,cross-3parallel,NA,targeted
271,B23-SAV-902,33.55,2,14.53846154,1,48.46153846,4,0,1,0,1,3,1,3.266666667,4,8.466344086,2,68.8,3,407.322,3,142.34,1,B23-SAV,Alamitos Bay,3.1525,open,U,U,U,,Zostera pacifica,2.444,33.7473,-118.1184,NA,small_embayment,13,12/2/24,118,Merkel,cross-3parallel,NA,targeted
272,B23-SAV-902,33.55,2,14.53846154,1,48.46153846,4,0,1,0,1,3,1,3.266666667,4,8.466344086,2,68.8,3,407.322,3,142.34,1,B23-SAV,Alamitos Bay,3.1525,open,U,U,U,,Zostera pacifica,2.444,33.7473,-118.1184,NA,small_embayment,13,12/2/24,118,Merkel,cross-3parallel,NA,targeted
273,B23-SAV-902,33.55,2,14.53846154,1,48.46153846,4,0,1,0,1,3,1,3.266666667,4,8.466344086,2,68.8,3,407.322,3,142.34,1,B23-SAV,Alamitos Bay,3.1525,open,U,U,U,,Zostera pacifica,2.444,33.7473,-118.1184,NA,small_embayment,13,12/2/24,118,Merkel,cross-3parallel,NA,targeted
274,B23-SAV-902,33.55,2,14.53846154,1,48.46153846,4,0,1,0,1,3,1,3.266666667,4,8.466344086,2,68.8,3,407.322,3,142.34,1,B23-SAV,Alamitos Bay,3.1525,open,U,U,U,,Zostera pacifica,2.444,33.7473,-118.1184,NA,small_embayment,13,12/2/24,118,Merkel,cross-3parallel,NA,targeted
275,B23-SAV-902,33.55,2,14.53846154,1,48.46153846,4,0,1,0,1,3,1,3.266666667,4,8.466344086,2,68.8,3,407.322,3,142.34,1,B23-SAV,Alamitos Bay,3.1525,open,U,U,U,,Zostera pacifica,2.444,33.7473,-118.1184,NA,small_embayment,13,12/2/24,118,Merkel,cross-3parallel,NA,targeted
276,B23-SAV-902,33.55,2,14.53846154,1,48.46153846,4,0,1,0,1,3,1,3.266666667,4,8.466344086,2,68.8,3,407.322,3,142.34,1,B23-SAV,Alamitos Bay,3.1525,open,U,U,U,,Zostera pacifica,2.444,33.7473,-118.1184,NA,small_embayment,13,12/2/24,118,Merkel,cross-3parallel,NA,targeted
277,B23-SAV-902,33.55,2,14.53846154,1,48.46153846,4,0,1,0,1,3,1,3.266666667,4,8.466344086,2,68.8,3,407.322,3,142.34,1,B23-SAV,Alamitos Bay,3.1525,open,U,U,U,,Zostera pacifica,2.444,33.7473,-118.1184,NA,small_embayment,13,12/2/24,118,Merkel,cross-3parallel,NA,targeted
278,B23-SAV-902,33.55,2,14.53846154,1,48.46153846,4,0,1,0,1,3,1,3.266666667,4,8.466344086,2,68.8,3,407.322,3,142.34,1,B23-SAV,Alamitos Bay,3.1525,open,U,U,U,,Zostera pacifica,2.444,33.7473,-118.1184,NA,small_embayment,13,12/2/24,118,Merkel,cross-3parallel,NA,targeted
279,B23-SAV-902,33.55,2,14.53846154,1,48.46153846,4,0,1,0,1,3,1,3.266666667,4,8.466344086,2,68.8,3,407.322,3,142.34,1,B23-SAV,Alamitos Bay,3.1525,open,U,U,U,,Zostera pacifica,2.444,33.7473,-118.1184,NA,small_embayment,13,12/2/24,118,Merkel,cross-3parallel,NA,targeted
280,B23-SAV-902,33.55,2,14.53846154,1,48.46153846,4,0,1,0,1,3,1,3.266666667,4,8.466344086,2,68.8,3,407.322,3,142.34,1,B23-SAV,Alamitos Bay,3.1525,open,U,U,U,,Zostera pacifica,2.444,33.7473,-118.1184,NA,small_embayment,13,12/2/24,118,Merkel,cross-3parallel,NA,targeted
281,B23-SAV-902,33.55,2,14.53846154,1,48.46153846,4,0,1,0,1,3,1,3.266666667,4,8.466344086,2,68.8,3,407.322,3,142.34,1,B23-SAV,Alamitos Bay,3.1525,open,U,U,U,,Zostera pacifica,2.444,33.7473,-118.1184,NA,small_embayment,13,12/2/24,118,Merkel,cross-3parallel,NA,targeted
282,B23-SAV-902,33.55,2,14.53846154,1,48.46153846,4,0,1,0,1,3,1,3.266666667,4,8.466344086,2,68.8,3,407.322,3,142.34,1,B23-SAV,Alamitos Bay,3.1525,open,U,U,U,,Zostera pacifica,2.444,33.7473,-118.1184,NA,small_embayment,13,12/2/24,118,Merkel,cross-3parallel,NA,targeted
283,B23-SAV-902,33.55,2,14.53846154,1,48.46153846,4,0,1,0,1,3,1,3.266666667,4,8.466344086,2,68.8,3,407.322,3,142.34,1,B23-SAV,Alamitos Bay,3.1525,open,U,U,U,,Zostera pacifica,2.444,33.7473,-118.1184,NA,small_embayment,13,12/2/24,118,Merkel,cross-3parallel,NA,targeted
284,B23-SAV-902,33.55,2,14.53846154,1,48.46153846,4,0,1,0,1,3,1,3.266666667,4,8.466344086,2,68.8,3,407.322,3,142.34,1,B23-SAV,Alamitos Bay,3.1525,open,U,U,U,,Zostera pacifica,2.444,33.7473,-118.1184,NA,small_embayment,13,12/2/24,118,Merkel,cross-3parallel,NA,targeted
285,B23-SAV-902,33.55,2,14.53846154,1,48.46153846,4,0,1,0,1,3,1,3.266666667,4,8.466344086,2,68.8,3,407.322,3,142.34,1,B23-SAV,Alamitos Bay,3.1525,open,U,U,U,,Zostera pacifica,2.444,33.7473,-118.1184,NA,small_embayment,13,12/2/24,118,Merkel,cross-3parallel,NA,targeted
286,B23-SAV-902,33.55,2,14.53846154,1,48.46153846,4,0,1,0,1,3,1,3.266666667,4,8.466344086,2,68.8,3,407.322,3,142.34,1,B23-SAV,Alamitos Bay,3.1525,open,U,U,U,,Zostera pacifica,2.444,33.7473,-118.1184,NA,small_embayment,13,12/2/24,118,Merkel,cross-3parallel,NA,targeted
287,B23-SAV-902,33.55,2,14.53846154,1,48.46153846,4,0,1,0,1,3,1,3.266666667,4,8.466344086,2,68.8,3,407.322,3,142.34,1,B23-SAV,Alamitos Bay,3.1525,open,U,U,U,,Zostera pacifica,2.444,33.7473,-118.1184,NA,small_embayment,13,12/2/24,118,Merkel,cross-3parallel,NA,targeted
288,B23-SAV-902,33.55,2,14.53846154,1,48.46153846,4,0,1,0,1,3,1,3.266666667,4,8.466344086,2,68.8,3,407.322,3,142.34,1,B23-SAV,Alamitos Bay,3.1525,open,U,U,U,,Zostera pacifica,2.444,33.7473,-118.1184,NA,small_embayment,13,12/2/24,118,Merkel,cross-3parallel,NA,targeted
289,B23-SAV-902,33.55,2,14.53846154,1,48.46153846,4,0,1,0,1,3,1,3.266666667,4,8.466344086,2,68.8,3,407.322,3,142.34,1,B23-SAV,Alamitos Bay,3.1525,open,U,U,U,,Zostera pacifica,2.444,33.7473,-118.1184,NA,small_embayment,13,12/2/24,118,Merkel,cross-3parallel,NA,targeted
290,B23-SAV-902,33.55,2,14.53846154,1,48.46153846,4,0,1,0,1,3,1,3.266666667,4,8.466344086,2,68.8,3,407.322,3,142.34,1,B23-SAV,Alamitos Bay,3.1525,open,U,U,U,,Zostera pacifica,2.444,33.7473,-118.1184,NA,small_embayment,13,12/2/24,118,Merkel,cross-3parallel,NA,targeted
291,B23-SAV-902,33.55,2,14.53846154,1,48.46153846,4,0,1,0,1,3,1,3.266666667,4,8.466344086,2,68.8,3,407.322,3,142.34,1,B23-SAV,Alamitos Bay,3.1525,open,U,U,U,,Zostera pacifica,2.444,33.7473,-118.1184,NA,small_embayment,13,12/2/24,118,Merkel,cross-3parallel,NA,targeted
292,B23-SAV-902,33.55,2,14.53846154,1,48.46153846,4,0,1,0,1,3,1,3.266666667,4,8.466344086,2,68.8,3,407.322,3,142.34,1,B23-SAV,Alamitos Bay,3.1525,open,U,U,U,,Zostera pacifica,2.444,33.7473,-118.1184,NA,small_embayment,13,12/2/24,118,Merkel,cross-3parallel,NA,targeted
293,B23-SAV-902,33.55,2,14.53846154,1,48.46153846,4,0,1,0,1,3,1,3.266666667,4,8.466344086,2,68.8,3,407.322,3,142.34,1,B23-SAV,Alamitos Bay,3.1525,open,U,U,U,,Zostera pacifica,2.444,33.7473,-118.1184,NA,small_embayment,13,12/2/24,118,Merkel,cross-3parallel,NA,targeted
294,B23-SAV-902,33.55,2,14.53846154,1,48.46153846,4,0,1,0,1,3,1,3.266666667,4,8.466344086,2,68.8,3,407.322,3,142.34,1,B23-SAV,Alamitos Bay,3.1525,open,U,U,U,,Zostera pacifica,2.444,33.7473,-118.1184,NA,small_embayment,13,12/2/24,118,Merkel,cross-3parallel,NA,targeted
295,B23-SAV-902,33.55,2,14.53846154,1,48.46153846,4,0,1,0,1,3,1,3.266666667,4,8.466344086,2,68.8,3,407.322,3,142.34,1,B23-SAV,Alamitos Bay,3.1525,open,U,U,U,,Zostera pacifica,2.444,33.7473,-118.1184,NA,small_embayment,13,12/2/24,118,Merkel,cross-3parallel,NA,targeted
296,B23-SAV-902,33.55,2,14.53846154,1,48.46153846,4,0,1,0,1,3,1,3.266666667,4,8.466344086,2,68.8,3,407.322,3,142.34,1,B23-SAV,Alamitos Bay,3.1525,open,U,U,U,,Zostera pacifica,2.444,33.7473,-118.1184,NA,small_embayment,13,12/2/24,118,Merkel,cross-3parallel,NA,targeted
297,B23-SAV-902,33.55,2,14.53846154,1,48.46153846,4,0,1,0,1,3,1,3.266666667,4,8.466344086,2,68.8,3,407.322,3,142.34,1,B23-SAV,Alamitos Bay,3.1525,open,U,U,U,,Zostera pacifica,2.444,33.7473,-118.1184,NA,small_embayment,13,12/2/24,118,Merkel,cross-3parallel,NA,targeted
298,B23-SAV-902,33.55,2,14.53846154,1,48.46153846,4,0,1,0,1,3,1,3.266666667,4,8.466344086,2,68.8,3,407.322,3,142.34,1,B23-SAV,Alamitos Bay,3.1525,open,U,U,U,,Zostera pacifica,2.444,33.7473,-118.1184,NA,small_embayment,13,12/2/24,118,Merkel,cross-3parallel,NA,targeted
299,B23-SAV-902,33.55,2,14.53846154,1,48.46153846,4,0,1,0,1,3,1,3.266666667,4,8.466344086,2,68.8,3,407.322,3,142.34,1,B23-SAV,Alamitos Bay,3.1525,open,U,U,U,,Zostera pacifica,2.444,33.7473,-118.1184,NA,small_embayment,13,12/2/24,118,Merkel,cross-3parallel,NA,targeted
300,B23-SAV-902,33.55,2,14.53846154,1,48.46153846,4,0,1,0,1,3,1,3.266666667,4,8.466344086,2,68.8,3,407.322,3,142.34,1,B23-SAV,Alamitos Bay,3.1525,open,U,U,U,,Zostera pacifica,2.444,33.7473,-118.1184,NA,small_embayment,13,12/2/24,118,Merkel,cross-3parallel,NA,targeted
301,B23-SAV-902,33.55,2,14.53846154,1,48.46153846,4,0,1,0,1,3,1,3.266666667,4,8.466344086,2,68.8,3,407.322,3,142.34,1,B23-SAV,Alamitos Bay,3.1525,open,U,U,U,,Zostera pacifica,2.444,33.7473,-118.1184,NA,small_embayment,13,12/2/24,118,Merkel,cross-3parallel,NA,targeted
302,B23-SAV-902,33.55,2,14.53846154,1,48.46153846,4,0,1,0,1,3,1,3.266666667,4,8.466344086,2,68.8,3,407.322,3,142.34,1,B23-SAV,Alamitos Bay,3.1525,open,U,U,U,,Zostera pacifica,2.444,33.7473,-118.1184,NA,small_embayment,13,12/2/24,118,Merkel,cross-3parallel,NA,targeted
303,B23-SAV-902,33.55,2,14.53846154,1,48.46153846,4,0,1,0,1,3,1,3.266666667,4,8.466344086,2,68.8,3,407.322,3,142.34,1,B23-SAV,Alamitos Bay,3.1525,open,U,U,U,,Zostera pacifica,2.444,33.7473,-118.1184,NA,small_embayment,13,12/2/24,118,Merkel,cross-3parallel,NA,targeted
304,B23-SAV-902,33.55,2,14.53846154,1,48.46153846,4,0,1,0,1,3,1,3.266666667,4,8.466344086,2,68.8,3,407.322,3,142.34,1,B23-SAV,Alamitos Bay,3.1525,open,U,U,U,,Zostera pacifica,2.444,33.7473,-118.1184,NA,small_embayment,13,12/2/24,118,Merkel,cross-3parallel,NA,targeted
305,B23-SAV-902,33.55,2,14.53846154,1,48.46153846,4,0,1,0,1,3,1,3.266666667,4,8.466344086,2,68.8,3,407.322,3,142.34,1,B23-SAV,Alamitos Bay,3.1525,open,U,U,U,,Zostera pacifica,2.444,33.7473,-118.1184,NA,small_embayment,13,12/2/24,118,Merkel,cross-3parallel,NA,targeted
306,B23-SAV-902,33.55,2,14.53846154,1,48.46153846,4,0,1,0,1,3,1,3.266666667,4,8.466344086,2,68.8,3,407.322,3,142.34,1,B23-SAV,Alamitos Bay,3.1525,open,U,U,U,,Zostera pacifica,2.444,33.7473,-118.1184,NA,small_embayment,13,12/2/24,118,Merkel,cross-3parallel,NA,targeted
307,B23-SAV-902,33.55,2,14.53846154,1,48.46153846,4,0,1,0,1,3,1,3.266666667,4,8.466344086,2,68.8,3,407.322,3,142.34,1,B23-SAV,Alamitos Bay,3.1525,open,U,U,U,,Zostera pacifica,2.444,33.7473,-118.1184,NA,small_embayment,13,12/2/24,118,Merkel,cross-3parallel,NA,targeted
308,B23-SAV-902,33.55,2,14.53846154,1,48.46153846,4,0,1,0,1,3,1,3.266666667,4,8.466344086,2,68.8,3,407.322,3,142.34,1,B23-SAV,Alamitos Bay,3.1525,open,U,U,U,,Zostera pacifica,2.444,33.7473,-118.1184,NA,small_embayment,13,12/2/24,118,Merkel,cross-3parallel,NA,targeted
309,B23-SAV-902,33.55,2,14.53846154,1,48.46153846,4,0,1,0,1,3,1,3.266666667,4,8.466344086,2,68.8,3,407.322,3,142.34,1,B23-SAV,Alamitos Bay,3.1525,open,U,U,U,,Zostera pacifica,2.444,33.7473,-118.1184,NA,small_embayment,13,12/2/24,118,Merkel,cross-3parallel,NA,targeted
310,B23-SAV-902,33.55,2,14.53846154,1,48.46153846,4,0,1,0,1,3,1,3.266666667,4,8.466344086,2,68.8,3,407.322,3,142.34,1,B23-SAV,Alamitos Bay,3.1525,open,U,U,U,,Zostera pacifica,2.444,33.7473,-118.1184,NA,small_embayment,13,12/2/24,118,Merkel,cross-3parallel,NA,targeted
311,B23-SAV-902,33.55,2,14.53846154,1,48.46153846,4,0,1,0,1,3,1,3.266666667,4,8.466344086,2,68.8,3,407.322,3,142.34,1,B23-SAV,Alamitos Bay,3.1525,open,U,U,U,,Zostera pacifica,2.444,33.7473,-118.1184,NA,small_embayment,13,12/2/24,118,Merkel,cross-3parallel,NA,targeted
312,B23-SAV-902,33.55,2,14.53846154,1,48.46153846,4,0,1,0,1,3,1,3.266666667,4,8.466344086,2,68.8,3,407.322,3,142.34,1,B23-SAV,Alamitos Bay,3.1525,open,U,U,U,,Zostera pacifica,2.444,33.7473,-118.1184,NA,small_embayment,13,12/2/24,118,Merkel,cross-3parallel,NA,targeted
313,B23-SAV-902,33.55,2,14.53846154,1,48.46153846,4,0,1,0,1,3,1,3.266666667,4,8.466344086,2,68.8,3,407.322,3,142.34,1,B23-SAV,Alamitos Bay,3.1525,open,U,U,U,,Zostera pacifica,2.444,33.7473,-118.1184,NA,small_embayment,13,12/2/24,118,Merkel,cross-3parallel,NA,targeted
314,B23-SAV-902,33.55,2,14.53846154,1,48.46153846,4,0,1,0,1,3,1,3.266666667,4,8.466344086,2,68.8,3,407.322,3,142.34,1,B23-SAV,Alamitos Bay,3.1525,open,U,U,U,,Zostera pacifica,2.444,33.7473,-118.1184,NA,small_embayment,13,12/2/24,118,Merkel,cross-3parallel,NA,targeted
315,B23-SAV-902,33.55,2,14.53846154,1,48.46153846,4,0,1,0,1,3,1,3.266666667,4,8.466344086,2,68.8,3,407.322,3,142.34,1,B23-SAV,Alamitos Bay,3.1525,open,U,U,U,,Zostera pacifica,2.444,33.7473,-118.1184,NA,small_embayment,13,12/2/24,118,Merkel,cross-3parallel,NA,targeted
316,B23-SAV-902,33.55,2,14.53846154,1,48.46153846,4,0,1,0,1,3,1,3.266666667,4,8.466344086,2,68.8,3,407.322,3,142.34,1,B23-SAV,Alamitos Bay,3.1525,open,U,U,U,,Zostera pacifica,2.444,33.7473,-118.1184,NA,small_embayment,13,12/2/24,118,Merkel,cross-3parallel,NA,targeted
317,B23-SAV-902,33.55,2,14.53846154,1,48.46153846,4,0,1,0,1,3,1,3.266666667,4,8.466344086,2,68.8,3,407.322,3,142.34,1,B23-SAV,Alamitos Bay,3.1525,open,U,U,U,,Zostera pacifica,2.444,33.7473,-118.1184,NA,small_embayment,13,12/2/24,118,Merkel,cross-3parallel,NA,targeted
318,B23-SAV-902,33.55,2,14.53846154,1,48.46153846,4,0,1,0,1,3,1,3.266666667,4,8.466344086,2,68.8,3,407.322,3,142.34,1,B23-SAV,Alamitos Bay,3.1525,open,U,U,U,,Zostera pacifica,2.444,33.7473,-118.1184,NA,small_embayment,13,12/2/24,118,Merkel,cross-3parallel,NA,targeted
319,B23-SAV-902,33.55,2,14.53846154,1,48.46153846,4,0,1,0,1,3,1,3.266666667,4,8.466344086,2,68.8,3,407.322,3,142.34,1,B23-SAV,Alamitos Bay,3.1525,open,U,U,U,,Zostera pacifica,2.444,33.7473,-118.1184,NA,small_embayment,13,12/2/24,118,Merkel,cross-3parallel,NA,targeted
320,B23-SAV-902,33.55,2,14.53846154,1,48.46153846,4,0,1,0,1,3,1,3.266666667,4,8.466344086,2,68.8,3,407.322,3,142.34,1,B23-SAV,Alamitos Bay,3.1525,open,U,U,U,,Zostera pacifica,2.444,33.7473,-118.1184,NA,small_embayment,13,12/2/24,118,Merkel,cross-3parallel,NA,targeted
321,B23-SAV-902,33.55,2,14.53846154,1,48.46153846,4,0,1,0,1,3,1,3.266666667,4,8.466344086,2,68.8,3,407.322,3,142.34,1,B23-SAV,Alamitos Bay,3.1525,open,U,U,U,,Zostera pacifica,2.444,33.7473,-118.1184,NA,small_embayment,13,12/2/24,118,Merkel,cross-3parallel,NA,targeted
322,B23-SAV-902,33.55,2,14.53846154,1,48.46153846,4,0,1,0,1,3,1,3.266666667,4,8.466344086,2,68.8,3,407.322,3,142.34,1,B23-SAV,Alamitos Bay,3.1525,open,U,U,U,,Zostera pacifica,2.444,33.7473,-118.1184,NA,small_embayment,13,12/2/24,118,Merkel,cross-3parallel,NA,targeted
323,B23-SAV-902,33.55,2,14.53846154,1,48.46153846,4,0,1,0,1,3,1,3.266666667,4,8.466344086,2,68.8,3,407.322,3,142.34,1,B23-SAV,Alamitos Bay,3.1525,open,U,U,U,,Zostera pacifica,2.444,33.7473,-118.1184,NA,small_embayment,13,12/2/24,118,Merkel,cross-3parallel,NA,targeted
324,B23-SAV-902,33.55,2,14.53846154,1,48.46153846,4,0,1,0,1,3,1,3.266666667,4,8.466344086,2,68.8,3,407.322,3,142.34,1,B23-SAV,Alamitos Bay,3.1525,open,U,U,U,,Zostera pacifica,2.444,33.7473,-118.1184,NA,small_embayment,13,12/2/24,118,Merkel,cross-3parallel,NA,targeted
325,B23-SAV-902,33.55,2,14.53846154,1,48.46153846,4,0,1,0,1,3,1,3.266666667,4,8.466344086,2,68.8,3,407.322,3,142.34,1,B23-SAV,Alamitos Bay,3.1525,open,U,U,U,,Zostera pacifica,2.444,33.7473,-118.1184,NA,small_embayment,13,12/2/24,118,Merkel,cross-3parallel,NA,targeted
326,B23-SAV-902,33.55,2,14.53846154,1,48.46153846,4,0,1,0,1,3,1,3.266666667,4,8.466344086,2,68.8,3,407.322,3,142.34,1,B23-SAV,Alamitos Bay,3.1525,open,U,U,U,,Zostera pacifica,2.444,33.7473,-118.1184,NA,small_embayment,13,12/2/24,118,Merkel,cross-3parallel,NA,targeted
327,B23-SAV-902,33.55,2,14.53846154,1,48.46153846,4,0,1,0,1,3,1,3.266666667,4,8.466344086,2,68.8,3,407.322,3,142.34,1,B23-SAV,Alamitos Bay,3.1525,open,U,U,U,,Zostera pacifica,2.444,33.7473,-118.1184,NA,small_embayment,13,12/2/24,118,Merkel,cross-3parallel,NA,targeted
328,B23-SAV-902,33.55,2,14.53846154,1,48.46153846,4,0,1,0,1,3,1,3.266666667,4,8.466344086,2,68.8,3,407.322,3,142.34,1,B23-SAV,Alamitos Bay,3.1525,open,U,U,U,,Zostera pacifica,2.444,33.7473,-118.1184,NA,small_embayment,13,12/2/24,118,Merkel,cross-3parallel,NA,targeted
329,B23-SAV-902,33.55,2,14.53846154,1,48.46153846,4,0,1,0,1,3,1,3.266666667,4,8.466344086,2,68.8,3,407.322,3,142.34,1,B23-SAV,Alamitos Bay,3.1525,open,U,U,U,,Zostera pacifica,2.444,33.7473,-118.1184,NA,small_embayment,13,12/2/24,118,Merkel,cross-3parallel,NA,targeted
330,B23-SAV-902,33.55,2,14.53846154,1,48.46153846,4,0,1,0,1,3,1,3.266666667,4,8.466344086,2,68.8,3,407.322,3,142.34,1,B23-SAV,Alamitos Bay,3.1525,open,U,U,U,,Zostera pacifica,2.444,33.7473,-118.1184,NA,small_embayment,13,12/2/24,118,Merkel,cross-3parallel,NA,targeted
331,B23-SAV-902,33.55,2,14.53846154,1,48.46153846,4,0,1,0,1,3,1,3.266666667,4,8.466344086,2,68.8,3,407.322,3,142.34,1,B23-SAV,Alamitos Bay,3.1525,open,U,U,U,,Zostera pacifica,2.444,33.7473,-118.1184,NA,small_embayment,13,12/2/24,118,Merkel,cross-3parallel,NA,targeted
332,B23-SAV-902,33.55,2,14.53846154,1,48.46153846,4,0,1,0,1,3,1,3.266666667,4,8.466344086,2,68.8,3,407.322,3,142.34,1,B23-SAV,Alamitos Bay,3.1525,open,U,U,U,,Zostera pacifica,2.444,33.7473,-118.1184,NA,small_embayment,13,12/2/24,118,Merkel,cross-3parallel,NA,targeted
333,B23-SAV-902,33.55,2,14.53846154,1,48.46153846,4,0,1,0,1,3,1,3.266666667,4,8.466344086,2,68.8,3,407.322,3,142.34,1,B23-SAV,Alamitos Bay,3.1525,open,U,U,U,,Zostera pacifica,2.444,33.7473,-118.1184,NA,small_embayment,13,12/2/24,118,Merkel,cross-3parallel,NA,targeted
334,B23-SAV-902,33.55,2,14.53846154,1,48.46153846,4,0,1,0,1,3,1,3.266666667,4,8.466344086,2,68.8,3,407.322,3,142.34,1,B23-SAV,Alamitos Bay,3.1525,open,U,U,U,,Zostera pacifica,2.444,33.7473,-118.1184,NA,small_embayment,13,12/2/24,118,Merkel,cross-3parallel,NA,targeted
335,B23-SAV-902,33.55,2,14.53846154,1,48.46153846,4,0,1,0,1,3,1,3.266666667,4,8.466344086,2,68.8,3,407.322,3,142.34,1,B23-SAV,Alamitos Bay,3.1525,open,U,U,U,,Zostera pacifica,2.444,33.7473,-118.1184,NA,small_embayment,13,12/2/24,118,Merkel,cross-3parallel,NA,targeted
336,B23-SAV-902,33.55,2,14.53846154,1,48.46153846,4,0,1,0,1,3,1,3.266666667,4,8.466344086,2,68.8,3,407.322,3,142.34,1,B23-SAV,Alamitos Bay,3.1525,open,U,U,U,,Zostera pacifica,2.444,33.7473,-118.1184,NA,small_embayment,13,12/2/24,118,Merkel,cross-3parallel,NA,targeted
337,B23-SAV-902,33.55,2,14.53846154,1,48.46153846,4,0,1,0,1,3,1,3.266666667,4,8.466344086,2,68.8,3,407.322,3,142.34,1,B23-SAV,Alamitos Bay,3.1525,open,U,U,U,,Zostera pacifica,2.444,33.7473,-118.1184,NA,small_embayment,13,12/2/24,118,Merkel,cross-3parallel,NA,targeted
338,B23-SAV-902,33.55,2,14.53846154,1,48.46153846,4,0,1,0,1,3,1,3.266666667,4,8.466344086,2,68.8,3,407.322,3,142.34,1,B23-SAV,Alamitos Bay,3.1525,open,U,U,U,,Zostera pacifica,2.444,33.7473,-118.1184,NA,small_embayment,13,12/2/24,118,Merkel,cross-3parallel,NA,targeted
339,B23-SAV-902,33.55,2,14.53846154,1,48.46153846,4,0,1,0,1,3,1,3.266666667,4,8.466344086,2,68.8,3,407.322,3,142.34,1,B23-SAV,Alamitos Bay,3.1525,open,U,U,U,,Zostera pacifica,2.444,33.7473,-118.1184,NA,small_embayment,13,12/2/24,118,Merkel,cross-3parallel,NA,targeted
340,B23-SAV-902,33.55,2,14.53846154,1,48.46153846,4,0,1,0,1,3,1,3.266666667,4,8.466344086,2,68.8,3,407.322,3,142.34,1,B23-SAV,Alamitos Bay,3.1525,open,U,U,U,,Zostera pacifica,2.444,33.7473,-118.1184,NA,small_embayment,13,12/2/24,118,Merkel,cross-3parallel,NA,targeted
341,B23-SAV-902,33.55,2,14.53846154,1,48.46153846,4,0,1,0,1,3,1,3.266666667,4,8.466344086,2,68.8,3,407.322,3,142.34,1,B23-SAV,Alamitos Bay,3.1525,open,U,U,U,,Zostera pacifica,2.444,33.7473,-118.1184,NA,small_embayment,13,12/2/24,118,Merkel,cross-3parallel,NA,targeted
342,B23-SAV-902,33.55,2,14.53846154,1,48.46153846,4,0,1,0,1,3,1,3.266666667,4,8.466344086,2,68.8,3,407.322,3,142.34,1,B23-SAV,Alamitos Bay,3.1525,open,U,U,U,,Zostera pacifica,2.444,33.7473,-118.1184,NA,small_embayment,13,12/2/24,118,Merkel,cross-3parallel,NA,targeted
343,B23-SAV-902,33.55,2,14.53846154,1,48.46153846,4,0,1,0,1,3,1,3.266666667,4,8.466344086,2,68.8,3,407.322,3,142.34,1,B23-SAV,Alamitos Bay,3.1525,open,U,U,U,,Zostera pacifica,2.444,33.7473,-118.1184,NA,small_embayment,13,12/2/24,118,Merkel,cross-3parallel,NA,targeted
344,B23-SAV-902,33.55,2,14.53846154,1,48.46153846,4,0,1,0,1,3,1,3.266666667,4,8.466344086,2,68.8,3,407.322,3,142.34,1,B23-SAV,Alamitos Bay,3.1525,open,U,U,U,,Zostera pacifica,2.444,33.7473,-118.1184,NA,small_embayment,13,12/2/24,118,Merkel,cross-3parallel,NA,targeted
345,B23-SAV-902,33.55,2,14.53846154,1,48.46153846,4,0,1,0,1,3,1,3.266666667,4,8.466344086,2,68.8,3,407.322,3,142.34,1,B23-SAV,Alamitos Bay,3.1525,open,U,U,U,,Zostera pacifica,2.444,33.7473,-118.1184,NA,small_embayment,13,12/2/24,118,Merkel,cross-3parallel,NA,targeted
346,B23-SAV-902,33.55,2,14.53846154,1,48.46153846,4,0,1,0,1,3,1,3.266666667,4,8.466344086,2,68.8,3,407.322,3,142.34,1,B23-SAV,Alamitos Bay,3.1525,open,U,U,U,,Zostera pacifica,2.444,33.7473,-118.1184,NA,small_embayment,13,12/2/24,118,Merkel,cross-3parallel,NA,targeted
347,B23-SAV-902,33.55,2,14.53846154,1,48.46153846,4,0,1,0,1,3,1,3.266666667,4,8.466344086,2,68.8,3,407.322,3,142.34,1,B23-SAV,Alamitos Bay,3.1525,open,U,U,U,,Zostera pacifica,2.444,33.7473,-118.1184,NA,small_embayment,13,12/2/24,118,Merkel,cross-3parallel,NA,targeted
348,B23-SAV-902,33.55,2,14.53846154,1,48.46153846,4,0,1,0,1,3,1,3.266666667,4,8.466344086,2,68.8,3,407.322,3,142.34,1,B23-SAV,Alamitos Bay,3.1525,open,U,U,U,,Zostera pacifica,2.444,33.7473,-118.1184,NA,small_embayment,13,12/2/24,118,Merkel,cross-3parallel,NA,targeted
349,B23-SAV-902,33.55,2,14.53846154,1,48.46153846,4,0,1,0,1,3,1,3.266666667,4,8.466344086,2,68.8,3,407.322,3,142.34,1,B23-SAV,Alamitos Bay,3.1525,open,U,U,U,,Zostera pacifica,2.444,33.7473,-118.1184,NA,small_embayment,13,12/2/24,118,Merkel,cross-3parallel,NA,targeted
350,B23-SAV-902,33.55,2,14.53846154,1,48.46153846,4,0,1,0,1,3,1,3.266666667,4,8.466344086,2,68.8,3,407.322,3,142.34,1,B23-SAV,Alamitos Bay,3.1525,open,U,U,U,,Zostera pacifica,2.444,33.7473,-118.1184,NA,small_embayment,13,12/2/24,118,Merkel,cross-3parallel,NA,targeted
351,B23-SAV-902,33.55,2,14.53846154,1,48.46153846,4,0,1,0,1,3,1,3.266666667,4,8.466344086,2,68.8,3,407.322,3,142.34,1,B23-SAV,Alamitos Bay,3.1525,open,U,U,U,,Zostera pacifica,2.444,33.7473,-118.1184,NA,small_embayment,13,12/2/24,118,Merkel,cross-3parallel,NA,targeted
352,B23-SAV-902,33.55,2,14.53846154,1,48.46153846,4,0,1,0,1,3,1,3.266666667,4,8.466344086,2,68.8,3,407.322,3,142.34,1,B23-SAV,Alamitos Bay,3.1525,open,U,U,U,,Zostera pacifica,2.444,33.7473,-118.1184,NA,small_embayment,13,12/2/24,118,Merkel,cross-3parallel,NA,targeted
353,B23-SAV-902,33.55,2,14.53846154,1,48.46153846,4,0,1,0,1,3,1,3.266666667,4,8.466344086,2,68.8,3,407.322,3,142.34,1,B23-SAV,Alamitos Bay,3.1525,open,U,U,U,,Zostera pacifica,2.444,33.7473,-118.1184,NA,small_embayment,13,12/2/24,118,Merkel,cross-3parallel,NA,targeted
354,B23-SAV-902,33.55,2,14.53846154,1,48.46153846,4,0,1,0,1,3,1,3.266666667,4,8.466344086,2,68.8,3,407.322,3,142.34,1,B23-SAV,Alamitos Bay,3.1525,open,U,U,U,,Zostera pacifica,2.444,33.7473,-118.1184,NA,small_embayment,13,12/2/24,118,Merkel,cross-3parallel,NA,targeted
355,B23-SAV-902,33.55,2,14.53846154,1,48.46153846,4,0,1,0,1,3,1,3.266666667,4,8.466344086,2,68.8,3,407.322,3,142.34,1,B23-SAV,Alamitos Bay,3.1525,open,U,U,U,,Zostera pacifica,2.444,33.7473,-118.1184,NA,small_embayment,13,12/2/24,118,Merkel,cross-3parallel,NA,targeted
356,B23-SAV-902,33.55,2,14.53846154,1,48.46153846,4,0,1,0,1,3,1,3.266666667,4,8.466344086,2,68.8,3,407.322,3,142.34,1,B23-SAV,Alamitos Bay,3.1525,open,U,U,U,,Zostera pacifica,2.444,33.7473,-118.1184,NA,small_embayment,13,12/2/24,118,Merkel,cross-3parallel,NA,targeted
357,B23-SAV-902,33.55,2,14.53846154,1,48.46153846,4,0,1,0,1,3,1,3.266666667,4,8.466344086,2,68.8,3,407.322,3,142.34,1,B23-SAV,Alamitos Bay,3.1525,open,U,U,U,,Zostera pacifica,2.444,33.7473,-118.1184,NA,small_embayment,13,12/2/24,118,Merkel,cross-3parallel,NA,targeted
358,B23-SAV-902,33.55,2,14.53846154,1,48.46153846,4,0,1,0,1,3,1,3.266666667,4,8.466344086,2,68.8,3,407.322,3,142.34,1,B23-SAV,Alamitos Bay,3.1525,open,U,U,U,,Zostera pacifica,2.444,33.7473,-118.1184,NA,small_embayment,13,12/2/24,118,Merkel,cross-3parallel,NA,targeted
359,B23-SAV-902,33.55,2,14.53846154,1,48.46153846,4,0,1,0,1,3,1,3.266666667,4,8.466344086,2,68.8,3,407.322,3,142.34,1,B23-SAV,Alamitos Bay,3.1525,open,U,U,U,,Zostera pacifica,2.444,33.7473,-118.1184,NA,small_embayment,13,12/2/24,118,Merkel,cross-3parallel,NA,targeted
360,B23-SAV-902,33.55,2,14.53846154,1,48.46153846,4,0,1,0,1,3,1,3.266666667,4,8.466344086,2,68.8,3,407.322,3,142.34,1,B23-SAV,Alamitos Bay,3.1525,open,U,U,U,,Zostera pacifica,2.444,33.7473,-118.1184,NA,small_embayment,13,12/2/24,118,Merkel,cross-3parallel,NA,targeted
361,B23-SAV-902,33.55,2,14.53846154,1,48.46153846,4,0,1,0,1,3,1,3.266666667,4,8.466344086,2,68.8,3,407.322,3,142.34,1,B23-SAV,Alamitos Bay,3.1525,open,U,U,U,,Zostera pacifica,2.444,33.7473,-118.1184,NA,small_embayment,13,12/2/24,118,Merkel,cross-3parallel,NA,targeted
362,B23-SAV-902,33.55,2,14.53846154,1,48.46153846,4,0,1,0,1,3,1,3.266666667,4,8.466344086,2,68.8,3,407.322,3,142.34,1,B23-SAV,Alamitos Bay,3.1525,open,U,U,U,,Zostera pacifica,2.444,33.7473,-118.1184,NA,small_embayment,13,12/2/24,118,Merkel,cross-3parallel,NA,targeted
363,B23-SAV-902,33.55,2,14.53846154,1,48.46153846,4,0,1,0,1,3,1,3.266666667,4,8.466344086,2,68.8,3,407.322,3,142.34,1,B23-SAV,Alamitos Bay,3.1525,open,U,U,U,,Zostera pacifica,2.444,33.7473,-118.1184,NA,small_embayment,13,12/2/24,118,Merkel,cross-3parallel,NA,targeted
364,B23-SAV-902,33.55,2,14.53846154,1,48.46153846,4,0,1,0,1,3,1,3.266666667,4,8.466344086,2,68.8,3,407.322,3,142.34,1,B23-SAV,Alamitos Bay,3.1525,open,U,U,U,,Zostera pacifica,2.444,33.7473,-118.1184,NA,small_embayment,13,12/2/24,118,Merkel,cross-3parallel,NA,targeted
365,B23-SAV-902,33.55,2,14.53846154,1,48.46153846,4,0,1,0,1,3,1,3.266666667,4,8.466344086,2,68.8,3,407.322,3,142.34,1,B23-SAV,Alamitos Bay,3.1525,open,U,U,U,,Zostera pacifica,2.444,33.7473,-118.1184,NA,small_embayment,13,12/2/24,118,Merkel,cross-3parallel,NA,targeted
366,B23-SAV-902,33.55,2,14.53846154,1,48.46153846,4,0,1,0,1,3,1,3.266666667,4,8.466344086,2,68.8,3,407.322,3,142.34,1,B23-SAV,Alamitos Bay,3.1525,open,U,U,U,,Zostera pacifica,2.444,33.7473,-118.1184,NA,small_embayment,13,12/2/24,118,Merkel,cross-3parallel,NA,targeted
367,B23-SAV-902,33.55,2,14.53846154,1,48.46153846,4,0,1,0,1,3,1,3.266666667,4,8.466344086,2,68.8,3,407.322,3,142.34,1,B23-SAV,Alamitos Bay,3.1525,open,U,U,U,,Zostera pacifica,2.444,33.7473,-118.1184,NA,small_embayment,13,12/2/24,118,Merkel,cross-3parallel,NA,targeted
368,B23-SAV-902,33.55,2,14.53846154,1,48.46153846,4,0,1,0,1,3,1,3.266666667,4,8.466344086,2,68.8,3,407.322,3,142.34,1,B23-SAV,Alamitos Bay,3.1525,open,U,U,U,,Zostera pacifica,2.444,33.7473,-118.1184,NA,small_embayment,13,12/2/24,118,Merkel,cross-3parallel,NA,targeted
369,B23-SAV-902,33.55,2,14.53846154,1,48.46153846,4,0,1,0,1,3,1,3.266666667,4,8.466344086,2,68.8,3,407.322,3,142.34,1,B23-SAV,Alamitos Bay,3.1525,open,U,U,U,,Zostera pacifica,2.444,33.7473,-118.1184,NA,small_embayment,13,12/2/24,118,Merkel,cross-3parallel,NA,targeted
370,B23-SAV-902,33.55,2,14.53846154,1,48.46153846,4,0,1,0,1,3,1,3.266666667,4,8.466344086,2,68.8,3,407.322,3,142.34,1,B23-SAV,Alamitos Bay,3.1525,open,U,U,U,,Zostera pacifica,2.444,33.7473,-118.1184,NA,small_embayment,13,12/2/24,118,Merkel,cross-3parallel,NA,targeted
371,B23-SAV-902,33.55,2,14.53846154,1,48.46153846,4,0,1,0,1,3,1,3.266666667,4,8.466344086,2,68.8,3,407.322,3,142.34,1,B23-SAV,Alamitos Bay,3.1525,open,U,U,U,,Zostera pacifica,2.444,33.7473,-118.1184,NA,small_embayment,13,12/2/24,118,Merkel,cross-3parallel,NA,targeted
372,B23-SAV-902,33.55,2,14.53846154,1,48.46153846,4,0,1,0,1,3,1,3.266666667,4,8.466344086,2,68.8,3,407.322,3,142.34,1,B23-SAV,Alamitos Bay,3.1525,open,U,U,U,,Zostera pacifica,2.444,33.7473,-118.1184,NA,small_embayment,13,12/2/24,118,Merkel,cross-3parallel,NA,targeted
373,B23-SAV-902,33.55,2,14.53846154,1,48.46153846,4,0,1,0,1,3,1,3.266666667,4,8.466344086,2,68.8,3,407.322,3,142.34,1,B23-SAV,Alamitos Bay,3.1525,open,U,U,U,,Zostera pacifica,2.444,33.7473,-118.1184,NA,small_embayment,13,12/2/24,118,Merkel,cross-3parallel,NA,targeted
374,B23-SAV-902,33.55,2,14.53846154,1,48.46153846,4,0,1,0,1,3,1,3.266666667,4,8.466344086,2,68.8,3,407.322,3,142.34,1,B23-SAV,Alamitos Bay,3.1525,open,U,U,U,,Zostera pacifica,2.444,33.7473,-118.1184,NA,small_embayment,13,12/2/24,118,Merkel,cross-3parallel,NA,targeted
375,B23-SAV-902,33.55,2,14.53846154,1,48.46153846,4,0,1,0,1,3,1,3.266666667,4,8.466344086,2,68.8,3,407.322,3,142.34,1,B23-SAV,Alamitos Bay,3.1525,open,U,U,U,,Zostera pacifica,2.444,33.7473,-118.1184,NA,small_embayment,13,12/2/24,118,Merkel,cross-3parallel,NA,targeted
376,B23-SAV-902,33.55,2,14.53846154,1,48.46153846,4,0,1,0,1,3,1,3.266666667,4,8.466344086,2,68.8,3,407.322,3,142.34,1,B23-SAV,Alamitos Bay,3.1525,open,U,U,U,,Zostera pacifica,2.444,33.7473,-118.1184,NA,small_embayment,13,12/2/24,118,Merkel,cross-3parallel,NA,targeted
377,B23-SAV-902,33.55,2,14.53846154,1,48.46153846,4,0,1,0,1,3,1,3.266666667,4,8.466344086,2,68.8,3,407.322,3,142.34,1,B23-SAV,Alamitos Bay,3.1525,open,U,U,U,,Zostera pacifica,2.444,33.7473,-118.1184,NA,small_embayment,13,12/2/24,118,Merkel,cross-3parallel,NA,targeted
378,B23-SAV-902,33.55,2,14.53846154,1,48.46153846,4,0,1,0,1,3,1,3.266666667,4,8.466344086,2,68.8,3,407.322,3,142.34,1,B23-SAV,Alamitos Bay,3.1525,open,U,U,U,,Zostera pacifica,2.444,33.7473,-118.1184,NA,small_embayment,13,12/2/24,118,Merkel,cross-3parallel,NA,targeted
379,B23-SAV-902,33.55,2,14.53846154,1,48.46153846,4,0,1,0,1,3,1,3.266666667,4,8.466344086,2,68.8,3,407.322,3,142.34,1,B23-SAV,Alamitos Bay,3.1525,open,U,U,U,,Zostera pacifica,2.444,33.7473,-118.1184,NA,small_embayment,13,12/2/24,118,Merkel,cross-3parallel,NA,targeted
380,B23-SAV-902,33.55,2,14.53846154,1,48.46153846,4,0,1,0,1,3,1,3.266666667,4,8.466344086,2,68.8,3,407.322,3,142.34,1,B23-SAV,Alamitos Bay,3.1525,open,U,U,U,,Zostera pacifica,2.444,33.7473,-118.1184,NA,small_embayment,13,12/2/24,118,Merkel,cross-3parallel,NA,targeted
381,B23-SAV-902,33.55,2,14.53846154,1,48.46153846,4,0,1,0,1,3,1,3.266666667,4,8.466344086,2,68.8,3,407.322,3,142.34,1,B23-SAV,Alamitos Bay,3.1525,open,U,U,U,,Zostera pacifica,2.444,33.7473,-118.1184,NA,small_embayment,13,12/2/24,118,Merkel,cross-3parallel,NA,targeted
382,B23-SAV-902,33.55,2,14.53846154,1,48.46153846,4,0,1,0,1,3,1,3.266666667,4,8.466344086,2,68.8,3,407.322,3,142.34,1,B23-SAV,Alamitos Bay,3.1525,open,U,U,U,,Zostera pacifica,2.444,33.7473,-118.1184,NA,small_embayment,13,12/2/24,118,Merkel,cross-3parallel,NA,targeted
383,B23-SAV-902,33.55,2,14.53846154,1,48.46153846,4,0,1,0,1,3,1,3.266666667,4,8.466344086,2,68.8,3,407.322,3,142.34,1,B23-SAV,Alamitos Bay,3.1525,open,U,U,U,,Zostera pacifica,2.444,33.7473,-118.1184,NA,small_embayment,13,12/2/24,118,Merkel,cross-3parallel,NA,targeted
384,B23-SAV-902,33.55,2,14.53846154,1,48.46153846,4,0,1,0,1,3,1,3.266666667,4,8.466344086,2,68.8,3,407.322,3,142.34,1,B23-SAV,Alamitos Bay,3.1525,open,U,U,U,,Zostera pacifica,2.444,33.7473,-118.1184,NA,small_embayment,13,12/2/24,118,Merkel,cross-3parallel,NA,targeted
385,B23-SAV-902,33.55,2,14.53846154,1,48.46153846,4,0,1,0,1,3,1,3.266666667,4,8.466344086,2,68.8,3,407.322,3,142.34,1,B23-SAV,Alamitos Bay,3.1525,open,U,U,U,,Zostera pacifica,2.444,33.7473,-118.1184,NA,small_embayment,13,12/2/24,118,Merkel,cross-3parallel,NA,targeted
386,B23-SAV-902,33.55,2,14.53846154,1,48.46153846,4,0,1,0,1,3,1,3.266666667,4,8.466344086,2,68.8,3,407.322,3,142.34,1,B23-SAV,Alamitos Bay,3.1525,open,U,U,U,,Zostera pacifica,2.444,33.7473,-118.1184,NA,small_embayment,13,12/2/24,118,Merkel,cross-3parallel,NA,targeted
387,B23-SAV-902,33.55,2,14.53846154,1,48.46153846,4,0,1,0,1,3,1,3.266666667,4,8.466344086,2,68.8,3,407.322,3,142.34,1,B23-SAV,Alamitos Bay,3.1525,open,U,U,U,,Zostera pacifica,2.444,33.7473,-118.1184,NA,small_embayment,13,12/2/24,118,Merkel,cross-3parallel,,targeted
388,B23-SAV-902,33.55,2,14.53846154,1,48.46153846,4,0,1,0,1,3,1,3.266666667,4,8.466344086,2,68.8,3,407.322,3,142.34,1,B23-SAV,Alamitos Bay,3.1525,open,U,U,U,,Zostera pacifica,2.444,33.7473,-118.1184,NA,small_embayment,13,12/2/24,118,Merkel,cross-3parallel,,targeted
389,B23-SAV-902,33.55,2,14.53846154,1,48.46153846,4,0,1,0,1,3,1,3.266666667,4,8.466344086,2,68.8,3,407.322,3,142.34,1,B23-SAV,Alamitos Bay,3.1525,open,U,U,U,,Zostera pacifica,2.444,33.7473,-118.1184,NA,small_embayment,13,12/2/24,118,Merkel,cross-3parallel,,targeted
390,B23-SAV-902,33.55,2,14.53846154,1,48.46153846,4,0,1,0,1,3,1,3.266666667,4,8.466344086,2,68.8,3,407.322,3,142.34,1,B23-SAV,Alamitos Bay,3.1525,open,U,U,U,,Zostera pacifica,2.444,33.7473,-118.1184,NA,small_embayment,13,12/2/24,118,Merkel,cross-3parallel,,targeted
391,B23-SAV-902,33.55,2,14.53846154,1,48.46153846,4,0,1,0,1,3,1,3.266666667,4,8.466344086,2,68.8,3,407.322,3,142.34,1,B23-SAV,Alamitos Bay,3.1525,open,U,U,U,,Zostera pacifica,2.444,33.7473,-118.1184,NA,small_embayment,13,12/2/24,118,Merkel,cross-3parallel,,targeted
392,B23-SAV-902,33.55,2,14.53846154,1,48.46153846,4,0,1,0,1,3,1,3.266666667,4,8.466344086,2,68.8,3,407.322,3,142.34,1,B23-SAV,Alamitos Bay,3.1525,open,U,U,U,,Zostera pacifica,2.444,33.7473,-118.1184,NA,small_embayment,13,12/2/24,118,Merkel,cross-3parallel,,targeted
393,B23-SAV-902,33.55,2,14.53846154,1,48.46153846,4,0,1,0,1,3,1,3.266666667,4,8.466344086,2,68.8,3,407.322,3,142.34,1,B23-SAV,Alamitos Bay,3.1525,open,U,U,U,,Zostera pacifica,2.444,33.7473,-118.1184,NA,small_embayment,13,12/2/24,118,Merkel,cross-3parallel,,targeted
394,B23-SAV-902,33.55,2,14.53846154,1,48.46153846,4,0,1,0,1,3,1,3.266666667,4,8.466344086,2,68.8,3,407.322,3,142.34,1,B23-SAV,Alamitos Bay,3.1525,open,U,U,U,,Zostera pacifica,2.444,33.7473,-118.1184,NA,small_embayment,13,12/2/24,118,Merkel,cross-3parallel,,targeted
395,B23-SAV-902,33.55,2,14.53846154,1,48.46153846,4,0,1,0,1,3,1,3.266666667,4,8.466344086,2,68.8,3,407.322,3,142.34,1,B23-SAV,Alamitos Bay,3.1525,open,U,U,U,,Zostera pacifica,2.444,33.7473,-118.1184,NA,small_embayment,13,12/2/24,118,Merkel,cross-3parallel,,targeted
396,B23-SAV-902,33.55,2,14.53846154,1,48.46153846,4,0,1,0,1,3,1,3.266666667,4,8.466344086,2,68.8,3,407.322,3,142.34,1,B23-SAV,Alamitos Bay,3.1525,open,U,U,U,,Zostera pacifica,2.444,33.7473,-118.1184,NA,small_embayment,13,12/2/24,118,Merkel,cross-3parallel,,targeted
397,B23-SAV-902,33.55,2,14.53846154,1,48.46153846,4,0,1,0,1,3,1,3.266666667,4,8.466344086,2,68.8,3,407.322,3,142.34,1,B23-SAV,Alamitos Bay,3.1525,open,U,U,U,,Zostera pacifica,2.444,33.7473,-118.1184,NA,small_embayment,13,12/2/24,118,Merkel,cross-3parallel,,targeted
398,B23-SAV-902,33.55,2,14.53846154,1,48.46153846,4,0,1,0,1,3,1,3.266666667,4,8.466344086,2,68.8,3,407.322,3,142.34,1,B23-SAV,Alamitos Bay,3.1525,open,U,U,U,,Zostera pacifica,2.444,33.7473,-118.1184,NA,small_embayment,13,12/2/24,118,Merkel,cross-3parallel,,targeted
399,B23-SAV-902,33.55,2,14.53846154,1,48.46153846,4,0,1,0,1,3,1,3.266666667,4,8.466344086,2,68.8,3,407.322,3,142.34,1,B23-SAV,Alamitos Bay,3.1525,open,U,U,U,,Zostera pacifica,2.444,33.7473,-118.1184,NA,small_embayment,13,12/2/24,118,Merkel,cross-3parallel,,targeted
400,B23-SAV-902,33.55,2,14.53846154,1,48.46153846,4,0,1,0,1,3,1,3.266666667,4,8.466344086,2,68.8,3,407.322,3,142.34,1,B23-SAV,Alamitos Bay,3.1525,open,U,U,U,,Zostera pacifica,2.444,33.7473,-118.1184,NA,small_embayment,13,12/2/24,118,Merkel,cross-3parallel,,targeted
401,B23-SAV-902,33.55,2,14.53846154,1,48.46153846,4,0,1,0,1,3,1,3.266666667,4,8.466344086,2,68.8,3,407.322,3,142.34,1,B23-SAV,Alamitos Bay,3.1525,open,U,U,U,,Zostera pacifica,2.444,33.7473,-118.1184,NA,small_embayment,13,12/2/24,118,Merkel,cross-3parallel,,targeted
402,B23-SAV-902,33.55,2,14.53846154,1,48.46153846,4,0,1,0,1,3,1,3.266666667,4,8.466344086,2,68.8,3,407.322,3,142.34,1,B23-SAV,Alamitos Bay,3.1525,open,U,U,U,,Zostera pacifica,2.444,33.7473,-118.1184,NA,small_embayment,13,12/2/24,118,Merkel,cross-3parallel,,targeted
403,B23-SAV-902,33.55,2,14.53846154,1,48.46153846,4,0,1,0,1,3,1,3.266666667,4,8.466344086,2,68.8,3,407.322,3,142.34,1,B23-SAV,Alamitos Bay,3.1525,open,U,U,U,,Zostera pacifica,2.444,33.7473,-118.1184,NA,small_embayment,13,12/2/24,118,Merkel,cross-3parallel,,targeted
404,B23-SAV-902,33.55,2,14.53846154,1,48.46153846,4,0,1,0,1,3,1,3.266666667,4,8.466344086,2,68.8,3,407.322,3,142.34,1,B23-SAV,Alamitos Bay,3.1525,open,U,U,U,,Zostera pacifica,2.444,33.7473,-118.1184,NA,small_embayment,13,12/2/24,118,Merkel,cross-3parallel,,targeted
405,B23-SAV-902,33.55,2,14.53846154,1,48.46153846,4,0,1,0,1,3,1,3.266666667,4,8.466344086,2,68.8,3,407.322,3,142.34,1,B23-SAV,Alamitos Bay,3.1525,open,U,U,U,,Zostera pacifica,2.444,33.7473,-118.1184,NA,small_embayment,13,12/2/24,118,Merkel,cross-3parallel,,targeted
406,B23-SAV-902,33.55,2,14.53846154,1,48.46153846,4,0,1,0,1,3,1,3.266666667,4,8.466344086,2,68.8,3,407.322,3,142.34,1,B23-SAV,Alamitos Bay,3.1525,open,U,U,U,,Zostera pacifica,2.444,33.7473,-118.1184,NA,small_embayment,13,12/2/24,118,Merkel,cross-3parallel,,targeted
407,B23-SAV-902,33.55,2,14.53846154,1,48.46153846,4,0,1,0,1,3,1,3.266666667,4,8.466344086,2,68.8,3,407.322,3,142.34,1,B23-SAV,Alamitos Bay,3.1525,open,U,U,U,,Zostera pacifica,2.444,33.7473,-118.1184,NA,small_embayment,13,12/2/24,118,Merkel,cross-3parallel,,targeted
408,B23-SAV-902,33.55,2,14.53846154,1,48.46153846,4,0,1,0,1,3,1,3.266666667,4,8.466344086,2,68.8,3,407.322,3,142.34,1,B23-SAV,Alamitos Bay,3.1525,open,U,U,U,,Zostera pacifica,2.444,33.7473,-118.1184,NA,small_embayment,13,12/2/24,118,Merkel,cross-3parallel,,targeted
409,B23-SAV-902,33.55,2,14.53846154,1,48.46153846,4,0,1,0,1,3,1,3.266666667,4,8.466344086,2,68.8,3,407.322,3,142.34,1,B23-SAV,Alamitos Bay,3.1525,open,U,U,U,,Zostera pacifica,2.444,33.7473,-118.1184,NA,small_embayment,13,12/2/24,118,Merkel,cross-3parallel,,targeted
410,B23-SAV-902,33.55,2,14.53846154,1,48.46153846,4,0,1,0,1,3,1,3.266666667,4,8.466344086,2,68.8,3,407.322,3,142.34,1,B23-SAV,Alamitos Bay,3.1525,open,U,U,U,,Zostera pacifica,2.444,33.7473,-118.1184,NA,small_embayment,13,12/2/24,118,Merkel,cross-3parallel,,targeted
411,B23-SAV-902,33.55,2,14.53846154,1,48.46153846,4,0,1,0,1,3,1,3.266666667,4,8.466344086,2,68.8,3,407.322,3,142.34,1,B23-SAV,Alamitos Bay,3.1525,open,U,U,U,,Zostera pacifica,2.444,33.7473,-118.1184,NA,small_embayment,13,12/2/24,118,Merkel,cross-3parallel,,targeted
412,B23-SAV-902,33.55,2,14.53846154,1,48.46153846,4,0,1,0,1,3,1,3.266666667,4,8.466344086,2,68.8,3,407.322,3,142.34,1,B23-SAV,Alamitos Bay,3.1525,open,U,U,U,,Zostera pacifica,2.444,33.7473,-118.1184,NA,small_embayment,13,12/2/24,118,Merkel,cross-3parallel,,targeted
413,B23-SAV-902,33.55,2,14.53846154,1,48.46153846,4,0,1,0,1,3,1,3.266666667,4,8.466344086,2,68.8,3,407.322,3,142.34,1,B23-SAV,Alamitos Bay,3.1525,open,U,U,U,,Zostera pacifica,2.444,33.7473,-118.1184,NA,small_embayment,13,12/2/24,118,Merkel,cross-3parallel,,targeted
414,B23-SAV-902,33.55,2,14.53846154,1,48.46153846,4,0,1,0,1,3,1,3.266666667,4,8.466344086,2,68.8,3,407.322,3,142.34,1,B23-SAV,Alamitos Bay,3.1525,open,U,U,U,,Zostera pacifica,2.444,33.7473,-118.1184,NA,small_embayment,13,12/2/24,118,Merkel,cross-3parallel,,targeted
415,B23-SAV-902,33.55,2,14.53846154,1,48.46153846,4,0,1,0,1,3,1,3.266666667,4,8.466344086,2,68.8,3,407.322,3,142.34,1,B23-SAV,Alamitos Bay,3.1525,open,U,U,U,,Zostera pacifica,2.444,33.7473,-118.1184,NA,small_embayment,13,12/2/24,118,Merkel,cross-3parallel,,targeted
416,B23-SAV-902,33.55,2,14.53846154,1,48.46153846,4,0,1,0,1,3,1,3.266666667,4,8.466344086,2,68.8,3,407.322,3,142.34,1,B23-SAV,Alamitos Bay,3.1525,open,U,U,U,,Zostera pacifica,2.444,33.7473,-118.1184,NA,small_embayment,13,12/2/24,118,Merkel,cross-3parallel,,targeted
417,B23-SAV-902,33.55,2,14.53846154,1,48.46153846,4,0,1,0,1,3,1,3.266666667,4,8.466344086,2,68.8,3,407.322,3,142.34,1,B23-SAV,Alamitos Bay,3.1525,open,U,U,U,,Zostera pacifica,2.444,33.7473,-118.1184,NA,small_embayment,13,12/2/24,118,Merkel,cross-3parallel,,targeted
418,B23-SAV-902,33.55,2,14.53846154,1,48.46153846,4,0,1,0,1,3,1,3.266666667,4,8.466344086,2,68.8,3,407.322,3,142.34,1,B23-SAV,Alamitos Bay,3.1525,open,U,U,U,,Zostera pacifica,2.444,33.7473,-118.1184,NA,small_embayment,13,12/2/24,118,Merkel,cross-3parallel,,targeted
419,B23-SAV-902,33.55,2,14.53846154,1,48.46153846,4,0,1,0,1,3,1,3.266666667,4,8.466344086,2,68.8,3,407.322,3,142.34,1,B23-SAV,Alamitos Bay,3.1525,open,U,U,U,,Zostera pacifica,2.444,33.7473,-118.1184,NA,small_embayment,13,12/2/24,118,Merkel,cross-3parallel,,targeted
420,B23-SAV-902,33.55,2,14.53846154,1,48.46153846,4,0,1,0,1,3,1,3.266666667,4,8.466344086,2,68.8,3,407.322,3,142.34,1,B23-SAV,Alamitos Bay,3.1525,open,U,U,U,,Zostera pacifica,2.444,33.7473,-118.1184,NA,small_embayment,13,12/2/24,118,Merkel,cross-3parallel,,targeted
421,B23-SAV-902,33.55,2,14.53846154,1,48.46153846,4,0,1,0,1,3,1,3.266666667,4,8.466344086,2,68.8,3,407.322,3,142.34,1,B23-SAV,Alamitos Bay,3.1525,open,U,U,U,,Zostera pacifica,2.444,33.7473,-118.1184,NA,small_embayment,13,12/2/24,118,Merkel,cross-3parallel,,targeted
422,B23-SAV-902,33.55,2,14.53846154,1,48.46153846,4,0,1,0,1,3,1,3.266666667,4,8.466344086,2,68.8,3,407.322,3,142.34,1,B23-SAV,Alamitos Bay,3.1525,open,U,U,U,,Zostera pacifica,2.444,33.7473,-118.1184,NA,small_embayment,13,12/2/24,118,Merkel,cross-3parallel,,targeted
423,B23-SAV-902,33.55,2,14.53846154,1,48.46153846,4,0,1,0,1,3,1,3.266666667,4,8.466344086,2,68.8,3,407.322,3,142.34,1,B23-SAV,Alamitos Bay,3.1525,open,U,U,U,,Zostera pacifica,2.444,33.7473,-118.1184,NA,small_embayment,13,12/2/24,118,Merkel,cross-3parallel,,targeted
424,B23-SAV-902,33.55,2,14.53846154,1,48.46153846,4,0,1,0,1,3,1,3.266666667,4,8.466344086,2,68.8,3,407.322,3,142.34,1,B23-SAV,Alamitos Bay,3.1525,open,U,U,U,,Zostera pacifica,2.444,33.7473,-118.1184,NA,small_embayment,13,12/2/24,118,Merkel,cross-3parallel,,targeted
425,B23-SAV-902,33.55,2,14.53846154,1,48.46153846,4,0,1,0,1,3,1,3.266666667,4,8.466344086,2,68.8,3,407.322,3,142.34,1,B23-SAV,Alamitos Bay,3.1525,open,U,U,U,,Zostera pacifica,2.444,33.7473,-118.1184,NA,small_embayment,13,12/2/24,118,Merkel,cross-3parallel,,targeted
426,B23-SAV-902,33.55,2,14.53846154,1,48.46153846,4,0,1,0,1,3,1,3.266666667,4,8.466344086,2,68.8,3,407.322,3,142.34,1,B23-SAV,Alamitos Bay,3.1525,open,U,U,U,,Zostera pacifica,2.444,33.7473,-118.1184,NA,small_embayment,13,12/2/24,118,Merkel,cross-3parallel,,targeted
427,B23-SAV-902,33.55,2,14.53846154,1,48.46153846,4,0,1,0,1,3,1,3.266666667,4,8.466344086,2,68.8,3,407.322,3,142.34,1,B23-SAV,Alamitos Bay,3.1525,open,U,U,U,,Zostera pacifica,2.444,33.7473,-118.1184,NA,small_embayment,13,12/2/24,118,Merkel,cross-3parallel,,targeted
428,B23-SAV-902,33.55,2,14.53846154,1,48.46153846,4,0,1,0,1,3,1,3.266666667,4,8.466344086,2,68.8,3,407.322,3,142.34,1,B23-SAV,Alamitos Bay,3.1525,open,U,U,U,,Zostera pacifica,2.444,33.7473,-118.1184,NA,small_embayment,13,12/2/24,118,Merkel,cross-3parallel,,targeted
429,B23-SAV-902,33.55,2,14.53846154,1,48.46153846,4,0,1,0,1,3,1,3.266666667,4,8.466344086,2,68.8,3,407.322,3,142.34,1,B23-SAV,Alamitos Bay,3.1525,open,U,U,U,,Zostera pacifica,2.444,33.7473,-118.1184,NA,small_embayment,13,12/2/24,118,Merkel,cross-3parallel,,targeted
430,B23-SAV-902,33.55,2,14.53846154,1,48.46153846,4,0,1,0,1,3,1,3.266666667,4,8.466344086,2,68.8,3,407.322,3,142.34,1,B23-SAV,Alamitos Bay,3.1525,open,U,U,U,,Zostera pacifica,2.444,33.7473,-118.1184,NA,small_embayment,13,12/2/24,118,Merkel,cross-3parallel,,targeted
431,B23-SAV-902,33.55,2,14.53846154,1,48.46153846,4,0,1,0,1,3,1,3.266666667,4,8.466344086,2,68.8,3,407.322,3,142.34,1,B23-SAV,Alamitos Bay,3.1525,open,U,U,U,,Zostera pacifica,2.444,33.7473,-118.1184,NA,small_embayment,13,12/2/24,118,Merkel,cross-3parallel,,targeted
432,B23-SAV-902,33.55,2,14.53846154,1,48.46153846,4,0,1,0,1,3,1,3.266666667,4,8.466344086,2,68.8,3,407.322,3,142.34,1,B23-SAV,Alamitos Bay,3.1525,open,U,U,U,,Zostera pacifica,2.444,33.7473,-118.1184,NA,small_embayment,13,12/2/24,118,Merkel,cross-3parallel,,targeted
433,B23-SAV-902,33.55,2,14.53846154,1,48.46153846,4,0,1,0,1,3,1,3.266666667,4,8.466344086,2,68.8,3,407.322,3,142.34,1,B23-SAV,Alamitos Bay,3.1525,open,U,U,U,,Zostera pacifica,2.444,33.7473,-118.1184,NA,small_embayment,13,12/2/24,118,Merkel,cross-3parallel,,targeted
434,B23-SAV-902,33.55,2,14.53846154,1,48.46153846,4,0,1,0,1,3,1,3.266666667,4,8.466344086,2,68.8,3,407.322,3,142.34,1,B23-SAV,Alamitos Bay,3.1525,open,U,U,U,,Zostera pacifica,2.444,33.7473,-118.1184,NA,small_embayment,13,12/2/24,118,Merkel,cross-3parallel,,targeted
435,B23-SAV-902,33.55,2,14.53846154,1,48.46153846,4,0,1,0,1,3,1,3.266666667,4,8.466344086,2,68.8,3,407.322,3,142.34,1,B23-SAV,Alamitos Bay,3.1525,open,U,U,U,,Zostera pacifica,2.444,33.7473,-118.1184,NA,small_embayment,13,12/2/24,118,Merkel,cross-3parallel,,targeted
436,B23-SAV-902,33.55,2,14.53846154,1,48.46153846,4,0,1,0,1,3,1,3.266666667,4,8.466344086,2,68.8,3,407.322,3,142.34,1,B23-SAV,Alamitos Bay,3.1525,open,U,U,U,,Zostera pacifica,2.444,33.7473,-118.1184,NA,small_embayment,13,12/2/24,118,Merkel,cross-3parallel,,targeted
437,B23-SAV-902,33.55,2,14.53846154,1,48.46153846,4,0,1,0,1,3,1,3.266666667,4,8.466344086,2,68.8,3,407.322,3,142.34,1,B23-SAV,Alamitos Bay,3.1525,open,U,U,U,,Zostera pacifica,2.444,33.7473,-118.1184,NA,small_embayment,13,12/2/24,118,Merkel,cross-3parallel,,targeted
438,B23-SAV-902,33.55,2,14.53846154,1,48.46153846,4,0,1,0,1,3,1,3.266666667,4,8.466344086,2,68.8,3,407.322,3,142.34,1,B23-SAV,Alamitos Bay,3.1525,open,U,U,U,,Zostera pacifica,2.444,33.7473,-118.1184,NA,small_embayment,13,12/2/24,118,Merkel,cross-3parallel,,targeted
439,B23-SAV-902,33.55,2,14.53846154,1,48.46153846,4,0,1,0,1,3,1,3.266666667,4,8.466344086,2,68.8,3,407.322,3,142.34,1,B23-SAV,Alamitos Bay,3.1525,open,U,U,U,,Zostera pacifica,2.444,33.7473,-118.1184,NA,small_embayment,13,12/2/24,118,Merkel,cross-3parallel,,targeted
440,B23-SAV-902,33.55,2,14.53846154,1,48.46153846,4,0,1,0,1,3,1,3.266666667,4,8.466344086,2,68.8,3,407.322,3,142.34,1,B23-SAV,Alamitos Bay,3.1525,open,U,U,U,,Zostera pacifica,2.444,33.7473,-118.1184,NA,small_embayment,13,12/2/24,118,Merkel,cross-3parallel,,targeted
441,B23-SAV-902,33.55,2,14.53846154,1,48.46153846,4,0,1,0,1,3,1,3.266666667,4,8.466344086,2,68.8,3,407.322,3,142.34,1,B23-SAV,Alamitos Bay,3.1525,open,U,U,U,,Zostera pacifica,2.444,33.7473,-118.1184,NA,small_embayment,13,12/2/24,118,Merkel,cross-3parallel,,targeted
442,B23-SAV-902,33.55,2,14.53846154,1,48.46153846,4,0,1,0,1,3,1,3.266666667,4,8.466344086,2,68.8,3,407.322,3,142.34,1,B23-SAV,Alamitos Bay,3.1525,open,U,U,U,,Zostera pacifica,2.444,33.7473,-118.1184,NA,small_embayment,13,12/2/24,118,Merkel,cross-3parallel,,targeted
443,B23-SAV-902,33.55,2,14.53846154,1,48.46153846,4,0,1,0,1,3,1,3.266666667,4,8.466344086,2,68.8,3,407.322,3,142.34,1,B23-SAV,Alamitos Bay,3.1525,open,U,U,U,,Zostera pacifica,2.444,33.7473,-118.1184,NA,small_embayment,13,12/2/24,118,Merkel,cross-3parallel,,targeted
444,B23-SAV-902,33.55,2,14.53846154,1,48.46153846,4,0,1,0,1,3,1,3.266666667,4,8.466344086,2,68.8,3,407.322,3,142.34,1,B23-SAV,Alamitos Bay,3.1525,open,U,U,U,,Zostera pacifica,2.444,33.7473,-118.1184,NA,small_embayment,13,12/2/24,118,Merkel,cross-3parallel,,targeted
445,B23-SAV-902,33.55,2,14.53846154,1,48.46153846,4,0,1,0,1,3,1,3.266666667,4,8.466344086,2,68.8,3,407.322,3,142.34,1,B23-SAV,Alamitos Bay,3.1525,open,U,U,U,,Zostera pacifica,2.444,33.7473,-118.1184,NA,small_embayment,13,12/2/24,118,Merkel,cross-3parallel,,targeted
446,B23-SAV-902,33.55,2,14.53846154,1,48.46153846,4,0,1,0,1,3,1,3.266666667,4,8.466344086,2,68.8,3,407.322,3,142.34,1,B23-SAV,Alamitos Bay,3.1525,open,U,U,U,,Zostera pacifica,2.444,33.7473,-118.1184,NA,small_embayment,13,12/2/24,118,Merkel,cross-3parallel,,targeted
447,B23-SAV-902,33.55,2,14.53846154,1,48.46153846,4,0,1,0,1,3,1,3.266666667,4,8.466344086,2,68.8,3,407.322,3,142.34,1,B23-SAV,Alamitos Bay,3.1525,open,U,U,U,,Zostera pacifica,2.444,33.7473,-118.1184,NA,small_embayment,13,12/2/24,118,Merkel,cross-3parallel,,targeted
448,B23-SAV-902,33.55,2,14.53846154,1,48.46153846,4,0,1,0,1,3,1,3.266666667,4,8.466344086,2,68.8,3,407.322,3,142.34,1,B23-SAV,Alamitos Bay,3.1525,open,U,U,U,,Zostera pacifica,2.444,33.7473,-118.1184,NA,small_embayment,13,12/2/24,118,Merkel,cross-3parallel,,targeted
449,B23-SAV-902,33.55,2,14.53846154,1,48.46153846,4,0,1,0,1,3,1,3.266666667,4,8.466344086,2,68.8,3,407.322,3,142.34,1,B23-SAV,Alamitos Bay,3.1525,open,U,U,U,,Zostera pacifica,2.444,33.7473,-118.1184,NA,small_embayment,13,12/2/24,118,Merkel,cross-3parallel,,targeted
450,B23-SAV-902,33.55,2,14.53846154,1,48.46153846,4,0,1,0,1,3,1,3.266666667,4,8.466344086,2,68.8,3,407.322,3,142.34,1,B23-SAV,Alamitos Bay,3.1525,open,U,U,U,,Zostera pacifica,2.444,33.7473,-118.1184,NA,small_embayment,13,12/2/24,118,Merkel,cross-3parallel,,targeted
451,B23-SAV-902,33.55,2,14.53846154,1,48.46153846,4,0,1,0,1,3,1,3.266666667,4,8.466344086,2,68.8,3,407.322,3,142.34,1,B23-SAV,Alamitos Bay,3.1525,open,U,U,U,,Zostera pacifica,2.444,33.7473,-118.1184,NA,small_embayment,13,12/2/24,118,Merkel,cross-3parallel,,targeted
452,B23-SAV-902,33.55,2,14.53846154,1,48.46153846,4,0,1,0,1,3,1,3.266666667,4,8.466344086,2,68.8,3,407.322,3,142.34,1,B23-SAV,Alamitos Bay,3.1525,open,U,U,U,,Zostera pacifica,2.444,33.7473,-118.1184,NA,small_embayment,13,12/2/24,118,Merkel,cross-3parallel,,targeted
453,B23-SAV-902,33.55,2,14.53846154,1,48.46153846,4,0,1,0,1,3,1,3.266666667,4,8.466344086,2,68.8,3,407.322,3,142.34,1,B23-SAV,Alamitos Bay,3.1525,open,U,U,U,,Zostera pacifica,2.444,33.7473,-118.1184,NA,small_embayment,13,12/2/24,118,Merkel,cross-3parallel,,targeted
454,B23-SAV-902,33.55,2,14.53846154,1,48.46153846,4,0,1,0,1,3,1,3.266666667,4,8.466344086,2,68.8,3,407.322,3,142.34,1,B23-SAV,Alamitos Bay,3.1525,open,U,U,U,,Zostera pacifica,2.444,33.7473,-118.1184,NA,small_embayment,13,12/2/24,118,Merkel,cross-3parallel,,targeted
455,B23-SAV-902,33.55,2,14.53846154,1,48.46153846,4,0,1,0,1,3,1,3.266666667,4,8.466344086,2,68.8,3,407.322,3,142.34,1,B23-SAV,Alamitos Bay,3.1525,open,U,U,U,,Zostera pacifica,2.444,33.7473,-118.1184,NA,small_embayment,13,12/2/24,118,Merkel,cross-3parallel,,targeted
456,B23-SAV-902,33.55,2,14.53846154,1,48.46153846,4,0,1,0,1,3,1,3.266666667,4,8.466344086,2,68.8,3,407.322,3,142.34,1,B23-SAV,Alamitos Bay,3.1525,open,U,U,U,,Zostera pacifica,2.444,33.7473,-118.1184,NA,small_embayment,13,12/2/24,118,Merkel,cross-3parallel,,targeted
457,B23-SAV-902,33.55,2,14.53846154,1,48.46153846,4,0,1,0,1,3,1,3.266666667,4,8.466344086,2,68.8,3,407.322,3,142.34,1,B23-SAV,Alamitos Bay,3.1525,open,U,U,U,,Zostera pacifica,2.444,33.7473,-118.1184,NA,small_embayment,13,12/2/24,118,Merkel,cross-3parallel,,targeted
458,B23-SAV-902,33.55,2,14.53846154,1,48.46153846,4,0,1,0,1,3,1,3.266666667,4,8.466344086,2,68.8,3,407.322,3,142.34,1,B23-SAV,Alamitos Bay,3.1525,open,U,U,U,,Zostera pacifica,2.444,33.7473,-118.1184,NA,small_embayment,13,12/2/24,118,Merkel,cross-3parallel,,targeted
459,B23-SAV-902,33.55,2,14.53846154,1,48.46153846,4,0,1,0,1,3,1,3.266666667,4,8.466344086,2,68.8,3,407.322,3,142.34,1,B23-SAV,Alamitos Bay,3.1525,open,U,U,U,,Zostera pacifica,2.444,33.7473,-118.1184,NA,small_embayment,13,12/2/24,118,Merkel,cross-3parallel,,targeted
460,B23-SAV-902,33.55,2,14.53846154,1,48.46153846,4,0,1,0,1,3,1,3.266666667,4,8.466344086,2,68.8,3,407.322,3,142.34,1,B23-SAV,Alamitos Bay,3.1525,open,U,U,U,,Zostera pacifica,2.444,33.7473,-118.1184,NA,small_embayment,13,12/2/24,118,Merkel,cross-3parallel,,targeted
461,B23-SAV-902,33.55,2,14.53846154,1,48.46153846,4,0,1,0,1,3,1,3.266666667,4,8.466344086,2,68.8,3,407.322,3,142.34,1,B23-SAV,Alamitos Bay,3.1525,open,U,U,U,,Zostera pacifica,2.444,33.7473,-118.1184,NA,small_embayment,13,12/2/24,118,Merkel,cross-3parallel,,targeted
462,B23-SAV-902,33.55,2,14.53846154,1,48.46153846,4,0,1,0,1,3,1,3.266666667,4,8.466344086,2,68.8,3,407.322,3,142.34,1,B23-SAV,Alamitos Bay,3.1525,open,U,U,U,,Zostera pacifica,2.444,33.7473,-118.1184,NA,small_embayment,13,12/2/24,118,Merkel,cross-3parallel,,targeted
463,B23-SAV-902,33.55,2,14.53846154,1,48.46153846,4,0,1,0,1,3,1,3.266666667,4,8.466344086,2,68.8,3,407.322,3,142.34,1,B23-SAV,Alamitos Bay,3.1525,open,U,U,U,,Zostera pacifica,2.444,33.7473,-118.1184,NA,small_embayment,13,12/2/24,118,Merkel,cross-3parallel,,targeted
464,B23-SAV-902,33.55,2,14.53846154,1,48.46153846,4,0,1,0,1,3,1,3.266666667,4,8.466344086,2,68.8,3,407.322,3,142.34,1,B23-SAV,Alamitos Bay,3.1525,open,U,U,U,,Zostera pacifica,2.444,33.7473,-118.1184,NA,small_embayment,13,12/2/24,118,Merkel,cross-3parallel,,targeted
465,B23-SAV-902,33.55,2,14.53846154,1,48.46153846,4,0,1,0,1,3,1,3.266666667,4,8.466344086,2,68.8,3,407.322,3,142.34,1,B23-SAV,Alamitos Bay,3.1525,open,U,U,U,,Zostera pacifica,2.444,33.7473,-118.1184,NA,small_embayment,13,12/2/24,118,Merkel,cross-3parallel,,targeted
466,B23-SAV-902,33.55,2,14.53846154,1,48.46153846,4,0,1,0,1,3,1,3.266666667,4,8.466344086,2,68.8,3,407.322,3,142.34,1,B23-SAV,Alamitos Bay,3.1525,open,U,U,U,,Zostera pacifica,2.444,33.7473,-118.1184,NA,small_embayment,13,12/2/24,118,Merkel,cross-3parallel,,targeted
467,B23-SAV-902,33.55,2,14.53846154,1,48.46153846,4,0,1,0,1,3,1,3.266666667,4,8.466344086,2,68.8,3,407.322,3,142.34,1,B23-SAV,Alamitos Bay,3.1525,open,U,U,U,,Zostera pacifica,2.444,33.7473,-118.1184,NA,small_embayment,13,12/2/24,118,Merkel,cross-3parallel,,targeted
468,B23-SAV-902,33.55,2,14.53846154,1,48.46153846,4,0,1,0,1,3,1,3.266666667,4,8.466344086,2,68.8,3,407.322,3,142.34,1,B23-SAV,Alamitos Bay,3.1525,open,U,U,U,,Zostera pacifica,2.444,33.7473,-118.1184,NA,small_embayment,13,12/2/24,118,Merkel,cross-3parallel,,targeted
469,B23-SAV-902,33.55,2,14.53846154,1,48.46153846,4,0,1,0,1,3,1,3.266666667,4,8.466344086,2,68.8,3,407.322,3,142.34,1,B23-SAV,Alamitos Bay,3.1525,open,U,U,U,,Zostera pacifica,2.444,33.7473,-118.1184,NA,small_embayment,13,12/2/24,118,Merkel,cross-3parallel,,targeted
470,B23-SAV-902,33.55,2,14.53846154,1,48.46153846,4,0,1,0,1,3,1,3.266666667,4,8.466344086,2,68.8,3,407.322,3,142.34,1,B23-SAV,Alamitos Bay,3.1525,open,U,U,U,,Zostera pacifica,2.444,33.7473,-118.1184,NA,small_embayment,13,12/2/24,118,Merkel,cross-3parallel,,targeted
471,B23-SAV-902,33.55,2,14.53846154,1,48.46153846,4,0,1,0,1,3,1,3.266666667,4,8.466344086,2,68.8,3,407.322,3,142.34,1,B23-SAV,Alamitos Bay,3.1525,open,U,U,U,,Zostera pacifica,2.444,33.7473,-118.1184,NA,small_embayment,13,12/2/24,118,Merkel,cross-3parallel,,targeted
472,B23-SAV-902,33.55,2,14.53846154,1,48.46153846,4,0,1,0,1,3,1,3.266666667,4,8.466344086,2,68.8,3,407.322,3,142.34,1,B23-SAV,Alamitos Bay,3.1525,open,U,U,U,,Zostera pacifica,2.444,33.7473,-118.1184,NA,small_embayment,13,12/2/24,118,Merkel,cross-3parallel,,targeted
473,B23-SAV-902,33.55,2,14.53846154,1,48.46153846,4,0,1,0,1,3,1,3.266666667,4,8.466344086,2,68.8,3,407.322,3,142.34,1,B23-SAV,Alamitos Bay,3.1525,open,U,U,U,,Zostera pacifica,2.444,33.7473,-118.1184,NA,small_embayment,13,12/2/24,118,Merkel,cross-3parallel,,targeted
474,B23-SAV-902,33.55,2,14.53846154,1,48.46153846,4,0,1,0,1,3,1,3.266666667,4,8.466344086,2,68.8,3,407.322,3,142.34,1,B23-SAV,Alamitos Bay,3.1525,open,U,U,U,,Zostera pacifica,2.444,33.7473,-118.1184,NA,small_embayment,13,12/2/24,118,Merkel,cross-3parallel,,targeted
475,B23-SAV-902,33.55,2,14.53846154,1,48.46153846,4,0,1,0,1,3,1,3.266666667,4,8.466344086,2,68.8,3,407.322,3,142.34,1,B23-SAV,Alamitos Bay,3.1525,open,U,U,U,,Zostera pacifica,2.444,33.7473,-118.1184,NA,small_embayment,13,12/2/24,118,Merkel,cross-3parallel,,targeted
476,B23-SAV-902,33.55,2,14.53846154,1,48.46153846,4,0,1,0,1,3,1,3.266666667,4,8.466344086,2,68.8,3,407.322,3,142.34,1,B23-SAV,Alamitos Bay,3.1525,open,U,U,U,,Zostera pacifica,2.444,33.7473,-118.1184,NA,small_embayment,13,12/2/24,118,Merkel,cross-3parallel,,targeted
477,B23-SAV-902,33.55,2,14.53846154,1,48.46153846,4,0,1,0,1,3,1,3.266666667,4,8.466344086,2,68.8,3,407.322,3,142.34,1,B23-SAV,Alamitos Bay,3.1525,open,U,U,U,,Zostera pacifica,2.444,33.7473,-118.1184,NA,small_embayment,13,12/2/24,118,Merkel,cross-3parallel,,targeted
478,B23-SAV-902,33.55,2,14.53846154,1,48.46153846,4,0,1,0,1,3,1,3.266666667,4,8.466344086,2,68.8,3,407.322,3,142.34,1,B23-SAV,Alamitos Bay,3.1525,open,U,U,U,,Zostera pacifica,2.444,33.7473,-118.1184,NA,small_embayment,13,12/2/24,118,Merkel,cross-3parallel,,targeted
479,B23-SAV-902,33.55,2,14.53846154,1,48.46153846,4,0,1,0,1,3,1,3.266666667,4,8.466344086,2,68.8,3,407.322,3,142.34,1,B23-SAV,Alamitos Bay,3.1525,open,U,U,U,,Zostera pacifica,2.444,33.7473,-118.1184,NA,small_embayment,13,12/2/24,118,Merkel,cross-3parallel,,targeted
480,B23-SAV-902,33.55,2,14.53846154,1,48.46153846,4,0,1,0,1,3,1,3.266666667,4,8.466344086,2,68.8,3,407.322,3,142.34,1,B23-SAV,Alamitos Bay,3.1525,open,U,U,U,,Zostera pacifica,2.444,33.7473,-118.1184,NA,small_embayment,13,12/2/24,118,Merkel,cross-3parallel,,targeted
481,B23-SAV-902,33.55,2,14.53846154,1,48.46153846,4,0,1,0,1,3,1,3.266666667,4,8.466344086,2,68.8,3,407.322,3,142.34,1,B23-SAV,Alamitos Bay,3.1525,open,U,U,U,,Zostera pacifica,2.444,33.7473,-118.1184,NA,small_embayment,13,12/2/24,118,Merkel,cross-3parallel,,targeted
482,B23-SAV-902,33.55,2,14.53846154,1,48.46153846,4,0,1,0,1,3,1,3.266666667,4,8.466344086,2,68.8,3,407.322,3,142.34,1,B23-SAV,Alamitos Bay,3.1525,open,U,U,U,,Zostera pacifica,2.444,33.7473,-118.1184,NA,small_embayment,13,12/2/24,118,Merkel,cross-3parallel,,targeted
483,B23-SAV-902,33.55,2,14.53846154,1,48.46153846,4,0,1,0,1,3,1,3.266666667,4,8.466344086,2,68.8,3,407.322,3,142.34,1,B23-SAV,Alamitos Bay,3.1525,open,U,U,U,,Zostera pacifica,2.444,33.7473,-118.1184,NA,small_embayment,13,12/2/24,118,Merkel,cross-3parallel,,targeted
484,B23-SAV-902,33.55,2,14.53846154,1,48.46153846,4,0,1,0,1,3,1,3.266666667,4,8.466344086,2,68.8,3,407.322,3,142.34,1,B23-SAV,Alamitos Bay,3.1525,open,U,U,U,,Zostera pacifica,2.444,33.7473,-118.1184,NA,small_embayment,13,12/2/24,118,Merkel,cross-3parallel,,targeted
485,B23-SAV-902,33.55,2,14.53846154,1,48.46153846,4,0,1,0,1,3,1,3.266666667,4,8.466344086,2,68.8,3,407.322,3,142.34,1,B23-SAV,Alamitos Bay,3.1525,open,U,U,U,,Zostera pacifica,2.444,33.7473,-118.1184,NA,small_embayment,13,12/2/24,118,Merkel,cross-3parallel,,targeted
486,B23-SAV-902,33.55,2,14.53846154,1,48.46153846,4,0,1,0,1,3,1,3.266666667,4,8.466344086,2,68.8,3,407.322,3,142.34,1,B23-SAV,Alamitos Bay,3.1525,open,U,U,U,,Zostera pacifica,2.444,33.7473,-118.1184,NA,small_embayment,13,12/2/24,118,Merkel,cross-3parallel,,targeted
487,B23-SAV-902,33.55,2,14.53846154,1,48.46153846,4,0,1,0,1,3,1,3.266666667,4,8.466344086,2,68.8,3,407.322,3,142.34,1,B23-SAV,Alamitos Bay,3.1525,open,U,U,U,,Zostera pacifica,2.444,33.7473,-118.1184,NA,small_embayment,13,12/2/24,118,Merkel,cross-3parallel,,targeted
488,B23-SAV-902,33.55,2,14.53846154,1,48.46153846,4,0,1,0,1,3,1,3.266666667,4,8.466344086,2,68.8,3,407.322,3,142.34,1,B23-SAV,Alamitos Bay,3.1525,open,U,U,U,,Zostera pacifica,2.444,33.7473,-118.1184,NA,small_embayment,13,12/2/24,118,Merkel,cross-3parallel,,targeted
489,B23-SAV-902,33.55,2,14.53846154,1,48.46153846,4,0,1,0,1,3,1,3.266666667,4,8.466344086,2,68.8,3,407.322,3,142.34,1,B23-SAV,Alamitos Bay,3.1525,open,U,U,U,,Zostera pacifica,2.444,33.7473,-118.1184,NA,small_embayment,13,12/2/24,118,Merkel,cross-3parallel,,targeted
490,B23-SAV-902,33.55,2,14.53846154,1,48.46153846,4,0,1,0,1,3,1,3.266666667,4,8.466344086,2,68.8,3,407.322,3,142.34,1,B23-SAV,Alamitos Bay,3.1525,open,U,U,U,,Zostera pacifica,2.444,33.7473,-118.1184,NA,small_embayment,13,12/2/24,118,Merkel,cross-3parallel,,targeted
491,B23-SAV-902,33.55,2,14.53846154,1,48.46153846,4,0,1,0,1,3,1,3.266666667,4,8.466344086,2,68.8,3,407.322,3,142.34,1,B23-SAV,Alamitos Bay,3.1525,open,U,U,U,,Zostera pacifica,2.444,33.7473,-118.1184,NA,small_embayment,13,12/2/24,118,Merkel,cross-3parallel,,targeted
492,B23-SAV-902,33.55,2,14.53846154,1,48.46153846,4,0,1,0,1,3,1,3.266666667,4,8.466344086,2,68.8,3,407.322,3,142.34,1,B23-SAV,Alamitos Bay,3.1525,open,U,U,U,,Zostera pacifica,2.444,33.7473,-118.1184,NA,small_embayment,13,12/2/24,118,Merkel,cross-3parallel,,targeted
493,B23-SAV-902,33.55,2,14.53846154,1,48.46153846,4,0,1,0,1,3,1,3.266666667,4,8.466344086,2,68.8,3,407.322,3,142.34,1,B23-SAV,Alamitos Bay,3.1525,open,U,U,U,,Zostera pacifica,2.444,33.7473,-118.1184,NA,small_embayment,13,12/2/24,118,Merkel,cross-3parallel,,targeted
494,B23-SAV-902,33.55,2,14.53846154,1,48.46153846,4,0,1,0,1,3,1,3.266666667,4,8.466344086,2,68.8,3,407.322,3,142.34,1,B23-SAV,Alamitos Bay,3.1525,open,U,U,U,,Zostera pacifica,2.444,33.7473,-118.1184,NA,small_embayment,13,12/2/24,118,Merkel,cross-3parallel,,targeted
495,B23-SAV-902,33.55,2,14.53846154,1,48.46153846,4,0,1,0,1,3,1,3.266666667,4,8.466344086,2,68.8,3,407.322,3,142.34,1,B23-SAV,Alamitos Bay,3.1525,open,U,U,U,,Zostera pacifica,2.444,33.7473,-118.1184,NA,small_embayment,13,12/2/24,118,Merkel,cross-3parallel,,targeted
496,B23-SAV-902,33.55,2,14.53846154,1,48.46153846,4,0,1,0,1,3,1,3.266666667,4,8.466344086,2,68.8,3,407.322,3,142.34,1,B23-SAV,Alamitos Bay,3.1525,open,U,U,U,,Zostera pacifica,2.444,33.7473,-118.1184,NA,small_embayment,13,12/2/24,118,Merkel,cross-3parallel,,targeted
497,B23-SAV-902,33.55,2,14.53846154,1,48.46153846,4,0,1,0,1,3,1,3.266666667,4,8.466344086,2,68.8,3,407.322,3,142.34,1,B23-SAV,Alamitos Bay,3.1525,open,U,U,U,,Zostera pacifica,2.444,33.7473,-118.1184,NA,small_embayment,13,12/2/24,118,Merkel,cross-3parallel,,targeted
498,B23-SAV-902,33.55,2,14.53846154,1,48.46153846,4,0,1,0,1,3,1,3.266666667,4,8.466344086,2,68.8,3,407.322,3,142.34,1,B23-SAV,Alamitos Bay,3.1525,open,U,U,U,,Zostera pacifica,2.444,33.7473,-118.1184,NA,small_embayment,13,12/2/24,118,Merkel,cross-3parallel,,targeted
499,B23-SAV-902,33.55,2,14.53846154,1,48.46153846,4,0,1,0,1,3,1,3.266666667,4,8.466344086,2,68.8,3,407.322,3,142.34,1,B23-SAV,Alamitos Bay,3.1525,open,U,U,U,,Zostera pacifica,2.444,33.7473,-118.1184,NA,small_embayment,13,12/2/24,118,Merkel,cross-3parallel,,targeted
500,B23-SAV-902,33.55,2,14.53846154,1,48.46153846,4,0,1,0,1,3,1,3.266666667,4,8.466344086,2,68.8,3,407.322,3,142.34,1,B23-SAV,Alamitos Bay,3.1525,open,U,U,U,,Zostera pacifica,2.444,33.7473,-118.1184,NA,small_embayment,13,12/2/24,118,Merkel,cross-3parallel,,targeted
501,B23-SAV-902,33.55,2,14.53846154,1,48.46153846,4,0,1,0,1,3,1,3.266666667,4,8.466344086,2,68.8,3,407.322,3,142.34,1,B23-SAV,Alamitos Bay,3.1525,open,U,U,U,,Zostera pacifica,2.444,33.7473,-118.1184,NA,small_embayment,13,12/2/24,118,Merkel,cross-3parallel,,targeted
502,B23-SAV-902,33.55,2,14.53846154,1,48.46153846,4,0,1,0,1,3,1,3.266666667,4,8.466344086,2,68.8,3,407.322,3,142.34,1,B23-SAV,Alamitos Bay,3.1525,open,U,U,U,,Zostera pacifica,2.444,33.7473,-118.1184,NA,small_embayment,13,12/2/24,118,Merkel,cross-3parallel,,targeted
503,B23-SAV-902,33.55,2,14.53846154,1,48.46153846,4,0,1,0,1,3,1,3.266666667,4,8.466344086,2,68.8,3,407.322,3,142.34,1,B23-SAV,Alamitos Bay,3.1525,open,U,U,U,,Zostera pacifica,2.444,33.7473,-118.1184,NA,small_embayment,13,12/2/24,118,Merkel,cross-3parallel,,targeted
504,B23-SAV-902,33.55,2,14.53846154,1,48.46153846,4,0,1,0,1,3,1,3.266666667,4,8.466344086,2,68.8,3,407.322,3,142.34,1,B23-SAV,Alamitos Bay,3.1525,open,U,U,U,,Zostera pacifica,2.444,33.7473,-118.1184,NA,small_embayment,13,12/2/24,118,Merkel,cross-3parallel,,targeted
505,B23-SAV-902,33.55,2,14.53846154,1,48.46153846,4,0,1,0,1,3,1,3.266666667,4,8.466344086,2,68.8,3,407.322,3,142.34,1,B23-SAV,Alamitos Bay,3.1525,open,U,U,U,,Zostera pacifica,2.444,33.7473,-118.1184,NA,small_embayment,13,12/2/24,118,Merkel,cross-3parallel,,targeted
506,B23-SAV-902,33.55,2,14.53846154,1,48.46153846,4,0,1,0,1,3,1,3.266666667,4,8.466344086,2,68.8,3,407.322,3,142.34,1,B23-SAV,Alamitos Bay,3.1525,open,U,U,U,,Zostera pacifica,2.444,33.7473,-118.1184,NA,small_embayment,13,12/2/24,118,Merkel,cross-3parallel,,targeted
507,B23-SAV-902,33.55,2,14.53846154,1,48.46153846,4,0,1,0,1,3,1,3.266666667,4,8.466344086,2,68.8,3,407.322,3,142.34,1,B23-SAV,Alamitos Bay,3.1525,open,U,U,U,,Zostera pacifica,2.444,33.7473,-118.1184,NA,small_embayment,13,12/2/24,118,Merkel,cross-3parallel,,targeted
508,B23-SAV-902,33.55,2,14.53846154,1,48.46153846,4,0,1,0,1,3,1,3.266666667,4,8.466344086,2,68.8,3,407.322,3,142.34,1,B23-SAV,Alamitos Bay,3.1525,open,U,U,U,,Zostera pacifica,2.444,33.7473,-118.1184,NA,small_embayment,13,12/2/24,118,Merkel,cross-3parallel,,targeted
509,B23-SAV-902,33.55,2,14.53846154,1,48.46153846,4,0,1,0,1,3,1,3.266666667,4,8.466344086,2,68.8,3,407.322,3,142.34,1,B23-SAV,Alamitos Bay,3.1525,open,U,U,U,,Zostera pacifica,2.444,33.7473,-118.1184,NA,small_embayment,13,12/2/24,118,Merkel,cross-3parallel,,targeted
510,B23-SAV-902,33.55,2,14.53846154,1,48.46153846,4,0,1,0,1,3,1,3.266666667,4,8.466344086,2,68.8,3,407.322,3,142.34,1,B23-SAV,Alamitos Bay,3.1525,open,U,U,U,,Zostera pacifica,2.444,33.7473,-118.1184,NA,small_embayment,13,12/2/24,118,Merkel,cross-3parallel,,targeted
511,B23-SAV-902,33.55,2,14.53846154,1,48.46153846,4,0,1,0,1,3,1,3.266666667,4,8.466344086,2,68.8,3,407.322,3,142.34,1,B23-SAV,Alamitos Bay,3.1525,open,U,U,U,,Zostera pacifica,2.444,33.7473,-118.1184,NA,small_embayment,13,12/2/24,118,Merkel,cross-3parallel,,targeted
512,B23-SAV-902,33.55,2,14.53846154,1,48.46153846,4,0,1,0,1,3,1,3.266666667,4,8.466344086,2,68.8,3,407.322,3,142.34,1,B23-SAV,Alamitos Bay,3.1525,open,U,U,U,,Zostera pacifica,2.444,33.7473,-118.1184,NA,small_embayment,13,12/2/24,118,Merkel,cross-3parallel,,targeted
513,B23-SAV-902,33.55,2,14.53846154,1,48.46153846,4,0,1,0,1,3,1,3.266666667,4,8.466344086,2,68.8,3,407.322,3,142.34,1,B23-SAV,Alamitos Bay,3.1525,open,U,U,U,,Zostera pacifica,2.444,33.7473,-118.1184,NA,small_embayment,13,12/2/24,118,Merkel,cross-3parallel,,targeted
514,B23-SAV-902,33.55,2,14.53846154,1,48.46153846,4,0,1,0,1,3,1,3.266666667,4,8.466344086,2,68.8,3,407.322,3,142.34,1,B23-SAV,Alamitos Bay,3.1525,open,U,U,U,,Zostera pacifica,2.444,33.7473,-118.1184,NA,small_embayment,13,12/2/24,118,Merkel,cross-3parallel,,targeted
515,B23-SAV-902,33.55,2,14.53846154,1,48.46153846,4,0,1,0,1,3,1,3.266666667,4,8.466344086,2,68.8,3,407.322,3,142.34,1,B23-SAV,Alamitos Bay,3.1525,open,U,U,U,,Zostera pacifica,2.444,33.7473,-118.1184,NA,small_embayment,13,12/2/24,118,Merkel,cross-3parallel,,targeted
516,B23-SAV-902,33.55,2,14.53846154,1,48.46153846,4,0,1,0,1,3,1,3.266666667,4,8.466344086,2,68.8,3,407.322,3,142.34,1,B23-SAV,Alamitos Bay,3.1525,open,U,U,U,,Zostera pacifica,2.444,33.7473,-118.1184,NA,small_embayment,13,12/2/24,118,Merkel,cross-3parallel,,targeted
517,B23-SAV-902,33.55,2,14.53846154,1,48.46153846,4,0,1,0,1,3,1,3.266666667,4,8.466344086,2,68.8,3,407.322,3,142.34,1,B23-SAV,Alamitos Bay,3.1525,open,U,U,U,,Zostera pacifica,2.444,33.7473,-118.1184,NA,small_embayment,13,12/2/24,118,Merkel,cross-3parallel,,targeted
518,B23-SAV-902,33.55,2,14.53846154,1,48.46153846,4,0,1,0,1,3,1,3.266666667,4,8.466344086,2,68.8,3,407.322,3,142.34,1,B23-SAV,Alamitos Bay,3.1525,open,U,U,U,,Zostera pacifica,2.444,33.7473,-118.1184,NA,small_embayment,13,12/2/24,118,Merkel,cross-3parallel,,targeted
519,B23-SAV-902,33.55,2,14.53846154,1,48.46153846,4,0,1,0,1,3,1,3.266666667,4,8.466344086,2,68.8,3,407.322,3,142.34,1,B23-SAV,Alamitos Bay,3.1525,open,U,U,U,,Zostera pacifica,2.444,33.7473,-118.1184,NA,small_embayment,13,12/2/24,118,Merkel,cross-3parallel,,targeted
520,B23-SAV-902,33.55,2,14.53846154,1,48.46153846,4,0,1,0,1,3,1,3.266666667,4,8.466344086,2,68.8,3,407.322,3,142.34,1,B23-SAV,Alamitos Bay,3.1525,open,U,U,U,,Zostera pacifica,2.444,33.7473,-118.1184,NA,small_embayment,13,12/2/24,118,Merkel,cross-3parallel,,targeted
521,B23-SAV-902,33.55,2,14.53846154,1,48.46153846,4,0,1,0,1,3,1,3.266666667,4,8.466344086,2,68.8,3,407.322,3,142.34,1,B23-SAV,Alamitos Bay,3.1525,open,U,U,U,,Zostera pacifica,2.444,33.7473,-118.1184,NA,small_embayment,13,12/2/24,118,Merkel,cross-3parallel,,targeted
522,B23-SAV-902,33.55,2,14.53846154,1,48.46153846,4,0,1,0,1,3,1,3.266666667,4,8.466344086,2,68.8,3,407.322,3,142.34,1,B23-SAV,Alamitos Bay,3.1525,open,U,U,U,,Zostera pacifica,2.444,33.7473,-118.1184,NA,small_embayment,13,12/2/24,118,Merkel,cross-3parallel,,targeted
523,B23-SAV-902,33.55,2,14.53846154,1,48.46153846,4,0,1,0,1,3,1,3.266666667,4,8.466344086,2,68.8,3,407.322,3,142.34,1,B23-SAV,Alamitos Bay,3.1525,open,U,U,U,,Zostera pacifica,2.444,33.7473,-118.1184,NA,small_embayment,13,12/2/24,118,Merkel,cross-3parallel,,targeted
524,B23-SAV-902,33.55,2,14.53846154,1,48.46153846,4,0,1,0,1,3,1,3.266666667,4,8.466344086,2,68.8,3,407.322,3,142.34,1,B23-SAV,Alamitos Bay,3.1525,open,U,U,U,,Zostera pacifica,2.444,33.7473,-118.1184,NA,small_embayment,13,12/2/24,118,Merkel,cross-3parallel,,targeted
525,B23-SAV-902,33.55,2,14.53846154,1,48.46153846,4,0,1,0,1,3,1,3.266666667,4,8.466344086,2,68.8,3,407.322,3,142.34,1,B23-SAV,Alamitos Bay,3.1525,open,U,U,U,,Zostera pacifica,2.444,33.7473,-118.1184,NA,small_embayment,13,12/2/24,118,Merkel,cross-3parallel,,targeted
526,B23-SAV-902,33.55,2,14.53846154,1,48.46153846,4,0,1,0,1,3,1,3.266666667,4,8.466344086,2,68.8,3,407.322,3,142.34,1,B23-SAV,Alamitos Bay,3.1525,open,U,U,U,,Zostera pacifica,2.444,33.7473,-118.1184,NA,small_embayment,13,12/2/24,118,Merkel,cross-3parallel,,targeted
527,B23-SAV-902,33.55,2,14.53846154,1,48.46153846,4,0,1,0,1,3,1,3.266666667,4,8.466344086,2,68.8,3,407.322,3,142.34,1,B23-SAV,Alamitos Bay,3.1525,open,U,U,U,,Zostera pacifica,2.444,33.7473,-118.1184,NA,small_embayment,13,12/2/24,118,Merkel,cross-3parallel,,targeted
528,B23-SAV-902,33.55,2,14.53846154,1,48.46153846,4,0,1,0,1,3,1,3.266666667,4,8.466344086,2,68.8,3,407.322,3,142.34,1,B23-SAV,Alamitos Bay,3.1525,open,U,U,U,,Zostera pacifica,2.444,33.7473,-118.1184,NA,small_embayment,13,12/2/24,118,Merkel,cross-3parallel,,targeted
529,B23-SAV-902,33.55,2,14.53846154,1,48.46153846,4,0,1,0,1,3,1,3.266666667,4,8.466344086,2,68.8,3,407.322,3,142.34,1,B23-SAV,Alamitos Bay,3.1525,open,U,U,U,,Zostera pacifica,2.444,33.7473,-118.1184,NA,small_embayment,13,12/2/24,118,Merkel,cross-3parallel,,targeted
530,B23-SAV-902,33.55,2,14.53846154,1,48.46153846,4,0,1,0,1,3,1,3.266666667,4,8.466344086,2,68.8,3,407.322,3,142.34,1,B23-SAV,Alamitos Bay,3.1525,open,U,U,U,,Zostera pacifica,2.444,33.7473,-118.1184,NA,small_embayment,13,12/2/24,118,Merkel,cross-3parallel,,targeted
531,B23-SAV-902,33.55,2,14.53846154,1,48.46153846,4,0,1,0,1,3,1,3.266666667,4,8.466344086,2,68.8,3,407.322,3,142.34,1,B23-SAV,Alamitos Bay,3.1525,open,U,U,U,,Zostera pacifica,2.444,33.7473,-118.1184,NA,small_embayment,13,12/2/24,118,Merkel,cross-3parallel,,targeted
532,B23-SAV-902,33.55,2,14.53846154,1,48.46153846,4,0,1,0,1,3,1,3.266666667,4,8.466344086,2,68.8,3,407.322,3,142.34,1,B23-SAV,Alamitos Bay,3.1525,open,U,U,U,,Zostera pacifica,2.444,33.7473,-118.1184,NA,small_embayment,13,12/2/24,118,Merkel,cross-3parallel,,targeted
533,B23-SAV-902,33.55,2,14.53846154,1,48.46153846,4,0,1,0,1,3,1,3.266666667,4,8.466344086,2,68.8,3,407.322,3,142.34,1,B23-SAV,Alamitos Bay,3.1525,open,U,U,U,,Zostera pacifica,2.444,33.7473,-118.1184,NA,small_embayment,13,12/2/24,118,Merkel,cross-3parallel,,targeted
534,B23-SAV-902,33.55,2,14.53846154,1,48.46153846,4,0,1,0,1,3,1,3.266666667,4,8.466344086,2,68.8,3,407.322,3,142.34,1,B23-SAV,Alamitos Bay,3.1525,open,U,U,U,,Zostera pacifica,2.444,33.7473,-118.1184,NA,small_embayment,13,12/2/24,118,Merkel,cross-3parallel,,targeted
535,B23-SAV-902,33.55,2,14.53846154,1,48.46153846,4,0,1,0,1,3,1,3.266666667,4,8.466344086,2,68.8,3,407.322,3,142.34,1,B23-SAV,Alamitos Bay,3.1525,open,U,U,U,,Zostera pacifica,2.444,33.7473,-118.1184,NA,small_embayment,13,12/2/24,118,Merkel,cross-3parallel,,targeted
536,B23-SAV-902,33.55,2,14.53846154,1,48.46153846,4,0,1,0,1,3,1,3.266666667,4,8.466344086,2,68.8,3,407.322,3,142.34,1,B23-SAV,Alamitos Bay,3.1525,open,U,U,U,,Zostera pacifica,2.444,33.7473,-118.1184,NA,small_embayment,13,12/2/24,118,Merkel,cross-3parallel,,targeted
537,B23-SAV-902,33.55,2,14.53846154,1,48.46153846,4,0,1,0,1,3,1,3.266666667,4,8.466344086,2,68.8,3,407.322,3,142.34,1,B23-SAV,Alamitos Bay,3.1525,open,U,U,U,,Zostera pacifica,2.444,33.7473,-118.1184,NA,small_embayment,13,12/2/24,118,Merkel,cross-3parallel,,targeted
538,B23-SAV-902,33.55,2,14.53846154,1,48.46153846,4,0,1,0,1,3,1,3.266666667,4,8.466344086,2,68.8,3,407.322,3,142.34,1,B23-SAV,Alamitos Bay,3.1525,open,U,U,U,,Zostera pacifica,2.444,33.7473,-118.1184,NA,small_embayment,13,12/2/24,118,Merkel,cross-3parallel,,targeted
539,B23-SAV-902,33.55,2,14.53846154,1,48.46153846,4,0,1,0,1,3,1,3.266666667,4,8.466344086,2,68.8,3,407.322,3,142.34,1,B23-SAV,Alamitos Bay,3.1525,open,U,U,U,,Zostera pacifica,2.444,33.7473,-118.1184,NA,small_embayment,13,12/2/24,118,Merkel,cross-3parallel,,targeted
540,B23-SAV-902,33.55,2,14.53846154,1,48.46153846,4,0,1,0,1,3,1,3.266666667,4,8.466344086,2,68.8,3,407.322,3,142.34,1,B23-SAV,Alamitos Bay,3.1525,open,U,U,U,,Zostera pacifica,2.444,33.7473,-118.1184,NA,small_embayment,13,12/2/24,118,Merkel,cross-3parallel,,targeted
541,B23-SAV-902,33.55,2,14.53846154,1,48.46153846,4,0,1,0,1,3,1,3.266666667,4,8.466344086,2,68.8,3,407.322,3,142.34,1,B23-SAV,Alamitos Bay,3.1525,open,U,U,U,,Zostera pacifica,2.444,33.7473,-118.1184,NA,small_embayment,13,12/2/24,118,Merkel,cross-3parallel,,targeted
542,B23-SAV-902,33.55,2,14.53846154,1,48.46153846,4,0,1,0,1,3,1,3.266666667,4,8.466344086,2,68.8,3,407.322,3,142.34,1,B23-SAV,Alamitos Bay,3.1525,open,U,U,U,,Zostera pacifica,2.444,33.7473,-118.1184,NA,small_embayment,13,12/2/24,118,Merkel,cross-3parallel,,targeted
543,B23-SAV-902,33.55,2,14.53846154,1,48.46153846,4,0,1,0,1,3,1,3.266666667,4,8.466344086,2,68.8,3,407.322,3,142.34,1,B23-SAV,Alamitos Bay,3.1525,open,U,U,U,,Zostera pacifica,2.444,33.7473,-118.1184,NA,small_embayment,13,12/2/24,118,Merkel,cross-3parallel,,targeted
544,B23-SAV-902,33.55,2,14.53846154,1,48.46153846,4,0,1,0,1,3,1,3.266666667,4,8.466344086,2,68.8,3,407.322,3,142.34,1,B23-SAV,Alamitos Bay,3.1525,open,U,U,U,,Zostera pacifica,2.444,33.7473,-118.1184,NA,small_embayment,13,12/2/24,118,Merkel,cross-3parallel,,targeted
545,B23-SAV-902,33.55,2,14.53846154,1,48.46153846,4,0,1,0,1,3,1,3.266666667,4,8.466344086,2,68.8,3,407.322,3,142.34,1,B23-SAV,Alamitos Bay,3.1525,open,U,U,U,,Zostera pacifica,2.444,33.7473,-118.1184,NA,small_embayment,13,12/2/24,118,Merkel,cross-3parallel,,targeted
546,B23-SAV-902,33.55,2,14.53846154,1,48.46153846,4,0,1,0,1,3,1,3.266666667,4,8.466344086,2,68.8,3,407.322,3,142.34,1,B23-SAV,Alamitos Bay,3.1525,open,U,U,U,,Zostera pacifica,2.444,33.7473,-118.1184,NA,small_embayment,13,12/2/24,118,Merkel,cross-3parallel,,targeted
547,B23-SAV-902,33.55,2,14.53846154,1,48.46153846,4,0,1,0,1,3,1,3.266666667,4,8.466344086,2,68.8,3,407.322,3,142.34,1,B23-SAV,Alamitos Bay,3.1525,open,U,U,U,,Zostera pacifica,2.444,33.7473,-118.1184,NA,small_embayment,13,12/2/24,118,Merkel,cross-3parallel,,targeted
548,B23-SAV-902,33.55,2,14.53846154,1,48.46153846,4,0,1,0,1,3,1,3.266666667,4,8.466344086,2,68.8,3,407.322,3,142.34,1,B23-SAV,Alamitos Bay,3.1525,open,U,U,U,,Zostera pacifica,2.444,33.7473,-118.1184,NA,small_embayment,13,12/2/24,118,Merkel,cross-3parallel,,targeted
549,B23-SAV-902,33.55,2,14.53846154,1,48.46153846,4,0,1,0,1,3,1,3.266666667,4,8.466344086,2,68.8,3,407.322,3,142.34,1,B23-SAV,Alamitos Bay,3.1525,open,U,U,U,,Zostera pacifica,2.444,33.7473,-118.1184,NA,small_embayment,13,12/2/24,118,Merkel,cross-3parallel,,targeted
550,B23-SAV-902,33.55,2,14.53846154,1,48.46153846,4,0,1,0,1,3,1,3.266666667,4,8.466344086,2,68.8,3,407.322,3,142.34,1,B23-SAV,Alamitos Bay,3.1525,open,U,U,U,,Zostera pacifica,2.444,33.7473,-118.1184,NA,small_embayment,13,12/2/24,118,Merkel,cross-3parallel,,targeted
551,B23-SAV-902,33.55,2,14.53846154,1,48.46153846,4,0,1,0,1,3,1,3.266666667,4,8.466344086,2,68.8,3,407.322,3,142.34,1,B23-SAV,Alamitos Bay,3.1525,open,U,U,U,,Zostera pacifica,2.444,33.7473,-118.1184,NA,small_embayment,13,12/2/24,118,Merkel,cross-3parallel,,targeted
552,B23-SAV-902,33.55,2,14.53846154,1,48.46153846,4,0,1,0,1,3,1,3.266666667,4,8.466344086,2,68.8,3,407.322,3,142.34,1,B23-SAV,Alamitos Bay,3.1525,open,U,U,U,,Zostera pacifica,2.444,33.7473,-118.1184,NA,small_embayment,13,12/2/24,118,Merkel,cross-3parallel,,targeted
553,B23-SAV-902,33.55,2,14.53846154,1,48.46153846,4,0,1,0,1,3,1,3.266666667,4,8.466344086,2,68.8,3,407.322,3,142.34,1,B23-SAV,Alamitos Bay,3.1525,open,U,U,U,,Zostera pacifica,2.444,33.7473,-118.1184,NA,small_embayment,13,12/2/24,118,Merkel,cross-3parallel,,targeted
554,B23-SAV-902,33.55,2,14.53846154,1,48.46153846,4,0,1,0,1,3,1,3.266666667,4,8.466344086,2,68.8,3,407.322,3,142.34,1,B23-SAV,Alamitos Bay,3.1525,open,U,U,U,,Zostera pacifica,2.444,33.7473,-118.1184,NA,small_embayment,13,12/2/24,118,Merkel,cross-3parallel,,targeted
555,B23-SAV-902,33.55,2,14.53846154,1,48.46153846,4,0,1,0,1,3,1,3.266666667,4,8.466344086,2,68.8,3,407.322,3,142.34,1,B23-SAV,Alamitos Bay,3.1525,open,U,U,U,,Zostera pacifica,2.444,33.7473,-118.1184,NA,small_embayment,13,12/2/24,118,Merkel,cross-3parallel,,targeted
556,B23-SAV-902,33.55,2,14.53846154,1,48.46153846,4,0,1,0,1,3,1,3.266666667,4,8.466344086,2,68.8,3,407.322,3,142.34,1,B23-SAV,Alamitos Bay,3.1525,open,U,U,U,,Zostera pacifica,2.444,33.7473,-118.1184,NA,small_embayment,13,12/2/24,118,Merkel,cross-3parallel,,targeted
557,B23-SAV-902,33.55,2,14.53846154,1,48.46153846,4,0,1,0,1,3,1,3.266666667,4,8.466344086,2,68.8,3,407.322,3,142.34,1,B23-SAV,Alamitos Bay,3.1525,open,U,U,U,,Zostera pacifica,2.444,33.7473,-118.1184,NA,small_embayment,13,12/2/24,118,Merkel,cross-3parallel,,targeted
558,B23-SAV-902,33.55,2,14.53846154,1,48.46153846,4,0,1,0,1,3,1,3.266666667,4,8.466344086,2,68.8,3,407.322,3,142.34,1,B23-SAV,Alamitos Bay,3.1525,open,U,U,U,,Zostera pacifica,2.444,33.7473,-118.1184,NA,small_embayment,13,12/2/24,118,Merkel,cross-3parallel,,targeted
559,B23-SAV-902,33.55,2,14.53846154,1,48.46153846,4,0,1,0,1,3,1,3.266666667,4,8.466344086,2,68.8,3,407.322,3,142.34,1,B23-SAV,Alamitos Bay,3.1525,open,U,U,U,,Zostera pacifica,2.444,33.7473,-118.1184,NA,small_embayment,13,12/2/24,118,Merkel,cross-3parallel,,targeted
560,B23-SAV-903,24.18666667,1,5,1,5,1,95,3,0,1,2.5,1,2.6,2,5.18,1,1.1,1,141.015,1,217.81,2,B23-SAV,Alamitos Bay,2.3897,open,U,U,U,,Zostera pacifica,1.809,33.7679,-118.1298,patch,small_embayment,2,12/2/24,25,Merkel,patch,NA,targeted
561,B23-SAV-903,24.18666667,1,5,1,5,1,95,3,0,1,2.5,1,2.6,2,5.18,1,1.1,1,141.015,1,217.81,2,B23-SAV,Alamitos Bay,2.3897,open,U,U,U,,Zostera pacifica,1.809,33.7679,-118.1298,patch,small_embayment,2,12/2/24,25,Merkel,patch,NA,targeted
562,B23-SAV-903,24.18666667,1,5,1,5,1,95,3,0,1,2.5,1,2.6,2,5.18,1,1.1,1,141.015,1,217.81,2,B23-SAV,Alamitos Bay,2.3897,open,U,U,U,,Zostera pacifica,1.809,33.7679,-118.1298,patch,small_embayment,2,12/2/24,25,Merkel,patch,NA,targeted
563,B23-SAV-903,24.18666667,1,5,1,5,1,95,3,0,1,2.5,1,2.6,2,5.18,1,1.1,1,141.015,1,217.81,2,B23-SAV,Alamitos Bay,2.3897,open,U,U,U,,Zostera pacifica,1.809,33.7679,-118.1298,patch,small_embayment,2,12/2/24,25,Merkel,patch,NA,targeted
564,B23-SAV-903,24.18666667,1,5,1,5,1,95,3,0,1,2.5,1,2.6,2,5.18,1,1.1,1,141.015,1,217.81,2,B23-SAV,Alamitos Bay,2.3897,open,U,U,U,,Zostera pacifica,1.809,33.7679,-118.1298,patch,small_embayment,2,12/2/24,25,Merkel,patch,NA,targeted
565,B23-SAV-903,24.18666667,1,5,1,5,1,95,3,0,1,2.5,1,2.6,2,5.18,1,1.1,1,141.015,1,217.81,2,B23-SAV,Alamitos Bay,2.3897,open,U,U,U,,Zostera pacifica,1.809,33.7679,-118.1298,patch,small_embayment,2,12/2/24,25,Merkel,patch,NA,targeted
566,B23-SAV-903,24.18666667,1,5,1,5,1,95,3,0,1,2.5,1,2.6,2,5.18,1,1.1,1,141.015,1,217.81,2,B23-SAV,Alamitos Bay,2.3897,open,U,U,U,,Zostera pacifica,1.809,33.7679,-118.1298,patch,small_embayment,2,12/2/24,25,Merkel,patch,NA,targeted
567,B23-SAV-903,24.18666667,1,5,1,5,1,95,3,0,1,2.5,1,2.6,2,5.18,1,1.1,1,141.015,1,217.81,2,B23-SAV,Alamitos Bay,2.3897,open,U,U,U,,Zostera pacifica,1.809,33.7679,-118.1298,patch,small_embayment,2,12/2/24,25,Merkel,patch,NA,targeted
568,B23-SAV-903,24.18666667,1,5,1,5,1,95,3,0,1,2.5,1,2.6,2,5.18,1,1.1,1,141.015,1,217.81,2,B23-SAV,Alamitos Bay,2.3897,open,U,U,U,,Zostera pacifica,1.809,33.7679,-118.1298,patch,small_embayment,2,12/2/24,25,Merkel,patch,NA,targeted
569,B23-SAV-903,24.18666667,1,5,1,5,1,95,3,0,1,2.5,1,2.6,2,5.18,1,1.1,1,141.015,1,217.81,2,B23-SAV,Alamitos Bay,2.3897,open,U,U,U,,Zostera pacifica,1.809,33.7679,-118.1298,patch,small_embayment,2,12/2/24,25,Merkel,patch,NA,targeted
570,B23-SAV-903,24.18666667,1,5,1,5,1,95,3,0,1,2.5,1,2.6,2,5.18,1,1.1,1,141.015,1,217.81,2,B23-SAV,Alamitos Bay,2.3897,open,U,U,U,,Zostera pacifica,1.809,33.7679,-118.1298,patch,small_embayment,2,12/2/24,25,Merkel,patch,NA,targeted
571,B23-SAV-903,24.18666667,1,5,1,5,1,95,3,0,1,2.5,1,2.6,2,5.18,1,1.1,1,141.015,1,217.81,2,B23-SAV,Alamitos Bay,2.3897,open,U,U,U,,Zostera pacifica,1.809,33.7679,-118.1298,patch,small_embayment,2,12/2/24,25,Merkel,patch,NA,targeted
572,B23-SAV-903,24.18666667,1,5,1,5,1,95,3,0,1,2.5,1,2.6,2,5.18,1,1.1,1,141.015,1,217.81,2,B23-SAV,Alamitos Bay,2.3897,open,U,U,U,,Zostera pacifica,1.809,33.7679,-118.1298,patch,small_embayment,2,12/2/24,25,Merkel,patch,NA,targeted
573,B23-SAV-903,24.18666667,1,5,1,5,1,95,3,0,1,2.5,1,2.6,2,5.18,1,1.1,1,141.015,1,217.81,2,B23-SAV,Alamitos Bay,2.3897,open,U,U,U,,Zostera pacifica,1.809,33.7679,-118.1298,patch,small_embayment,2,12/2/24,25,Merkel,patch,NA,targeted
574,B23-SAV-903,24.18666667,1,5,1,5,1,95,3,0,1,2.5,1,2.6,2,5.18,1,1.1,1,141.015,1,217.81,2,B23-SAV,Alamitos Bay,2.3897,open,U,U,U,,Zostera pacifica,1.809,33.7679,-118.1298,patch,small_embayment,2,12/2/24,25,Merkel,patch,NA,targeted
575,B23-SAV-903,24.18666667,1,5,1,5,1,95,3,0,1,2.5,1,2.6,2,5.18,1,1.1,1,141.015,1,217.81,2,B23-SAV,Alamitos Bay,2.3897,open,U,U,U,,Zostera pacifica,1.809,33.7679,-118.1298,patch,small_embayment,2,12/2/24,25,Merkel,patch,NA,targeted
576,B23-SAV-903,24.18666667,1,5,1,5,1,95,3,0,1,2.5,1,2.6,2,5.18,1,1.1,1,141.015,1,217.81,2,B23-SAV,Alamitos Bay,2.3897,open,U,U,U,,Zostera pacifica,1.809,33.7679,-118.1298,patch,small_embayment,2,12/2/24,25,Merkel,patch,NA,targeted
577,B23-SAV-903,24.18666667,1,5,1,5,1,95,3,0,1,2.5,1,2.6,2,5.18,1,1.1,1,141.015,1,217.81,2,B23-SAV,Alamitos Bay,2.3897,open,U,U,U,,Zostera pacifica,1.809,33.7679,-118.1298,patch,small_embayment,2,12/2/24,25,Merkel,patch,NA,targeted
578,B23-SAV-903,24.18666667,1,5,1,5,1,95,3,0,1,2.5,1,2.6,2,5.18,1,1.1,1,141.015,1,217.81,2,B23-SAV,Alamitos Bay,2.3897,open,U,U,U,,Zostera pacifica,1.809,33.7679,-118.1298,patch,small_embayment,2,12/2/24,25,Merkel,patch,,targeted
579,B23-SAV-903,24.18666667,1,5,1,5,1,95,3,0,1,2.5,1,2.6,2,5.18,1,1.1,1,141.015,1,217.81,2,B23-SAV,Alamitos Bay,2.3897,open,U,U,U,,Zostera pacifica,1.809,33.7679,-118.1298,patch,small_embayment,2,12/2/24,25,Merkel,patch,,targeted
580,B23-SAV-903,24.18666667,1,5,1,5,1,95,3,0,1,2.5,1,2.6,2,5.18,1,1.1,1,141.015,1,217.81,2,B23-SAV,Alamitos Bay,2.3897,open,U,U,U,,Zostera pacifica,1.809,33.7679,-118.1298,patch,small_embayment,2,12/2/24,25,Merkel,patch,,targeted
581,B23-SAV-903,24.18666667,1,5,1,5,1,95,3,0,1,2.5,1,2.6,2,5.18,1,1.1,1,141.015,1,217.81,2,B23-SAV,Alamitos Bay,2.3897,open,U,U,U,,Zostera pacifica,1.809,33.7679,-118.1298,patch,small_embayment,2,12/2/24,25,Merkel,patch,,targeted
582,B23-SAV-903,24.18666667,1,5,1,5,1,95,3,0,1,2.5,1,2.6,2,5.18,1,1.1,1,141.015,1,217.81,2,B23-SAV,Alamitos Bay,2.3897,open,U,U,U,,Zostera pacifica,1.809,33.7679,-118.1298,patch,small_embayment,2,12/2/24,25,Merkel,patch,,targeted
583,B23-SAV-903,24.18666667,1,5,1,5,1,95,3,0,1,2.5,1,2.6,2,5.18,1,1.1,1,141.015,1,217.81,2,B23-SAV,Alamitos Bay,2.3897,open,U,U,U,,Zostera pacifica,1.809,33.7679,-118.1298,patch,small_embayment,2,12/2/24,25,Merkel,patch,,targeted
584,B23-SAV-903,24.18666667,1,5,1,5,1,95,3,0,1,2.5,1,2.6,2,5.18,1,1.1,1,141.015,1,217.81,2,B23-SAV,Alamitos Bay,2.3897,open,U,U,U,,Zostera pacifica,1.809,33.7679,-118.1298,patch,small_embayment,2,12/2/24,25,Merkel,patch,,targeted
585,B23-SAV-903,24.18666667,1,5,1,5,1,95,3,0,1,2.5,1,2.6,2,5.18,1,1.1,1,141.015,1,217.81,2,B23-SAV,Alamitos Bay,2.3897,open,U,U,U,,Zostera pacifica,1.809,33.7679,-118.1298,patch,small_embayment,2,12/2/24,25,Merkel,patch,,targeted
586,B23-SAV-903,24.18666667,1,5,1,5,1,95,3,0,1,2.5,1,2.6,2,5.18,1,1.1,1,141.015,1,217.81,2,B23-SAV,Alamitos Bay,2.3897,open,U,U,U,,Zostera pacifica,1.809,33.7679,-118.1298,patch,small_embayment,2,12/2/24,25,Merkel,patch,,targeted
587,B23-SAV-903,24.18666667,1,5,1,5,1,95,3,0,1,2.5,1,2.6,2,5.18,1,1.1,1,141.015,1,217.81,2,B23-SAV,Alamitos Bay,2.3897,open,U,U,U,,Zostera pacifica,1.809,33.7679,-118.1298,patch,small_embayment,2,12/2/24,25,Merkel,patch,,targeted
588,B23-SAV-903,24.18666667,1,5,1,5,1,95,3,0,1,2.5,1,2.6,2,5.18,1,1.1,1,141.015,1,217.81,2,B23-SAV,Alamitos Bay,2.3897,open,U,U,U,,Zostera pacifica,1.809,33.7679,-118.1298,patch,small_embayment,2,12/2/24,25,Merkel,patch,,targeted
589,B23-SAV-903,24.18666667,1,5,1,5,1,95,3,0,1,2.5,1,2.6,2,5.18,1,1.1,1,141.015,1,217.81,2,B23-SAV,Alamitos Bay,2.3897,open,U,U,U,,Zostera pacifica,1.809,33.7679,-118.1298,patch,small_embayment,2,12/2/24,25,Merkel,patch,,targeted
590,B23-SAV-903,24.18666667,1,5,1,5,1,95,3,0,1,2.5,1,2.6,2,5.18,1,1.1,1,141.015,1,217.81,2,B23-SAV,Alamitos Bay,2.3897,open,U,U,U,,Zostera pacifica,1.809,33.7679,-118.1298,patch,small_embayment,2,12/2/24,25,Merkel,patch,,targeted
591,B23-SAV-903,24.18666667,1,5,1,5,1,95,3,0,1,2.5,1,2.6,2,5.18,1,1.1,1,141.015,1,217.81,2,B23-SAV,Alamitos Bay,2.3897,open,U,U,U,,Zostera pacifica,1.809,33.7679,-118.1298,patch,small_embayment,2,12/2/24,25,Merkel,patch,,targeted
592,B23-SAV-903,24.18666667,1,5,1,5,1,95,3,0,1,2.5,1,2.6,2,5.18,1,1.1,1,141.015,1,217.81,2,B23-SAV,Alamitos Bay,2.3897,open,U,U,U,,Zostera pacifica,1.809,33.7679,-118.1298,patch,small_embayment,2,12/2/24,25,Merkel,patch,,targeted
593,B23-SAV-903,24.18666667,1,5,1,5,1,95,3,0,1,2.5,1,2.6,2,5.18,1,1.1,1,141.015,1,217.81,2,B23-SAV,Alamitos Bay,2.3897,open,U,U,U,,Zostera pacifica,1.809,33.7679,-118.1298,patch,small_embayment,2,12/2/24,25,Merkel,patch,,targeted
594,B23-SAV-903,24.18666667,1,5,1,5,1,95,3,0,1,2.5,1,2.6,2,5.18,1,1.1,1,141.015,1,217.81,2,B23-SAV,Alamitos Bay,2.3897,open,U,U,U,,Zostera pacifica,1.809,33.7679,-118.1298,patch,small_embayment,2,12/2/24,25,Merkel,patch,,targeted
595,B23-SAV-903,24.18666667,1,5,1,5,1,95,3,0,1,2.5,1,2.6,2,5.18,1,1.1,1,141.015,1,217.81,2,B23-SAV,Alamitos Bay,2.3897,open,U,U,U,,Zostera pacifica,1.809,33.7679,-118.1298,patch,small_embayment,2,12/2/24,25,Merkel,patch,,targeted
596,B23-SAV-903,24.18666667,1,5,1,5,1,95,3,0,1,2.5,1,2.6,2,5.18,1,1.1,1,141.015,1,217.81,2,B23-SAV,Alamitos Bay,2.3897,open,U,U,U,,Zostera pacifica,1.809,33.7679,-118.1298,patch,small_embayment,2,12/2/24,25,Merkel,patch,,targeted
597,B23-SAV-903,24.18666667,1,5,1,5,1,95,3,0,1,2.5,1,2.6,2,5.18,1,1.1,1,141.015,1,217.81,2,B23-SAV,Alamitos Bay,2.3897,open,U,U,U,,Zostera pacifica,1.809,33.7679,-118.1298,patch,small_embayment,2,12/2/24,25,Merkel,patch,,targeted
598,B23-SAV-903,24.18666667,1,5,1,5,1,95,3,0,1,2.5,1,2.6,2,5.18,1,1.1,1,141.015,1,217.81,2,B23-SAV,Alamitos Bay,2.3897,open,U,U,U,,Zostera pacifica,1.809,33.7679,-118.1298,patch,small_embayment,2,12/2/24,25,Merkel,patch,,targeted
599,B23-SAV-903,24.18666667,1,5,1,5,1,95,3,0,1,2.5,1,2.6,2,5.18,1,1.1,1,141.015,1,217.81,2,B23-SAV,Alamitos Bay,2.3897,open,U,U,U,,Zostera pacifica,1.809,33.7679,-118.1298,patch,small_embayment,2,12/2/24,25,Merkel,patch,,targeted
600,B23-SAV-903,24.18666667,1,5,1,5,1,95,3,0,1,2.5,1,2.6,2,5.18,1,1.1,1,141.015,1,217.81,2,B23-SAV,Alamitos Bay,2.3897,open,U,U,U,,Zostera pacifica,1.809,33.7679,-118.1298,patch,small_embayment,2,12/2/24,25,Merkel,patch,,targeted
601,B23-SAV-903,24.18666667,1,5,1,5,1,95,3,0,1,2.5,1,2.6,2,5.18,1,1.1,1,141.015,1,217.81,2,B23-SAV,Alamitos Bay,2.3897,open,U,U,U,,Zostera pacifica,1.809,33.7679,-118.1298,patch,small_embayment,2,12/2/24,25,Merkel,patch,,targeted
602,B23-SAV-903,24.18666667,1,5,1,5,1,95,3,0,1,2.5,1,2.6,2,5.18,1,1.1,1,141.015,1,217.81,2,B23-SAV,Alamitos Bay,2.3897,open,U,U,U,,Zostera pacifica,1.809,33.7679,-118.1298,patch,small_embayment,2,12/2/24,25,Merkel,patch,,targeted
603,B23-SAV-903,24.18666667,1,5,1,5,1,95,3,0,1,2.5,1,2.6,2,5.18,1,1.1,1,141.015,1,217.81,2,B23-SAV,Alamitos Bay,2.3897,open,U,U,U,,Zostera pacifica,1.809,33.7679,-118.1298,patch,small_embayment,2,12/2/24,25,Merkel,patch,,targeted
604,B23-SAV-903,24.18666667,1,5,1,5,1,95,3,0,1,2.5,1,2.6,2,5.18,1,1.1,1,141.015,1,217.81,2,B23-SAV,Alamitos Bay,2.3897,open,U,U,U,,Zostera pacifica,1.809,33.7679,-118.1298,patch,small_embayment,2,12/2/24,25,Merkel,patch,,targeted
605,B23-SAV-903,24.18666667,1,5,1,5,1,95,3,0,1,2.5,1,2.6,2,5.18,1,1.1,1,141.015,1,217.81,2,B23-SAV,Alamitos Bay,2.3897,open,U,U,U,,Zostera pacifica,1.809,33.7679,-118.1298,patch,small_embayment,2,12/2/24,25,Merkel,patch,,targeted
606,B23-SAV-903,24.18666667,1,5,1,5,1,95,3,0,1,2.5,1,2.6,2,5.18,1,1.1,1,141.015,1,217.81,2,B23-SAV,Alamitos Bay,2.3897,open,U,U,U,,Zostera pacifica,1.809,33.7679,-118.1298,patch,small_embayment,2,12/2/24,25,Merkel,patch,,targeted
607,B23-SAV-903,24.18666667,1,5,1,5,1,95,3,0,1,2.5,1,2.6,2,5.18,1,1.1,1,141.015,1,217.81,2,B23-SAV,Alamitos Bay,2.3897,open,U,U,U,,Zostera pacifica,1.809,33.7679,-118.1298,patch,small_embayment,2,12/2/24,25,Merkel,patch,,targeted
608,B23-SAV-903,24.18666667,1,5,1,5,1,95,3,0,1,2.5,1,2.6,2,5.18,1,1.1,1,141.015,1,217.81,2,B23-SAV,Alamitos Bay,2.3897,open,U,U,U,,Zostera pacifica,1.809,33.7679,-118.1298,patch,small_embayment,2,12/2/24,25,Merkel,patch,,targeted
609,B23-SAV-903,24.18666667,1,5,1,5,1,95,3,0,1,2.5,1,2.6,2,5.18,1,1.1,1,141.015,1,217.81,2,B23-SAV,Alamitos Bay,2.3897,open,U,U,U,,Zostera pacifica,1.809,33.7679,-118.1298,patch,small_embayment,2,12/2/24,25,Merkel,patch,,targeted
610,B23-SAV-903,24.18666667,1,5,1,5,1,95,3,0,1,2.5,1,2.6,2,5.18,1,1.1,1,141.015,1,217.81,2,B23-SAV,Alamitos Bay,2.3897,open,U,U,U,,Zostera pacifica,1.809,33.7679,-118.1298,patch,small_embayment,2,12/2/24,25,Merkel,patch,,targeted
611,B23-SAV-903,24.18666667,1,5,1,5,1,95,3,0,1,2.5,1,2.6,2,5.18,1,1.1,1,141.015,1,217.81,2,B23-SAV,Alamitos Bay,2.3897,open,U,U,U,,Zostera pacifica,1.809,33.7679,-118.1298,patch,small_embayment,2,12/2/24,25,Merkel,patch,,targeted
612,B23-SAV-903,24.18666667,1,5,1,5,1,95,3,0,1,2.5,1,2.6,2,5.18,1,1.1,1,141.015,1,217.81,2,B23-SAV,Alamitos Bay,2.3897,open,U,U,U,,Zostera pacifica,1.809,33.7679,-118.1298,patch,small_embayment,2,12/2/24,25,Merkel,patch,,targeted
613,B23-SAV-903,24.18666667,1,5,1,5,1,95,3,0,1,2.5,1,2.6,2,5.18,1,1.1,1,141.015,1,217.81,2,B23-SAV,Alamitos Bay,2.3897,open,U,U,U,,Zostera pacifica,1.809,33.7679,-118.1298,patch,small_embayment,2,12/2/24,25,Merkel,patch,,targeted
614,B23-SAV-903,24.18666667,1,5,1,5,1,95,3,0,1,2.5,1,2.6,2,5.18,1,1.1,1,141.015,1,217.81,2,B23-SAV,Alamitos Bay,2.3897,open,U,U,U,,Zostera pacifica,1.809,33.7679,-118.1298,patch,small_embayment,2,12/2/24,25,Merkel,patch,,targeted
615,B23-SAV-903,24.18666667,1,5,1,5,1,95,3,0,1,2.5,1,2.6,2,5.18,1,1.1,1,141.015,1,217.81,2,B23-SAV,Alamitos Bay,2.3897,open,U,U,U,,Zostera pacifica,1.809,33.7679,-118.1298,patch,small_embayment,2,12/2/24,25,Merkel,patch,,targeted
616,B23-SAV-903,24.18666667,1,5,1,5,1,95,3,0,1,2.5,1,2.6,2,5.18,1,1.1,1,141.015,1,217.81,2,B23-SAV,Alamitos Bay,2.3897,open,U,U,U,,Zostera pacifica,1.809,33.7679,-118.1298,patch,small_embayment,2,12/2/24,25,Merkel,patch,,targeted
617,B23-SAV-903,24.18666667,1,5,1,5,1,95,3,0,1,2.5,1,2.6,2,5.18,1,1.1,1,141.015,1,217.81,2,B23-SAV,Alamitos Bay,2.3897,open,U,U,U,,Zostera pacifica,1.809,33.7679,-118.1298,patch,small_embayment,2,12/2/24,25,Merkel,patch,,targeted
618,B23-SAV-903,24.18666667,1,5,1,5,1,95,3,0,1,2.5,1,2.6,2,5.18,1,1.1,1,141.015,1,217.81,2,B23-SAV,Alamitos Bay,2.3897,open,U,U,U,,Zostera pacifica,1.809,33.7679,-118.1298,patch,small_embayment,2,12/2/24,25,Merkel,patch,,targeted
619,B23-SAV-903,24.18666667,1,5,1,5,1,95,3,0,1,2.5,1,2.6,2,5.18,1,1.1,1,141.015,1,217.81,2,B23-SAV,Alamitos Bay,2.3897,open,U,U,U,,Zostera pacifica,1.809,33.7679,-118.1298,patch,small_embayment,2,12/2/24,25,Merkel,patch,,targeted
620,B23-SAV-903,24.18666667,1,5,1,5,1,95,3,0,1,2.5,1,2.6,2,5.18,1,1.1,1,141.015,1,217.81,2,B23-SAV,Alamitos Bay,2.3897,open,U,U,U,,Zostera pacifica,1.809,33.7679,-118.1298,patch,small_embayment,2,12/2/24,25,Merkel,patch,,targeted
621,B23-SAV-903,24.18666667,1,5,1,5,1,95,3,0,1,2.5,1,2.6,2,5.18,1,1.1,1,141.015,1,217.81,2,B23-SAV,Alamitos Bay,2.3897,open,U,U,U,,Zostera pacifica,1.809,33.7679,-118.1298,patch,small_embayment,2,12/2/24,25,Merkel,patch,,targeted
622,B23-SAV-903,24.18666667,1,5,1,5,1,95,3,0,1,2.5,1,2.6,2,5.18,1,1.1,1,141.015,1,217.81,2,B23-SAV,Alamitos Bay,2.3897,open,U,U,U,,Zostera pacifica,1.809,33.7679,-118.1298,patch,small_embayment,2,12/2/24,25,Merkel,patch,,targeted
623,B23-SAV-903,24.18666667,1,5,1,5,1,95,3,0,1,2.5,1,2.6,2,5.18,1,1.1,1,141.015,1,217.81,2,B23-SAV,Alamitos Bay,2.3897,open,U,U,U,,Zostera pacifica,1.809,33.7679,-118.1298,patch,small_embayment,2,12/2/24,25,Merkel,patch,,targeted
624,B23-SAV-903,24.18666667,1,5,1,5,1,95,3,0,1,2.5,1,2.6,2,5.18,1,1.1,1,141.015,1,217.81,2,B23-SAV,Alamitos Bay,2.3897,open,U,U,U,,Zostera pacifica,1.809,33.7679,-118.1298,patch,small_embayment,2,12/2/24,25,Merkel,patch,,targeted
625,B23-SAV-903,24.18666667,1,5,1,5,1,95,3,0,1,2.5,1,2.6,2,5.18,1,1.1,1,141.015,1,217.81,2,B23-SAV,Alamitos Bay,2.3897,open,U,U,U,,Zostera pacifica,1.809,33.7679,-118.1298,patch,small_embayment,2,12/2/24,25,Merkel,patch,,targeted
626,B23-SAV-903,24.18666667,1,5,1,5,1,95,3,0,1,2.5,1,2.6,2,5.18,1,1.1,1,141.015,1,217.81,2,B23-SAV,Alamitos Bay,2.3897,open,U,U,U,,Zostera pacifica,1.809,33.7679,-118.1298,patch,small_embayment,2,12/2/24,25,Merkel,patch,,targeted
627,B23-SAV-903,24.18666667,1,5,1,5,1,95,3,0,1,2.5,1,2.6,2,5.18,1,1.1,1,141.015,1,217.81,2,B23-SAV,Alamitos Bay,2.3897,open,U,U,U,,Zostera pacifica,1.809,33.7679,-118.1298,patch,small_embayment,2,12/2/24,25,Merkel,patch,,targeted
628,B23-SAV-904,51.235,3,9.5,1,52.5,4,20,3,0,1,5,3,3.4,4,10.25592593,3,66.1,3,685.81,4,268.96,2,B23-SAV,Alamitos Bay,0.8014,open,U,U,U,,Zostera pacifica,4.718,33.7243,-118.0721,patch,small_embayment,2,12/2/24,9,Merkel,patch,NA,targeted
629,B23-SAV-904,51.235,3,9.5,1,52.5,4,20,3,0,1,5,3,3.4,4,10.25592593,3,66.1,3,685.81,4,268.96,2,B23-SAV,Alamitos Bay,0.8014,open,U,U,U,,Zostera pacifica,4.718,33.7243,-118.0721,patch,small_embayment,2,12/2/24,9,Merkel,patch,NA,targeted
630,B23-SAV-904,51.235,3,9.5,1,52.5,4,20,3,0,1,5,3,3.4,4,10.25592593,3,66.1,3,685.81,4,268.96,2,B23-SAV,Alamitos Bay,0.8014,open,U,U,U,,Zostera pacifica,4.718,33.7243,-118.0721,patch,small_embayment,2,12/2/24,9,Merkel,patch,NA,targeted
631,B23-SAV-904,51.235,3,9.5,1,52.5,4,20,3,0,1,5,3,3.4,4,10.25592593,3,66.1,3,685.81,4,268.96,2,B23-SAV,Alamitos Bay,0.8014,open,U,U,U,,Zostera pacifica,4.718,33.7243,-118.0721,patch,small_embayment,2,12/2/24,9,Merkel,patch,NA,targeted
632,B23-SAV-904,51.235,3,9.5,1,52.5,4,20,3,0,1,5,3,3.4,4,10.25592593,3,66.1,3,685.81,4,268.96,2,B23-SAV,Alamitos Bay,0.8014,open,U,U,U,,Zostera pacifica,4.718,33.7243,-118.0721,patch,small_embayment,2,12/2/24,9,Merkel,patch,NA,targeted
633,B23-SAV-904,51.235,3,9.5,1,52.5,4,20,3,0,1,5,3,3.4,4,10.25592593,3,66.1,3,685.81,4,268.96,2,B23-SAV,Alamitos Bay,0.8014,open,U,U,U,,Zostera pacifica,4.718,33.7243,-118.0721,patch,small_embayment,2,12/2/24,9,Merkel,patch,NA,targeted
634,B23-SAV-904,51.235,3,9.5,1,52.5,4,20,3,0,1,5,3,3.4,4,10.25592593,3,66.1,3,685.81,4,268.96,2,B23-SAV,Alamitos Bay,0.8014,open,U,U,U,,Zostera pacifica,4.718,33.7243,-118.0721,patch,small_embayment,2,12/2/24,9,Merkel,patch,NA,targeted
635,B23-SAV-904,51.235,3,9.5,1,52.5,4,20,3,0,1,5,3,3.4,4,10.25592593,3,66.1,3,685.81,4,268.96,2,B23-SAV,Alamitos Bay,0.8014,open,U,U,U,,Zostera pacifica,4.718,33.7243,-118.0721,patch,small_embayment,2,12/2/24,9,Merkel,patch,NA,targeted
636,B23-SAV-904,51.235,3,9.5,1,52.5,4,20,3,0,1,5,3,3.4,4,10.25592593,3,66.1,3,685.81,4,268.96,2,B23-SAV,Alamitos Bay,0.8014,open,U,U,U,,Zostera pacifica,4.718,33.7243,-118.0721,patch,small_embayment,2,12/2/24,9,Merkel,patch,NA,targeted
637,B23-SAV-904,51.235,3,9.5,1,52.5,4,20,3,0,1,5,3,3.4,4,10.25592593,3,66.1,3,685.81,4,268.96,2,B23-SAV,Alamitos Bay,0.8014,open,U,U,U,,Zostera pacifica,4.718,33.7243,-118.0721,patch,small_embayment,2,12/2/24,9,Merkel,patch,NA,targeted
638,B23-SAV-904,51.235,3,9.5,1,52.5,4,20,3,0,1,5,3,3.4,4,10.25592593,3,66.1,3,685.81,4,268.96,2,B23-SAV,Alamitos Bay,0.8014,open,U,U,U,,Zostera pacifica,4.718,33.7243,-118.0721,patch,small_embayment,2,12/2/24,9,Merkel,patch,NA,targeted
639,B23-SAV-904,51.235,3,9.5,1,52.5,4,20,3,0,1,5,3,3.4,4,10.25592593,3,66.1,3,685.81,4,268.96,2,B23-SAV,Alamitos Bay,0.8014,open,U,U,U,,Zostera pacifica,4.718,33.7243,-118.0721,patch,small_embayment,2,12/2/24,9,Merkel,patch,NA,targeted
640,B23-SAV-904,51.235,3,9.5,1,52.5,4,20,3,0,1,5,3,3.4,4,10.25592593,3,66.1,3,685.81,4,268.96,2,B23-SAV,Alamitos Bay,0.8014,open,U,U,U,,Zostera pacifica,4.718,33.7243,-118.0721,patch,small_embayment,2,12/2/24,9,Merkel,patch,NA,targeted
641,B23-SAV-904,51.235,3,9.5,1,52.5,4,20,3,0,1,5,3,3.4,4,10.25592593,3,66.1,3,685.81,4,268.96,2,B23-SAV,Alamitos Bay,0.8014,open,U,U,U,,Zostera pacifica,4.718,33.7243,-118.0721,patch,small_embayment,2,12/2/24,9,Merkel,patch,NA,targeted
642,B23-SAV-904,51.235,3,9.5,1,52.5,4,20,3,0,1,5,3,3.4,4,10.25592593,3,66.1,3,685.81,4,268.96,2,B23-SAV,Alamitos Bay,0.8014,open,U,U,U,,Zostera pacifica,4.718,33.7243,-118.0721,patch,small_embayment,2,12/2/24,9,Merkel,patch,NA,targeted
643,B23-SAV-904,51.235,3,9.5,1,52.5,4,20,3,0,1,5,3,3.4,4,10.25592593,3,66.1,3,685.81,4,268.96,2,B23-SAV,Alamitos Bay,0.8014,open,U,U,U,,Zostera pacifica,4.718,33.7243,-118.0721,patch,small_embayment,2,12/2/24,9,Merkel,patch,NA,targeted
644,B23-SAV-904,51.235,3,9.5,1,52.5,4,20,3,0,1,5,3,3.4,4,10.25592593,3,66.1,3,685.81,4,268.96,2,B23-SAV,Alamitos Bay,0.8014,open,U,U,U,,Zostera pacifica,4.718,33.7243,-118.0721,patch,small_embayment,2,12/2/24,9,Merkel,patch,NA,targeted
645,B23-SAV-904,51.235,3,9.5,1,52.5,4,20,3,0,1,5,3,3.4,4,10.25592593,3,66.1,3,685.81,4,268.96,2,B23-SAV,Alamitos Bay,0.8014,open,U,U,U,,Zostera pacifica,4.718,33.7243,-118.0721,patch,small_embayment,2,12/2/24,9,Merkel,patch,NA,targeted
646,B23-SAV-904,51.235,3,9.5,1,52.5,4,20,3,0,1,5,3,3.4,4,10.25592593,3,66.1,3,685.81,4,268.96,2,B23-SAV,Alamitos Bay,0.8014,open,U,U,U,,Zostera pacifica,4.718,33.7243,-118.0721,patch,small_embayment,2,12/2/24,9,Merkel,patch,,targeted
647,B23-SAV-904,51.235,3,9.5,1,52.5,4,20,3,0,1,5,3,3.4,4,10.25592593,3,66.1,3,685.81,4,268.96,2,B23-SAV,Alamitos Bay,0.8014,open,U,U,U,,Zostera pacifica,4.718,33.7243,-118.0721,patch,small_embayment,2,12/2/24,9,Merkel,patch,,targeted
648,B23-SAV-904,51.235,3,9.5,1,52.5,4,20,3,0,1,5,3,3.4,4,10.25592593,3,66.1,3,685.81,4,268.96,2,B23-SAV,Alamitos Bay,0.8014,open,U,U,U,,Zostera pacifica,4.718,33.7243,-118.0721,patch,small_embayment,2,12/2/24,9,Merkel,patch,,targeted
649,B23-SAV-904,51.235,3,9.5,1,52.5,4,20,3,0,1,5,3,3.4,4,10.25592593,3,66.1,3,685.81,4,268.96,2,B23-SAV,Alamitos Bay,0.8014,open,U,U,U,,Zostera pacifica,4.718,33.7243,-118.0721,patch,small_embayment,2,12/2/24,9,Merkel,patch,,targeted
650,B23-SAV-904,51.235,3,9.5,1,52.5,4,20,3,0,1,5,3,3.4,4,10.25592593,3,66.1,3,685.81,4,268.96,2,B23-SAV,Alamitos Bay,0.8014,open,U,U,U,,Zostera pacifica,4.718,33.7243,-118.0721,patch,small_embayment,2,12/2/24,9,Merkel,patch,,targeted
651,B23-SAV-904,51.235,3,9.5,1,52.5,4,20,3,0,1,5,3,3.4,4,10.25592593,3,66.1,3,685.81,4,268.96,2,B23-SAV,Alamitos Bay,0.8014,open,U,U,U,,Zostera pacifica,4.718,33.7243,-118.0721,patch,small_embayment,2,12/2/24,9,Merkel,patch,,targeted
652,B23-SAV-904,51.235,3,9.5,1,52.5,4,20,3,0,1,5,3,3.4,4,10.25592593,3,66.1,3,685.81,4,268.96,2,B23-SAV,Alamitos Bay,0.8014,open,U,U,U,,Zostera pacifica,4.718,33.7243,-118.0721,patch,small_embayment,2,12/2/24,9,Merkel,patch,,targeted
653,B23-SAV-904,51.235,3,9.5,1,52.5,4,20,3,0,1,5,3,3.4,4,10.25592593,3,66.1,3,685.81,4,268.96,2,B23-SAV,Alamitos Bay,0.8014,open,U,U,U,,Zostera pacifica,4.718,33.7243,-118.0721,patch,small_embayment,2,12/2/24,9,Merkel,patch,,targeted
654,B23-SAV-904,51.235,3,9.5,1,52.5,4,20,3,0,1,5,3,3.4,4,10.25592593,3,66.1,3,685.81,4,268.96,2,B23-SAV,Alamitos Bay,0.8014,open,U,U,U,,Zostera pacifica,4.718,33.7243,-118.0721,patch,small_embayment,2,12/2/24,9,Merkel,patch,,targeted
655,B23-SAV-904,51.235,3,9.5,1,52.5,4,20,3,0,1,5,3,3.4,4,10.25592593,3,66.1,3,685.81,4,268.96,2,B23-SAV,Alamitos Bay,0.8014,open,U,U,U,,Zostera pacifica,4.718,33.7243,-118.0721,patch,small_embayment,2,12/2/24,9,Merkel,patch,,targeted
656,B23-SAV-904,51.235,3,9.5,1,52.5,4,20,3,0,1,5,3,3.4,4,10.25592593,3,66.1,3,685.81,4,268.96,2,B23-SAV,Alamitos Bay,0.8014,open,U,U,U,,Zostera pacifica,4.718,33.7243,-118.0721,patch,small_embayment,2,12/2/24,9,Merkel,patch,,targeted
657,B23-SAV-904,51.235,3,9.5,1,52.5,4,20,3,0,1,5,3,3.4,4,10.25592593,3,66.1,3,685.81,4,268.96,2,B23-SAV,Alamitos Bay,0.8014,open,U,U,U,,Zostera pacifica,4.718,33.7243,-118.0721,patch,small_embayment,2,12/2/24,9,Merkel,patch,,targeted
658,B23-SAV-904,51.235,3,9.5,1,52.5,4,20,3,0,1,5,3,3.4,4,10.25592593,3,66.1,3,685.81,4,268.96,2,B23-SAV,Alamitos Bay,0.8014,open,U,U,U,,Zostera pacifica,4.718,33.7243,-118.0721,patch,small_embayment,2,12/2/24,9,Merkel,patch,,targeted
659,B23-SAV-904,51.235,3,9.5,1,52.5,4,20,3,0,1,5,3,3.4,4,10.25592593,3,66.1,3,685.81,4,268.96,2,B23-SAV,Alamitos Bay,0.8014,open,U,U,U,,Zostera pacifica,4.718,33.7243,-118.0721,patch,small_embayment,2,12/2/24,9,Merkel,patch,,targeted
660,B23-SAV-904,51.235,3,9.5,1,52.5,4,20,3,0,1,5,3,3.4,4,10.25592593,3,66.1,3,685.81,4,268.96,2,B23-SAV,Alamitos Bay,0.8014,open,U,U,U,,Zostera pacifica,4.718,33.7243,-118.0721,patch,small_embayment,2,12/2/24,9,Merkel,patch,,targeted
661,B23-SAV-904,51.235,3,9.5,1,52.5,4,20,3,0,1,5,3,3.4,4,10.25592593,3,66.1,3,685.81,4,268.96,2,B23-SAV,Alamitos Bay,0.8014,open,U,U,U,,Zostera pacifica,4.718,33.7243,-118.0721,patch,small_embayment,2,12/2/24,9,Merkel,patch,,targeted
662,B23-SAV-904,51.235,3,9.5,1,52.5,4,20,3,0,1,5,3,3.4,4,10.25592593,3,66.1,3,685.81,4,268.96,2,B23-SAV,Alamitos Bay,0.8014,open,U,U,U,,Zostera pacifica,4.718,33.7243,-118.0721,patch,small_embayment,2,12/2/24,9,Merkel,patch,,targeted
663,B23-SAV-904,51.235,3,9.5,1,52.5,4,20,3,0,1,5,3,3.4,4,10.25592593,3,66.1,3,685.81,4,268.96,2,B23-SAV,Alamitos Bay,0.8014,open,U,U,U,,Zostera pacifica,4.718,33.7243,-118.0721,patch,small_embayment,2,12/2/24,9,Merkel,patch,,targeted
664,B23-SAV-904,51.235,3,9.5,1,52.5,4,20,3,0,1,5,3,3.4,4,10.25592593,3,66.1,3,685.81,4,268.96,2,B23-SAV,Alamitos Bay,0.8014,open,U,U,U,,Zostera pacifica,4.718,33.7243,-118.0721,patch,small_embayment,2,12/2/24,9,Merkel,patch,,targeted
665,B23-SAV-904,51.235,3,9.5,1,52.5,4,20,3,0,1,5,3,3.4,4,10.25592593,3,66.1,3,685.81,4,268.96,2,B23-SAV,Alamitos Bay,0.8014,open,U,U,U,,Zostera pacifica,4.718,33.7243,-118.0721,patch,small_embayment,2,12/2/24,9,Merkel,patch,,targeted
666,B23-SAV-904,51.235,3,9.5,1,52.5,4,20,3,0,1,5,3,3.4,4,10.25592593,3,66.1,3,685.81,4,268.96,2,B23-SAV,Alamitos Bay,0.8014,open,U,U,U,,Zostera pacifica,4.718,33.7243,-118.0721,patch,small_embayment,2,12/2/24,9,Merkel,patch,,targeted
667,B23-SAV-904,51.235,3,9.5,1,52.5,4,20,3,0,1,5,3,3.4,4,10.25592593,3,66.1,3,685.81,4,268.96,2,B23-SAV,Alamitos Bay,0.8014,open,U,U,U,,Zostera pacifica,4.718,33.7243,-118.0721,patch,small_embayment,2,12/2/24,9,Merkel,patch,,targeted
668,B23-SAV-904,51.235,3,9.5,1,52.5,4,20,3,0,1,5,3,3.4,4,10.25592593,3,66.1,3,685.81,4,268.96,2,B23-SAV,Alamitos Bay,0.8014,open,U,U,U,,Zostera pacifica,4.718,33.7243,-118.0721,patch,small_embayment,2,12/2/24,9,Merkel,patch,,targeted
669,B23-SAV-904,51.235,3,9.5,1,52.5,4,20,3,0,1,5,3,3.4,4,10.25592593,3,66.1,3,685.81,4,268.96,2,B23-SAV,Alamitos Bay,0.8014,open,U,U,U,,Zostera pacifica,4.718,33.7243,-118.0721,patch,small_embayment,2,12/2/24,9,Merkel,patch,,targeted
670,B23-SAV-904,51.235,3,9.5,1,52.5,4,20,3,0,1,5,3,3.4,4,10.25592593,3,66.1,3,685.81,4,268.96,2,B23-SAV,Alamitos Bay,0.8014,open,U,U,U,,Zostera pacifica,4.718,33.7243,-118.0721,patch,small_embayment,2,12/2/24,9,Merkel,patch,,targeted
671,B23-SAV-904,51.235,3,9.5,1,52.5,4,20,3,0,1,5,3,3.4,4,10.25592593,3,66.1,3,685.81,4,268.96,2,B23-SAV,Alamitos Bay,0.8014,open,U,U,U,,Zostera pacifica,4.718,33.7243,-118.0721,patch,small_embayment,2,12/2/24,9,Merkel,patch,,targeted
672,B23-SAV-904,51.235,3,9.5,1,52.5,4,20,3,0,1,5,3,3.4,4,10.25592593,3,66.1,3,685.81,4,268.96,2,B23-SAV,Alamitos Bay,0.8014,open,U,U,U,,Zostera pacifica,4.718,33.7243,-118.0721,patch,small_embayment,2,12/2/24,9,Merkel,patch,,targeted
673,B23-SAV-904,51.235,3,9.5,1,52.5,4,20,3,0,1,5,3,3.4,4,10.25592593,3,66.1,3,685.81,4,268.96,2,B23-SAV,Alamitos Bay,0.8014,open,U,U,U,,Zostera pacifica,4.718,33.7243,-118.0721,patch,small_embayment,2,12/2/24,9,Merkel,patch,,targeted
674,B23-SAV-904,51.235,3,9.5,1,52.5,4,20,3,0,1,5,3,3.4,4,10.25592593,3,66.1,3,685.81,4,268.96,2,B23-SAV,Alamitos Bay,0.8014,open,U,U,U,,Zostera pacifica,4.718,33.7243,-118.0721,patch,small_embayment,2,12/2/24,9,Merkel,patch,,targeted
675,B23-SAV-904,51.235,3,9.5,1,52.5,4,20,3,0,1,5,3,3.4,4,10.25592593,3,66.1,3,685.81,4,268.96,2,B23-SAV,Alamitos Bay,0.8014,open,U,U,U,,Zostera pacifica,4.718,33.7243,-118.0721,patch,small_embayment,2,12/2/24,9,Merkel,patch,,targeted
676,B23-SAV-904,51.235,3,9.5,1,52.5,4,20,3,0,1,5,3,3.4,4,10.25592593,3,66.1,3,685.81,4,268.96,2,B23-SAV,Alamitos Bay,0.8014,open,U,U,U,,Zostera pacifica,4.718,33.7243,-118.0721,patch,small_embayment,2,12/2/24,9,Merkel,patch,,targeted
677,B23-SAV-904,51.235,3,9.5,1,52.5,4,20,3,0,1,5,3,3.4,4,10.25592593,3,66.1,3,685.81,4,268.96,2,B23-SAV,Alamitos Bay,0.8014,open,U,U,U,,Zostera pacifica,4.718,33.7243,-118.0721,patch,small_embayment,2,12/2/24,9,Merkel,patch,,targeted
678,B23-SAV-904,51.235,3,9.5,1,52.5,4,20,3,0,1,5,3,3.4,4,10.25592593,3,66.1,3,685.81,4,268.96,2,B23-SAV,Alamitos Bay,0.8014,open,U,U,U,,Zostera pacifica,4.718,33.7243,-118.0721,patch,small_embayment,2,12/2/24,9,Merkel,patch,,targeted
679,B23-SAV-904,51.235,3,9.5,1,52.5,4,20,3,0,1,5,3,3.4,4,10.25592593,3,66.1,3,685.81,4,268.96,2,B23-SAV,Alamitos Bay,0.8014,open,U,U,U,,Zostera pacifica,4.718,33.7243,-118.0721,patch,small_embayment,2,12/2/24,9,Merkel,patch,,targeted
680,B23-SAV-904,51.235,3,9.5,1,52.5,4,20,3,0,1,5,3,3.4,4,10.25592593,3,66.1,3,685.81,4,268.96,2,B23-SAV,Alamitos Bay,0.8014,open,U,U,U,,Zostera pacifica,4.718,33.7243,-118.0721,patch,small_embayment,2,12/2/24,9,Merkel,patch,,targeted
681,B23-SAV-904,51.235,3,9.5,1,52.5,4,20,3,0,1,5,3,3.4,4,10.25592593,3,66.1,3,685.81,4,268.96,2,B23-SAV,Alamitos Bay,0.8014,open,U,U,U,,Zostera pacifica,4.718,33.7243,-118.0721,patch,small_embayment,2,12/2/24,9,Merkel,patch,,targeted
682,B23-SAV-904,51.235,3,9.5,1,52.5,4,20,3,0,1,5,3,3.4,4,10.25592593,3,66.1,3,685.81,4,268.96,2,B23-SAV,Alamitos Bay,0.8014,open,U,U,U,,Zostera pacifica,4.718,33.7243,-118.0721,patch,small_embayment,2,12/2/24,9,Merkel,patch,,targeted
683,B23-SAV-904,51.235,3,9.5,1,52.5,4,20,3,0,1,5,3,3.4,4,10.25592593,3,66.1,3,685.81,4,268.96,2,B23-SAV,Alamitos Bay,0.8014,open,U,U,U,,Zostera pacifica,4.718,33.7243,-118.0721,patch,small_embayment,2,12/2/24,9,Merkel,patch,,targeted
684,B23-SAV-904,51.235,3,9.5,1,52.5,4,20,3,0,1,5,3,3.4,4,10.25592593,3,66.1,3,685.81,4,268.96,2,B23-SAV,Alamitos Bay,0.8014,open,U,U,U,,Zostera pacifica,4.718,33.7243,-118.0721,patch,small_embayment,2,12/2/24,9,Merkel,patch,,targeted
685,B23-SAV-904,51.235,3,9.5,1,52.5,4,20,3,0,1,5,3,3.4,4,10.25592593,3,66.1,3,685.81,4,268.96,2,B23-SAV,Alamitos Bay,0.8014,open,U,U,U,,Zostera pacifica,4.718,33.7243,-118.0721,patch,small_embayment,2,12/2/24,9,Merkel,patch,,targeted
686,B23-SAV-904,51.235,3,9.5,1,52.5,4,20,3,0,1,5,3,3.4,4,10.25592593,3,66.1,3,685.81,4,268.96,2,B23-SAV,Alamitos Bay,0.8014,open,U,U,U,,Zostera pacifica,4.718,33.7243,-118.0721,patch,small_embayment,2,12/2/24,9,Merkel,patch,,targeted
687,B23-SAV-904,51.235,3,9.5,1,52.5,4,20,3,0,1,5,3,3.4,4,10.25592593,3,66.1,3,685.81,4,268.96,2,B23-SAV,Alamitos Bay,0.8014,open,U,U,U,,Zostera pacifica,4.718,33.7243,-118.0721,patch,small_embayment,2,12/2/24,9,Merkel,patch,,targeted
688,B23-SAV-904,51.235,3,9.5,1,52.5,4,20,3,0,1,5,3,3.4,4,10.25592593,3,66.1,3,685.81,4,268.96,2,B23-SAV,Alamitos Bay,0.8014,open,U,U,U,,Zostera pacifica,4.718,33.7243,-118.0721,patch,small_embayment,2,12/2/24,9,Merkel,patch,,targeted
689,B23-SAV-904,51.235,3,9.5,1,52.5,4,20,3,0,1,5,3,3.4,4,10.25592593,3,66.1,3,685.81,4,268.96,2,B23-SAV,Alamitos Bay,0.8014,open,U,U,U,,Zostera pacifica,4.718,33.7243,-118.0721,patch,small_embayment,2,12/2/24,9,Merkel,patch,,targeted
690,B23-SAV-904,51.235,3,9.5,1,52.5,4,20,3,0,1,5,3,3.4,4,10.25592593,3,66.1,3,685.81,4,268.96,2,B23-SAV,Alamitos Bay,0.8014,open,U,U,U,,Zostera pacifica,4.718,33.7243,-118.0721,patch,small_embayment,2,12/2/24,9,Merkel,patch,,targeted
691,B23-SAV-904,51.235,3,9.5,1,52.5,4,20,3,0,1,5,3,3.4,4,10.25592593,3,66.1,3,685.81,4,268.96,2,B23-SAV,Alamitos Bay,0.8014,open,U,U,U,,Zostera pacifica,4.718,33.7243,-118.0721,patch,small_embayment,2,12/2/24,9,Merkel,patch,,targeted
692,B23-SAV-904,51.235,3,9.5,1,52.5,4,20,3,0,1,5,3,3.4,4,10.25592593,3,66.1,3,685.81,4,268.96,2,B23-SAV,Alamitos Bay,0.8014,open,U,U,U,,Zostera pacifica,4.718,33.7243,-118.0721,patch,small_embayment,2,12/2/24,9,Merkel,patch,,targeted
693,B23-SAV-904,51.235,3,9.5,1,52.5,4,20,3,0,1,5,3,3.4,4,10.25592593,3,66.1,3,685.81,4,268.96,2,B23-SAV,Alamitos Bay,0.8014,open,U,U,U,,Zostera pacifica,4.718,33.7243,-118.0721,patch,small_embayment,2,12/2/24,9,Merkel,patch,,targeted
694,B23-SAV-904,51.235,3,9.5,1,52.5,4,20,3,0,1,5,3,3.4,4,10.25592593,3,66.1,3,685.81,4,268.96,2,B23-SAV,Alamitos Bay,0.8014,open,U,U,U,,Zostera pacifica,4.718,33.7243,-118.0721,patch,small_embayment,2,12/2/24,9,Merkel,patch,,targeted
695,B23-SAV-904,51.235,3,9.5,1,52.5,4,20,3,0,1,5,3,3.4,4,10.25592593,3,66.1,3,685.81,4,268.96,2,B23-SAV,Alamitos Bay,0.8014,open,U,U,U,,Zostera pacifica,4.718,33.7243,-118.0721,patch,small_embayment,2,12/2/24,9,Merkel,patch,,targeted
696,B23-SAV-904,51.235,3,9.5,1,52.5,4,20,3,0,1,5,3,3.4,4,10.25592593,3,66.1,3,685.81,4,268.96,2,B23-SAV,Alamitos Bay,0.8014,open,U,U,U,,Zostera pacifica,4.718,33.7243,-118.0721,patch,small_embayment,2,12/2/24,9,Merkel,patch,,targeted
697,B23-SAV-904,51.235,3,9.5,1,52.5,4,20,3,0,1,5,3,3.4,4,10.25592593,3,66.1,3,685.81,4,268.96,2,B23-SAV,Alamitos Bay,0.8014,open,U,U,U,,Zostera pacifica,4.718,33.7243,-118.0721,patch,small_embayment,2,12/2/24,9,Merkel,patch,,targeted
698,B23-SAV-904,51.235,3,9.5,1,52.5,4,20,3,0,1,5,3,3.4,4,10.25592593,3,66.1,3,685.81,4,268.96,2,B23-SAV,Alamitos Bay,0.8014,open,U,U,U,,Zostera pacifica,4.718,33.7243,-118.0721,patch,small_embayment,2,12/2/24,9,Merkel,patch,,targeted
699,B23-SAV-904,51.235,3,9.5,1,52.5,4,20,3,0,1,5,3,3.4,4,10.25592593,3,66.1,3,685.81,4,268.96,2,B23-SAV,Alamitos Bay,0.8014,open,U,U,U,,Zostera pacifica,4.718,33.7243,-118.0721,patch,small_embayment,2,12/2/24,9,Merkel,patch,,targeted
700,B23-SAV-904,51.235,3,9.5,1,52.5,4,20,3,0,1,5,3,3.4,4,10.25592593,3,66.1,3,685.81,4,268.96,2,B23-SAV,Alamitos Bay,0.8014,open,U,U,U,,Zostera pacifica,4.718,33.7243,-118.0721,patch,small_embayment,2,12/2/24,9,Merkel,patch,,targeted
701,B23-SAV-904,51.235,3,9.5,1,52.5,4,20,3,0,1,5,3,3.4,4,10.25592593,3,66.1,3,685.81,4,268.96,2,B23-SAV,Alamitos Bay,0.8014,open,U,U,U,,Zostera pacifica,4.718,33.7243,-118.0721,patch,small_embayment,2,12/2/24,9,Merkel,patch,,targeted
702,B23-SAV-904,51.235,3,9.5,1,52.5,4,20,3,0,1,5,3,3.4,4,10.25592593,3,66.1,3,685.81,4,268.96,2,B23-SAV,Alamitos Bay,0.8014,open,U,U,U,,Zostera pacifica,4.718,33.7243,-118.0721,patch,small_embayment,2,12/2/24,9,Merkel,patch,,targeted
703,B23-SAV-904,51.235,3,9.5,1,52.5,4,20,3,0,1,5,3,3.4,4,10.25592593,3,66.1,3,685.81,4,268.96,2,B23-SAV,Alamitos Bay,0.8014,open,U,U,U,,Zostera pacifica,4.718,33.7243,-118.0721,patch,small_embayment,2,12/2/24,9,Merkel,patch,,targeted
704,B23-SAV-904,51.235,3,9.5,1,52.5,4,20,3,0,1,5,3,3.4,4,10.25592593,3,66.1,3,685.81,4,268.96,2,B23-SAV,Alamitos Bay,0.8014,open,U,U,U,,Zostera pacifica,4.718,33.7243,-118.0721,patch,small_embayment,2,12/2/24,9,Merkel,patch,,targeted
705,B23-SAV-904,51.235,3,9.5,1,52.5,4,20,3,0,1,5,3,3.4,4,10.25592593,3,66.1,3,685.81,4,268.96,2,B23-SAV,Alamitos Bay,0.8014,open,U,U,U,,Zostera pacifica,4.718,33.7243,-118.0721,patch,small_embayment,2,12/2/24,9,Merkel,patch,,targeted
706,B23-SAV-904,51.235,3,9.5,1,52.5,4,20,3,0,1,5,3,3.4,4,10.25592593,3,66.1,3,685.81,4,268.96,2,B23-SAV,Alamitos Bay,0.8014,open,U,U,U,,Zostera pacifica,4.718,33.7243,-118.0721,patch,small_embayment,2,12/2/24,9,Merkel,patch,,targeted
707,B23-SAV-904,51.235,3,9.5,1,52.5,4,20,3,0,1,5,3,3.4,4,10.25592593,3,66.1,3,685.81,4,268.96,2,B23-SAV,Alamitos Bay,0.8014,open,U,U,U,,Zostera pacifica,4.718,33.7243,-118.0721,patch,small_embayment,2,12/2/24,9,Merkel,patch,,targeted
708,B23-SAV-904,51.235,3,9.5,1,52.5,4,20,3,0,1,5,3,3.4,4,10.25592593,3,66.1,3,685.81,4,268.96,2,B23-SAV,Alamitos Bay,0.8014,open,U,U,U,,Zostera pacifica,4.718,33.7243,-118.0721,patch,small_embayment,2,12/2/24,9,Merkel,patch,,targeted
709,B23-SAV-904,51.235,3,9.5,1,52.5,4,20,3,0,1,5,3,3.4,4,10.25592593,3,66.1,3,685.81,4,268.96,2,B23-SAV,Alamitos Bay,0.8014,open,U,U,U,,Zostera pacifica,4.718,33.7243,-118.0721,patch,small_embayment,2,12/2/24,9,Merkel,patch,,targeted
710,B23-SAV-904,51.235,3,9.5,1,52.5,4,20,3,0,1,5,3,3.4,4,10.25592593,3,66.1,3,685.81,4,268.96,2,B23-SAV,Alamitos Bay,0.8014,open,U,U,U,,Zostera pacifica,4.718,33.7243,-118.0721,patch,small_embayment,2,12/2/24,9,Merkel,patch,,targeted
711,B23-SAV-904,51.235,3,9.5,1,52.5,4,20,3,0,1,5,3,3.4,4,10.25592593,3,66.1,3,685.81,4,268.96,2,B23-SAV,Alamitos Bay,0.8014,open,U,U,U,,Zostera pacifica,4.718,33.7243,-118.0721,patch,small_embayment,2,12/2/24,9,Merkel,patch,,targeted
712,B23-SAV-904,51.235,3,9.5,1,52.5,4,20,3,0,1,5,3,3.4,4,10.25592593,3,66.1,3,685.81,4,268.96,2,B23-SAV,Alamitos Bay,0.8014,open,U,U,U,,Zostera pacifica,4.718,33.7243,-118.0721,patch,small_embayment,2,12/2/24,9,Merkel,patch,,targeted
713,B23-SAV-904,51.235,3,9.5,1,52.5,4,20,3,0,1,5,3,3.4,4,10.25592593,3,66.1,3,685.81,4,268.96,2,B23-SAV,Alamitos Bay,0.8014,open,U,U,U,,Zostera pacifica,4.718,33.7243,-118.0721,patch,small_embayment,2,12/2/24,9,Merkel,patch,,targeted
714,B23-SAV-904,51.235,3,9.5,1,52.5,4,20,3,0,1,5,3,3.4,4,10.25592593,3,66.1,3,685.81,4,268.96,2,B23-SAV,Alamitos Bay,0.8014,open,U,U,U,,Zostera pacifica,4.718,33.7243,-118.0721,patch,small_embayment,2,12/2/24,9,Merkel,patch,,targeted
715,B23-SAV-904,51.235,3,9.5,1,52.5,4,20,3,0,1,5,3,3.4,4,10.25592593,3,66.1,3,685.81,4,268.96,2,B23-SAV,Alamitos Bay,0.8014,open,U,U,U,,Zostera pacifica,4.718,33.7243,-118.0721,patch,small_embayment,2,12/2/24,9,Merkel,patch,,targeted
716,B23-SAV-904,51.235,3,9.5,1,52.5,4,20,3,0,1,5,3,3.4,4,10.25592593,3,66.1,3,685.81,4,268.96,2,B23-SAV,Alamitos Bay,0.8014,open,U,U,U,,Zostera pacifica,4.718,33.7243,-118.0721,patch,small_embayment,2,12/2/24,9,Merkel,patch,,targeted
717,B23-SAV-904,51.235,3,9.5,1,52.5,4,20,3,0,1,5,3,3.4,4,10.25592593,3,66.1,3,685.81,4,268.96,2,B23-SAV,Alamitos Bay,0.8014,open,U,U,U,,Zostera pacifica,4.718,33.7243,-118.0721,patch,small_embayment,2,12/2/24,9,Merkel,patch,,targeted
718,B23-SAV-904,51.235,3,9.5,1,52.5,4,20,3,0,1,5,3,3.4,4,10.25592593,3,66.1,3,685.81,4,268.96,2,B23-SAV,Alamitos Bay,0.8014,open,U,U,U,,Zostera pacifica,4.718,33.7243,-118.0721,patch,small_embayment,2,12/2/24,9,Merkel,patch,,targeted
719,B23-SAV-904,51.235,3,9.5,1,52.5,4,20,3,0,1,5,3,3.4,4,10.25592593,3,66.1,3,685.81,4,268.96,2,B23-SAV,Alamitos Bay,0.8014,open,U,U,U,,Zostera pacifica,4.718,33.7243,-118.0721,patch,small_embayment,2,12/2/24,9,Merkel,patch,,targeted
720,B23-SAV-904,51.235,3,9.5,1,52.5,4,20,3,0,1,5,3,3.4,4,10.25592593,3,66.1,3,685.81,4,268.96,2,B23-SAV,Alamitos Bay,0.8014,open,U,U,U,,Zostera pacifica,4.718,33.7243,-118.0721,patch,small_embayment,2,12/2/24,9,Merkel,patch,,targeted
721,B23-SAV-904,51.235,3,9.5,1,52.5,4,20,3,0,1,5,3,3.4,4,10.25592593,3,66.1,3,685.81,4,268.96,2,B23-SAV,Alamitos Bay,0.8014,open,U,U,U,,Zostera pacifica,4.718,33.7243,-118.0721,patch,small_embayment,2,12/2/24,9,Merkel,patch,,targeted
722,B23-SAV-904,51.235,3,9.5,1,52.5,4,20,3,0,1,5,3,3.4,4,10.25592593,3,66.1,3,685.81,4,268.96,2,B23-SAV,Alamitos Bay,0.8014,open,U,U,U,,Zostera pacifica,4.718,33.7243,-118.0721,patch,small_embayment,2,12/2/24,9,Merkel,patch,,targeted
723,B23-SAV-904,51.235,3,9.5,1,52.5,4,20,3,0,1,5,3,3.4,4,10.25592593,3,66.1,3,685.81,4,268.96,2,B23-SAV,Alamitos Bay,0.8014,open,U,U,U,,Zostera pacifica,4.718,33.7243,-118.0721,patch,small_embayment,2,12/2/24,9,Merkel,patch,,targeted
724,B23-SAV-904,51.235,3,9.5,1,52.5,4,20,3,0,1,5,3,3.4,4,10.25592593,3,66.1,3,685.81,4,268.96,2,B23-SAV,Alamitos Bay,0.8014,open,U,U,U,,Zostera pacifica,4.718,33.7243,-118.0721,patch,small_embayment,2,12/2/24,9,Merkel,patch,,targeted
725,B23-SAV-904,51.235,3,9.5,1,52.5,4,20,3,0,1,5,3,3.4,4,10.25592593,3,66.1,3,685.81,4,268.96,2,B23-SAV,Alamitos Bay,0.8014,open,U,U,U,,Zostera pacifica,4.718,33.7243,-118.0721,patch,small_embayment,2,12/2/24,9,Merkel,patch,,targeted
726,B23-SAV-904,51.235,3,9.5,1,52.5,4,20,3,0,1,5,3,3.4,4,10.25592593,3,66.1,3,685.81,4,268.96,2,B23-SAV,Alamitos Bay,0.8014,open,U,U,U,,Zostera pacifica,4.718,33.7243,-118.0721,patch,small_embayment,2,12/2/24,9,Merkel,patch,,targeted
727,B23-SAV-904,51.235,3,9.5,1,52.5,4,20,3,0,1,5,3,3.4,4,10.25592593,3,66.1,3,685.81,4,268.96,2,B23-SAV,Alamitos Bay,0.8014,open,U,U,U,,Zostera pacifica,4.718,33.7243,-118.0721,patch,small_embayment,2,12/2/24,9,Merkel,patch,,targeted
728,B23-SAV-904,51.235,3,9.5,1,52.5,4,20,3,0,1,5,3,3.4,4,10.25592593,3,66.1,3,685.81,4,268.96,2,B23-SAV,Alamitos Bay,0.8014,open,U,U,U,,Zostera pacifica,4.718,33.7243,-118.0721,patch,small_embayment,2,12/2/24,9,Merkel,patch,,targeted
729,B23-SAV-904,51.235,3,9.5,1,52.5,4,20,3,0,1,5,3,3.4,4,10.25592593,3,66.1,3,685.81,4,268.96,2,B23-SAV,Alamitos Bay,0.8014,open,U,U,U,,Zostera pacifica,4.718,33.7243,-118.0721,patch,small_embayment,2,12/2/24,9,Merkel,patch,,targeted
730,B23-SAV-904,51.235,3,9.5,1,52.5,4,20,3,0,1,5,3,3.4,4,10.25592593,3,66.1,3,685.81,4,268.96,2,B23-SAV,Alamitos Bay,0.8014,open,U,U,U,,Zostera pacifica,4.718,33.7243,-118.0721,patch,small_embayment,2,12/2/24,9,Merkel,patch,,targeted
731,B23-SAV-904,51.235,3,9.5,1,52.5,4,20,3,0,1,5,3,3.4,4,10.25592593,3,66.1,3,685.81,4,268.96,2,B23-SAV,Alamitos Bay,0.8014,open,U,U,U,,Zostera pacifica,4.718,33.7243,-118.0721,patch,small_embayment,2,12/2/24,9,Merkel,patch,,targeted
732,B23-SAV-904,51.235,3,9.5,1,52.5,4,20,3,0,1,5,3,3.4,4,10.25592593,3,66.1,3,685.81,4,268.96,2,B23-SAV,Alamitos Bay,0.8014,open,U,U,U,,Zostera pacifica,4.718,33.7243,-118.0721,patch,small_embayment,2,12/2/24,9,Merkel,patch,,targeted
733,B23-SAV-904,51.235,3,9.5,1,52.5,4,20,3,0,1,5,3,3.4,4,10.25592593,3,66.1,3,685.81,4,268.96,2,B23-SAV,Alamitos Bay,0.8014,open,U,U,U,,Zostera pacifica,4.718,33.7243,-118.0721,patch,small_embayment,2,12/2/24,9,Merkel,patch,,targeted
734,B23-SAV-904,51.235,3,9.5,1,52.5,4,20,3,0,1,5,3,3.4,4,10.25592593,3,66.1,3,685.81,4,268.96,2,B23-SAV,Alamitos Bay,0.8014,open,U,U,U,,Zostera pacifica,4.718,33.7243,-118.0721,patch,small_embayment,2,12/2/24,9,Merkel,patch,,targeted
735,B23-SAV-904,51.235,3,9.5,1,52.5,4,20,3,0,1,5,3,3.4,4,10.25592593,3,66.1,3,685.81,4,268.96,2,B23-SAV,Alamitos Bay,0.8014,open,U,U,U,,Zostera pacifica,4.718,33.7243,-118.0721,patch,small_embayment,2,12/2/24,9,Merkel,patch,,targeted
736,B23-SAV-904,51.235,3,9.5,1,52.5,4,20,3,0,1,5,3,3.4,4,10.25592593,3,66.1,3,685.81,4,268.96,2,B23-SAV,Alamitos Bay,0.8014,open,U,U,U,,Zostera pacifica,4.718,33.7243,-118.0721,patch,small_embayment,2,12/2/24,9,Merkel,patch,,targeted
737,B23-SAV-904,51.235,3,9.5,1,52.5,4,20,3,0,1,5,3,3.4,4,10.25592593,3,66.1,3,685.81,4,268.96,2,B23-SAV,Alamitos Bay,0.8014,open,U,U,U,,Zostera pacifica,4.718,33.7243,-118.0721,patch,small_embayment,2,12/2/24,9,Merkel,patch,,targeted
738,B23-SAV-904,51.235,3,9.5,1,52.5,4,20,3,0,1,5,3,3.4,4,10.25592593,3,66.1,3,685.81,4,268.96,2,B23-SAV,Alamitos Bay,0.8014,open,U,U,U,,Zostera pacifica,4.718,33.7243,-118.0721,patch,small_embayment,2,12/2/24,9,Merkel,patch,,targeted
739,B23-SAV-904,51.235,3,9.5,1,52.5,4,20,3,0,1,5,3,3.4,4,10.25592593,3,66.1,3,685.81,4,268.96,2,B23-SAV,Alamitos Bay,0.8014,open,U,U,U,,Zostera pacifica,4.718,33.7243,-118.0721,patch,small_embayment,2,12/2/24,9,Merkel,patch,,targeted
740,B23-SAV-905,53.32876712,4,11.15384615,1,46.15384615,4,5.153846154,2,0,1,2,1,2.375,1,36.0954386,4,166.14,4,1432.606,4,389.11,3,B23-SAV,San Diego Bay (Zuniga Jetty),0.7544,open,U,U,U,,Zostera pacifica,6.152,32.6731,-117.2227,bed,large_embayment,13,11/25/24,140,Merkel,cross-3parallel,NA,targeted
741,B23-SAV-905,53.32876712,4,11.15384615,1,46.15384615,4,5.153846154,2,0,1,2,1,2.375,1,36.0954386,4,166.14,4,1432.606,4,389.11,3,B23-SAV,San Diego Bay (Zuniga Jetty),0.7544,open,U,U,U,,Zostera pacifica,6.152,32.6731,-117.2227,bed,large_embayment,13,11/25/24,140,Merkel,cross-3parallel,NA,targeted
742,B23-SAV-905,53.32876712,4,11.15384615,1,46.15384615,4,5.153846154,2,0,1,2,1,2.375,1,36.0954386,4,166.14,4,1432.606,4,389.11,3,B23-SAV,San Diego Bay (Zuniga Jetty),0.7544,open,U,U,U,,Zostera pacifica,6.152,32.6731,-117.2227,bed,large_embayment,13,11/25/24,140,Merkel,cross-3parallel,NA,targeted
743,B23-SAV-905,53.32876712,4,11.15384615,1,46.15384615,4,5.153846154,2,0,1,2,1,2.375,1,36.0954386,4,166.14,4,1432.606,4,389.11,3,B23-SAV,San Diego Bay (Zuniga Jetty),0.7544,open,U,U,U,,Zostera pacifica,6.152,32.6731,-117.2227,bed,large_embayment,13,11/25/24,140,Merkel,cross-3parallel,NA,targeted
744,B23-SAV-905,53.32876712,4,11.15384615,1,46.15384615,4,5.153846154,2,0,1,2,1,2.375,1,36.0954386,4,166.14,4,1432.606,4,389.11,3,B23-SAV,San Diego Bay (Zuniga Jetty),0.7544,open,U,U,U,,Zostera pacifica,6.152,32.6731,-117.2227,bed,large_embayment,13,11/25/24,140,Merkel,cross-3parallel,NA,targeted
745,B23-SAV-905,53.32876712,4,11.15384615,1,46.15384615,4,5.153846154,2,0,1,2,1,2.375,1,36.0954386,4,166.14,4,1432.606,4,389.11,3,B23-SAV,San Diego Bay (Zuniga Jetty),0.7544,open,U,U,U,,Zostera pacifica,6.152,32.6731,-117.2227,bed,large_embayment,13,11/25/24,140,Merkel,cross-3parallel,NA,targeted
746,B23-SAV-905,53.32876712,4,11.15384615,1,46.15384615,4,5.153846154,2,0,1,2,1,2.375,1,36.0954386,4,166.14,4,1432.606,4,389.11,3,B23-SAV,San Diego Bay (Zuniga Jetty),0.7544,open,U,U,U,,Zostera pacifica,6.152,32.6731,-117.2227,bed,large_embayment,13,11/25/24,140,Merkel,cross-3parallel,NA,targeted
747,B23-SAV-905,53.32876712,4,11.15384615,1,46.15384615,4,5.153846154,2,0,1,2,1,2.375,1,36.0954386,4,166.14,4,1432.606,4,389.11,3,B23-SAV,San Diego Bay (Zuniga Jetty),0.7544,open,U,U,U,,Zostera pacifica,6.152,32.6731,-117.2227,bed,large_embayment,13,11/25/24,140,Merkel,cross-3parallel,NA,targeted
748,B23-SAV-905,53.32876712,4,11.15384615,1,46.15384615,4,5.153846154,2,0,1,2,1,2.375,1,36.0954386,4,166.14,4,1432.606,4,389.11,3,B23-SAV,San Diego Bay (Zuniga Jetty),0.7544,open,U,U,U,,Zostera pacifica,6.152,32.6731,-117.2227,bed,large_embayment,13,11/25/24,140,Merkel,cross-3parallel,NA,targeted
749,B23-SAV-905,53.32876712,4,11.15384615,1,46.15384615,4,5.153846154,2,0,1,2,1,2.375,1,36.0954386,4,166.14,4,1432.606,4,389.11,3,B23-SAV,San Diego Bay (Zuniga Jetty),0.7544,open,U,U,U,,Zostera pacifica,6.152,32.6731,-117.2227,bed,large_embayment,13,11/25/24,140,Merkel,cross-3parallel,NA,targeted
750,B23-SAV-905,53.32876712,4,11.15384615,1,46.15384615,4,5.153846154,2,0,1,2,1,2.375,1,36.0954386,4,166.14,4,1432.606,4,389.11,3,B23-SAV,San Diego Bay (Zuniga Jetty),0.7544,open,U,U,U,,Zostera pacifica,6.152,32.6731,-117.2227,bed,large_embayment,13,11/25/24,140,Merkel,cross-3parallel,NA,targeted
751,B23-SAV-905,53.32876712,4,11.15384615,1,46.15384615,4,5.153846154,2,0,1,2,1,2.375,1,36.0954386,4,166.14,4,1432.606,4,389.11,3,B23-SAV,San Diego Bay (Zuniga Jetty),0.7544,open,U,U,U,,Zostera pacifica,6.152,32.6731,-117.2227,bed,large_embayment,13,11/25/24,140,Merkel,cross-3parallel,NA,targeted
752,B23-SAV-905,53.32876712,4,11.15384615,1,46.15384615,4,5.153846154,2,0,1,2,1,2.375,1,36.0954386,4,166.14,4,1432.606,4,389.11,3,B23-SAV,San Diego Bay (Zuniga Jetty),0.7544,open,U,U,U,,Zostera pacifica,6.152,32.6731,-117.2227,bed,large_embayment,13,11/25/24,140,Merkel,cross-3parallel,NA,targeted
753,B23-SAV-905,53.32876712,4,11.15384615,1,46.15384615,4,5.153846154,2,0,1,2,1,2.375,1,36.0954386,4,166.14,4,1432.606,4,389.11,3,B23-SAV,San Diego Bay (Zuniga Jetty),0.7544,open,U,U,U,,Zostera pacifica,6.152,32.6731,-117.2227,bed,large_embayment,13,11/25/24,140,Merkel,cross-3parallel,NA,targeted
754,B23-SAV-905,53.32876712,4,11.15384615,1,46.15384615,4,5.153846154,2,0,1,2,1,2.375,1,36.0954386,4,166.14,4,1432.606,4,389.11,3,B23-SAV,San Diego Bay (Zuniga Jetty),0.7544,open,U,U,U,,Zostera pacifica,6.152,32.6731,-117.2227,bed,large_embayment,13,11/25/24,140,Merkel,cross-3parallel,NA,targeted
755,B23-SAV-905,53.32876712,4,11.15384615,1,46.15384615,4,5.153846154,2,0,1,2,1,2.375,1,36.0954386,4,166.14,4,1432.606,4,389.11,3,B23-SAV,San Diego Bay (Zuniga Jetty),0.7544,open,U,U,U,,Zostera pacifica,6.152,32.6731,-117.2227,bed,large_embayment,13,11/25/24,140,Merkel,cross-3parallel,NA,targeted
756,B23-SAV-905,53.32876712,4,11.15384615,1,46.15384615,4,5.153846154,2,0,1,2,1,2.375,1,36.0954386,4,166.14,4,1432.606,4,389.11,3,B23-SAV,San Diego Bay (Zuniga Jetty),0.7544,open,U,U,U,,Zostera pacifica,6.152,32.6731,-117.2227,bed,large_embayment,13,11/25/24,140,Merkel,cross-3parallel,NA,targeted
757,B23-SAV-905,53.32876712,4,11.15384615,1,46.15384615,4,5.153846154,2,0,1,2,1,2.375,1,36.0954386,4,166.14,4,1432.606,4,389.11,3,B23-SAV,San Diego Bay (Zuniga Jetty),0.7544,open,U,U,U,,Zostera pacifica,6.152,32.6731,-117.2227,bed,large_embayment,13,11/25/24,140,Merkel,cross-3parallel,NA,targeted
758,B23-SAV-905,53.32876712,4,11.15384615,1,46.15384615,4,5.153846154,2,0,1,2,1,2.375,1,36.0954386,4,166.14,4,1432.606,4,389.11,3,B23-SAV,San Diego Bay (Zuniga Jetty),0.7544,open,U,U,U,,Zostera pacifica,6.152,32.6731,-117.2227,bed,large_embayment,13,11/25/24,140,Merkel,cross-3parallel,NA,targeted
759,B23-SAV-905,53.32876712,4,11.15384615,1,46.15384615,4,5.153846154,2,0,1,2,1,2.375,1,36.0954386,4,166.14,4,1432.606,4,389.11,3,B23-SAV,San Diego Bay (Zuniga Jetty),0.7544,open,U,U,U,,Zostera pacifica,6.152,32.6731,-117.2227,bed,large_embayment,13,11/25/24,140,Merkel,cross-3parallel,NA,targeted
760,B23-SAV-905,53.32876712,4,11.15384615,1,46.15384615,4,5.153846154,2,0,1,2,1,2.375,1,36.0954386,4,166.14,4,1432.606,4,389.11,3,B23-SAV,San Diego Bay (Zuniga Jetty),0.7544,open,U,U,U,,Zostera pacifica,6.152,32.6731,-117.2227,bed,large_embayment,13,11/25/24,140,Merkel,cross-3parallel,NA,targeted
761,B23-SAV-905,53.32876712,4,11.15384615,1,46.15384615,4,5.153846154,2,0,1,2,1,2.375,1,36.0954386,4,166.14,4,1432.606,4,389.11,3,B23-SAV,San Diego Bay (Zuniga Jetty),0.7544,open,U,U,U,,Zostera pacifica,6.152,32.6731,-117.2227,bed,large_embayment,13,11/25/24,140,Merkel,cross-3parallel,NA,targeted
762,B23-SAV-905,53.32876712,4,11.15384615,1,46.15384615,4,5.153846154,2,0,1,2,1,2.375,1,36.0954386,4,166.14,4,1432.606,4,389.11,3,B23-SAV,San Diego Bay (Zuniga Jetty),0.7544,open,U,U,U,,Zostera pacifica,6.152,32.6731,-117.2227,bed,large_embayment,13,11/25/24,140,Merkel,cross-3parallel,NA,targeted
763,B23-SAV-905,53.32876712,4,11.15384615,1,46.15384615,4,5.153846154,2,0,1,2,1,2.375,1,36.0954386,4,166.14,4,1432.606,4,389.11,3,B23-SAV,San Diego Bay (Zuniga Jetty),0.7544,open,U,U,U,,Zostera pacifica,6.152,32.6731,-117.2227,bed,large_embayment,13,11/25/24,140,Merkel,cross-3parallel,NA,targeted
764,B23-SAV-905,53.32876712,4,11.15384615,1,46.15384615,4,5.153846154,2,0,1,2,1,2.375,1,36.0954386,4,166.14,4,1432.606,4,389.11,3,B23-SAV,San Diego Bay (Zuniga Jetty),0.7544,open,U,U,U,,Zostera pacifica,6.152,32.6731,-117.2227,bed,large_embayment,13,11/25/24,140,Merkel,cross-3parallel,NA,targeted
765,B23-SAV-905,53.32876712,4,11.15384615,1,46.15384615,4,5.153846154,2,0,1,2,1,2.375,1,36.0954386,4,166.14,4,1432.606,4,389.11,3,B23-SAV,San Diego Bay (Zuniga Jetty),0.7544,open,U,U,U,,Zostera pacifica,6.152,32.6731,-117.2227,bed,large_embayment,13,11/25/24,140,Merkel,cross-3parallel,NA,targeted
766,B23-SAV-905,53.32876712,4,11.15384615,1,46.15384615,4,5.153846154,2,0,1,2,1,2.375,1,36.0954386,4,166.14,4,1432.606,4,389.11,3,B23-SAV,San Diego Bay (Zuniga Jetty),0.7544,open,U,U,U,,Zostera pacifica,6.152,32.6731,-117.2227,bed,large_embayment,13,11/25/24,140,Merkel,cross-3parallel,NA,targeted
767,B23-SAV-905,53.32876712,4,11.15384615,1,46.15384615,4,5.153846154,2,0,1,2,1,2.375,1,36.0954386,4,166.14,4,1432.606,4,389.11,3,B23-SAV,San Diego Bay (Zuniga Jetty),0.7544,open,U,U,U,,Zostera pacifica,6.152,32.6731,-117.2227,bed,large_embayment,13,11/25/24,140,Merkel,cross-3parallel,NA,targeted
768,B23-SAV-905,53.32876712,4,11.15384615,1,46.15384615,4,5.153846154,2,0,1,2,1,2.375,1,36.0954386,4,166.14,4,1432.606,4,389.11,3,B23-SAV,San Diego Bay (Zuniga Jetty),0.7544,open,U,U,U,,Zostera pacifica,6.152,32.6731,-117.2227,bed,large_embayment,13,11/25/24,140,Merkel,cross-3parallel,NA,targeted
769,B23-SAV-905,53.32876712,4,11.15384615,1,46.15384615,4,5.153846154,2,0,1,2,1,2.375,1,36.0954386,4,166.14,4,1432.606,4,389.11,3,B23-SAV,San Diego Bay (Zuniga Jetty),0.7544,open,U,U,U,,Zostera pacifica,6.152,32.6731,-117.2227,bed,large_embayment,13,11/25/24,140,Merkel,cross-3parallel,NA,targeted
770,B23-SAV-905,53.32876712,4,11.15384615,1,46.15384615,4,5.153846154,2,0,1,2,1,2.375,1,36.0954386,4,166.14,4,1432.606,4,389.11,3,B23-SAV,San Diego Bay (Zuniga Jetty),0.7544,open,U,U,U,,Zostera pacifica,6.152,32.6731,-117.2227,bed,large_embayment,13,11/25/24,140,Merkel,cross-3parallel,NA,targeted
771,B23-SAV-905,53.32876712,4,11.15384615,1,46.15384615,4,5.153846154,2,0,1,2,1,2.375,1,36.0954386,4,166.14,4,1432.606,4,389.11,3,B23-SAV,San Diego Bay (Zuniga Jetty),0.7544,open,U,U,U,,Zostera pacifica,6.152,32.6731,-117.2227,bed,large_embayment,13,11/25/24,140,Merkel,cross-3parallel,NA,targeted
772,B23-SAV-905,53.32876712,4,11.15384615,1,46.15384615,4,5.153846154,2,0,1,2,1,2.375,1,36.0954386,4,166.14,4,1432.606,4,389.11,3,B23-SAV,San Diego Bay (Zuniga Jetty),0.7544,open,U,U,U,,Zostera pacifica,6.152,32.6731,-117.2227,bed,large_embayment,13,11/25/24,140,Merkel,cross-3parallel,NA,targeted
773,B23-SAV-905,53.32876712,4,11.15384615,1,46.15384615,4,5.153846154,2,0,1,2,1,2.375,1,36.0954386,4,166.14,4,1432.606,4,389.11,3,B23-SAV,San Diego Bay (Zuniga Jetty),0.7544,open,U,U,U,,Zostera pacifica,6.152,32.6731,-117.2227,bed,large_embayment,13,11/25/24,140,Merkel,cross-3parallel,NA,targeted
774,B23-SAV-905,53.32876712,4,11.15384615,1,46.15384615,4,5.153846154,2,0,1,2,1,2.375,1,36.0954386,4,166.14,4,1432.606,4,389.11,3,B23-SAV,San Diego Bay (Zuniga Jetty),0.7544,open,U,U,U,,Zostera pacifica,6.152,32.6731,-117.2227,bed,large_embayment,13,11/25/24,140,Merkel,cross-3parallel,NA,targeted
775,B23-SAV-905,53.32876712,4,11.15384615,1,46.15384615,4,5.153846154,2,0,1,2,1,2.375,1,36.0954386,4,166.14,4,1432.606,4,389.11,3,B23-SAV,San Diego Bay (Zuniga Jetty),0.7544,open,U,U,U,,Zostera pacifica,6.152,32.6731,-117.2227,bed,large_embayment,13,11/25/24,140,Merkel,cross-3parallel,NA,targeted
776,B23-SAV-905,53.32876712,4,11.15384615,1,46.15384615,4,5.153846154,2,0,1,2,1,2.375,1,36.0954386,4,166.14,4,1432.606,4,389.11,3,B23-SAV,San Diego Bay (Zuniga Jetty),0.7544,open,U,U,U,,Zostera pacifica,6.152,32.6731,-117.2227,bed,large_embayment,13,11/25/24,140,Merkel,cross-3parallel,NA,targeted
777,B23-SAV-905,53.32876712,4,11.15384615,1,46.15384615,4,5.153846154,2,0,1,2,1,2.375,1,36.0954386,4,166.14,4,1432.606,4,389.11,3,B23-SAV,San Diego Bay (Zuniga Jetty),0.7544,open,U,U,U,,Zostera pacifica,6.152,32.6731,-117.2227,bed,large_embayment,13,11/25/24,140,Merkel,cross-3parallel,NA,targeted
778,B23-SAV-905,53.32876712,4,11.15384615,1,46.15384615,4,5.153846154,2,0,1,2,1,2.375,1,36.0954386,4,166.14,4,1432.606,4,389.11,3,B23-SAV,San Diego Bay (Zuniga Jetty),0.7544,open,U,U,U,,Zostera pacifica,6.152,32.6731,-117.2227,bed,large_embayment,13,11/25/24,140,Merkel,cross-3parallel,NA,targeted
779,B23-SAV-905,53.32876712,4,11.15384615,1,46.15384615,4,5.153846154,2,0,1,2,1,2.375,1,36.0954386,4,166.14,4,1432.606,4,389.11,3,B23-SAV,San Diego Bay (Zuniga Jetty),0.7544,open,U,U,U,,Zostera pacifica,6.152,32.6731,-117.2227,bed,large_embayment,13,11/25/24,140,Merkel,cross-3parallel,NA,targeted
780,B23-SAV-905,53.32876712,4,11.15384615,1,46.15384615,4,5.153846154,2,0,1,2,1,2.375,1,36.0954386,4,166.14,4,1432.606,4,389.11,3,B23-SAV,San Diego Bay (Zuniga Jetty),0.7544,open,U,U,U,,Zostera pacifica,6.152,32.6731,-117.2227,bed,large_embayment,13,11/25/24,140,Merkel,cross-3parallel,NA,targeted
781,B23-SAV-905,53.32876712,4,11.15384615,1,46.15384615,4,5.153846154,2,0,1,2,1,2.375,1,36.0954386,4,166.14,4,1432.606,4,389.11,3,B23-SAV,San Diego Bay (Zuniga Jetty),0.7544,open,U,U,U,,Zostera pacifica,6.152,32.6731,-117.2227,bed,large_embayment,13,11/25/24,140,Merkel,cross-3parallel,NA,targeted
782,B23-SAV-905,53.32876712,4,11.15384615,1,46.15384615,4,5.153846154,2,0,1,2,1,2.375,1,36.0954386,4,166.14,4,1432.606,4,389.11,3,B23-SAV,San Diego Bay (Zuniga Jetty),0.7544,open,U,U,U,,Zostera pacifica,6.152,32.6731,-117.2227,bed,large_embayment,13,11/25/24,140,Merkel,cross-3parallel,NA,targeted
783,B23-SAV-905,53.32876712,4,11.15384615,1,46.15384615,4,5.153846154,2,0,1,2,1,2.375,1,36.0954386,4,166.14,4,1432.606,4,389.11,3,B23-SAV,San Diego Bay (Zuniga Jetty),0.7544,open,U,U,U,,Zostera pacifica,6.152,32.6731,-117.2227,bed,large_embayment,13,11/25/24,140,Merkel,cross-3parallel,NA,targeted
784,B23-SAV-905,53.32876712,4,11.15384615,1,46.15384615,4,5.153846154,2,0,1,2,1,2.375,1,36.0954386,4,166.14,4,1432.606,4,389.11,3,B23-SAV,San Diego Bay (Zuniga Jetty),0.7544,open,U,U,U,,Zostera pacifica,6.152,32.6731,-117.2227,bed,large_embayment,13,11/25/24,140,Merkel,cross-3parallel,NA,targeted
785,B23-SAV-905,53.32876712,4,11.15384615,1,46.15384615,4,5.153846154,2,0,1,2,1,2.375,1,36.0954386,4,166.14,4,1432.606,4,389.11,3,B23-SAV,San Diego Bay (Zuniga Jetty),0.7544,open,U,U,U,,Zostera pacifica,6.152,32.6731,-117.2227,bed,large_embayment,13,11/25/24,140,Merkel,cross-3parallel,NA,targeted
786,B23-SAV-905,53.32876712,4,11.15384615,1,46.15384615,4,5.153846154,2,0,1,2,1,2.375,1,36.0954386,4,166.14,4,1432.606,4,389.11,3,B23-SAV,San Diego Bay (Zuniga Jetty),0.7544,open,U,U,U,,Zostera pacifica,6.152,32.6731,-117.2227,bed,large_embayment,13,11/25/24,140,Merkel,cross-3parallel,NA,targeted
787,B23-SAV-905,53.32876712,4,11.15384615,1,46.15384615,4,5.153846154,2,0,1,2,1,2.375,1,36.0954386,4,166.14,4,1432.606,4,389.11,3,B23-SAV,San Diego Bay (Zuniga Jetty),0.7544,open,U,U,U,,Zostera pacifica,6.152,32.6731,-117.2227,bed,large_embayment,13,11/25/24,140,Merkel,cross-3parallel,NA,targeted
788,B23-SAV-905,53.32876712,4,11.15384615,1,46.15384615,4,5.153846154,2,0,1,2,1,2.375,1,36.0954386,4,166.14,4,1432.606,4,389.11,3,B23-SAV,San Diego Bay (Zuniga Jetty),0.7544,open,U,U,U,,Zostera pacifica,6.152,32.6731,-117.2227,bed,large_embayment,13,11/25/24,140,Merkel,cross-3parallel,NA,targeted
789,B23-SAV-905,53.32876712,4,11.15384615,1,46.15384615,4,5.153846154,2,0,1,2,1,2.375,1,36.0954386,4,166.14,4,1432.606,4,389.11,3,B23-SAV,San Diego Bay (Zuniga Jetty),0.7544,open,U,U,U,,Zostera pacifica,6.152,32.6731,-117.2227,bed,large_embayment,13,11/25/24,140,Merkel,cross-3parallel,NA,targeted
790,B23-SAV-905,53.32876712,4,11.15384615,1,46.15384615,4,5.153846154,2,0,1,2,1,2.375,1,36.0954386,4,166.14,4,1432.606,4,389.11,3,B23-SAV,San Diego Bay (Zuniga Jetty),0.7544,open,U,U,U,,Zostera pacifica,6.152,32.6731,-117.2227,bed,large_embayment,13,11/25/24,140,Merkel,cross-3parallel,NA,targeted
791,B23-SAV-905,53.32876712,4,11.15384615,1,46.15384615,4,5.153846154,2,0,1,2,1,2.375,1,36.0954386,4,166.14,4,1432.606,4,389.11,3,B23-SAV,San Diego Bay (Zuniga Jetty),0.7544,open,U,U,U,,Zostera pacifica,6.152,32.6731,-117.2227,bed,large_embayment,13,11/25/24,140,Merkel,cross-3parallel,NA,targeted
792,B23-SAV-905,53.32876712,4,11.15384615,1,46.15384615,4,5.153846154,2,0,1,2,1,2.375,1,36.0954386,4,166.14,4,1432.606,4,389.11,3,B23-SAV,San Diego Bay (Zuniga Jetty),0.7544,open,U,U,U,,Zostera pacifica,6.152,32.6731,-117.2227,bed,large_embayment,13,11/25/24,140,Merkel,cross-3parallel,NA,targeted
793,B23-SAV-905,53.32876712,4,11.15384615,1,46.15384615,4,5.153846154,2,0,1,2,1,2.375,1,36.0954386,4,166.14,4,1432.606,4,389.11,3,B23-SAV,San Diego Bay (Zuniga Jetty),0.7544,open,U,U,U,,Zostera pacifica,6.152,32.6731,-117.2227,bed,large_embayment,13,11/25/24,140,Merkel,cross-3parallel,NA,targeted
794,B23-SAV-905,53.32876712,4,11.15384615,1,46.15384615,4,5.153846154,2,0,1,2,1,2.375,1,36.0954386,4,166.14,4,1432.606,4,389.11,3,B23-SAV,San Diego Bay (Zuniga Jetty),0.7544,open,U,U,U,,Zostera pacifica,6.152,32.6731,-117.2227,bed,large_embayment,13,11/25/24,140,Merkel,cross-3parallel,NA,targeted
795,B23-SAV-905,53.32876712,4,11.15384615,1,46.15384615,4,5.153846154,2,0,1,2,1,2.375,1,36.0954386,4,166.14,4,1432.606,4,389.11,3,B23-SAV,San Diego Bay (Zuniga Jetty),0.7544,open,U,U,U,,Zostera pacifica,6.152,32.6731,-117.2227,bed,large_embayment,13,11/25/24,140,Merkel,cross-3parallel,NA,targeted
796,B23-SAV-905,53.32876712,4,11.15384615,1,46.15384615,4,5.153846154,2,0,1,2,1,2.375,1,36.0954386,4,166.14,4,1432.606,4,389.11,3,B23-SAV,San Diego Bay (Zuniga Jetty),0.7544,open,U,U,U,,Zostera pacifica,6.152,32.6731,-117.2227,bed,large_embayment,13,11/25/24,140,Merkel,cross-3parallel,NA,targeted
797,B23-SAV-905,53.32876712,4,11.15384615,1,46.15384615,4,5.153846154,2,0,1,2,1,2.375,1,36.0954386,4,166.14,4,1432.606,4,389.11,3,B23-SAV,San Diego Bay (Zuniga Jetty),0.7544,open,U,U,U,,Zostera pacifica,6.152,32.6731,-117.2227,bed,large_embayment,13,11/25/24,140,Merkel,cross-3parallel,NA,targeted
798,B23-SAV-905,53.32876712,4,11.15384615,1,46.15384615,4,5.153846154,2,0,1,2,1,2.375,1,36.0954386,4,166.14,4,1432.606,4,389.11,3,B23-SAV,San Diego Bay (Zuniga Jetty),0.7544,open,U,U,U,,Zostera pacifica,6.152,32.6731,-117.2227,bed,large_embayment,13,11/25/24,140,Merkel,cross-3parallel,NA,targeted
799,B23-SAV-905,53.32876712,4,11.15384615,1,46.15384615,4,5.153846154,2,0,1,2,1,2.375,1,36.0954386,4,166.14,4,1432.606,4,389.11,3,B23-SAV,San Diego Bay (Zuniga Jetty),0.7544,open,U,U,U,,Zostera pacifica,6.152,32.6731,-117.2227,bed,large_embayment,13,11/25/24,140,Merkel,cross-3parallel,NA,targeted
800,B23-SAV-905,53.32876712,4,11.15384615,1,46.15384615,4,5.153846154,2,0,1,2,1,2.375,1,36.0954386,4,166.14,4,1432.606,4,389.11,3,B23-SAV,San Diego Bay (Zuniga Jetty),0.7544,open,U,U,U,,Zostera pacifica,6.152,32.6731,-117.2227,bed,large_embayment,13,11/25/24,140,Merkel,cross-3parallel,NA,targeted
801,B23-SAV-905,53.32876712,4,11.15384615,1,46.15384615,4,5.153846154,2,0,1,2,1,2.375,1,36.0954386,4,166.14,4,1432.606,4,389.11,3,B23-SAV,San Diego Bay (Zuniga Jetty),0.7544,open,U,U,U,,Zostera pacifica,6.152,32.6731,-117.2227,bed,large_embayment,13,11/25/24,140,Merkel,cross-3parallel,NA,targeted
802,B23-SAV-905,53.32876712,4,11.15384615,1,46.15384615,4,5.153846154,2,0,1,2,1,2.375,1,36.0954386,4,166.14,4,1432.606,4,389.11,3,B23-SAV,San Diego Bay (Zuniga Jetty),0.7544,open,U,U,U,,Zostera pacifica,6.152,32.6731,-117.2227,bed,large_embayment,13,11/25/24,140,Merkel,cross-3parallel,NA,targeted
803,B23-SAV-905,53.32876712,4,11.15384615,1,46.15384615,4,5.153846154,2,0,1,2,1,2.375,1,36.0954386,4,166.14,4,1432.606,4,389.11,3,B23-SAV,San Diego Bay (Zuniga Jetty),0.7544,open,U,U,U,,Zostera pacifica,6.152,32.6731,-117.2227,bed,large_embayment,13,11/25/24,140,Merkel,cross-3parallel,NA,targeted
804,B23-SAV-905,53.32876712,4,11.15384615,1,46.15384615,4,5.153846154,2,0,1,2,1,2.375,1,36.0954386,4,166.14,4,1432.606,4,389.11,3,B23-SAV,San Diego Bay (Zuniga Jetty),0.7544,open,U,U,U,,Zostera pacifica,6.152,32.6731,-117.2227,bed,large_embayment,13,11/25/24,140,Merkel,cross-3parallel,NA,targeted
805,B23-SAV-905,53.32876712,4,11.15384615,1,46.15384615,4,5.153846154,2,0,1,2,1,2.375,1,36.0954386,4,166.14,4,1432.606,4,389.11,3,B23-SAV,San Diego Bay (Zuniga Jetty),0.7544,open,U,U,U,,Zostera pacifica,6.152,32.6731,-117.2227,bed,large_embayment,13,11/25/24,140,Merkel,cross-3parallel,NA,targeted
806,B23-SAV-905,53.32876712,4,11.15384615,1,46.15384615,4,5.153846154,2,0,1,2,1,2.375,1,36.0954386,4,166.14,4,1432.606,4,389.11,3,B23-SAV,San Diego Bay (Zuniga Jetty),0.7544,open,U,U,U,,Zostera pacifica,6.152,32.6731,-117.2227,bed,large_embayment,13,11/25/24,140,Merkel,cross-3parallel,NA,targeted
807,B23-SAV-905,53.32876712,4,11.15384615,1,46.15384615,4,5.153846154,2,0,1,2,1,2.375,1,36.0954386,4,166.14,4,1432.606,4,389.11,3,B23-SAV,San Diego Bay (Zuniga Jetty),0.7544,open,U,U,U,,Zostera pacifica,6.152,32.6731,-117.2227,bed,large_embayment,13,11/25/24,140,Merkel,cross-3parallel,NA,targeted
808,B23-SAV-905,53.32876712,4,11.15384615,1,46.15384615,4,5.153846154,2,0,1,2,1,2.375,1,36.0954386,4,166.14,4,1432.606,4,389.11,3,B23-SAV,San Diego Bay (Zuniga Jetty),0.7544,open,U,U,U,,Zostera pacifica,6.152,32.6731,-117.2227,bed,large_embayment,13,11/25/24,140,Merkel,cross-3parallel,NA,targeted
809,B23-SAV-905,53.32876712,4,11.15384615,1,46.15384615,4,5.153846154,2,0,1,2,1,2.375,1,36.0954386,4,166.14,4,1432.606,4,389.11,3,B23-SAV,San Diego Bay (Zuniga Jetty),0.7544,open,U,U,U,,Zostera pacifica,6.152,32.6731,-117.2227,bed,large_embayment,13,11/25/24,140,Merkel,cross-3parallel,NA,targeted
810,B23-SAV-905,53.32876712,4,11.15384615,1,46.15384615,4,5.153846154,2,0,1,2,1,2.375,1,36.0954386,4,166.14,4,1432.606,4,389.11,3,B23-SAV,San Diego Bay (Zuniga Jetty),0.7544,open,U,U,U,,Zostera pacifica,6.152,32.6731,-117.2227,bed,large_embayment,13,11/25/24,140,Merkel,cross-3parallel,NA,targeted
811,B23-SAV-905,53.32876712,4,11.15384615,1,46.15384615,4,5.153846154,2,0,1,2,1,2.375,1,36.0954386,4,166.14,4,1432.606,4,389.11,3,B23-SAV,San Diego Bay (Zuniga Jetty),0.7544,open,U,U,U,,Zostera pacifica,6.152,32.6731,-117.2227,bed,large_embayment,13,11/25/24,140,Merkel,cross-3parallel,NA,targeted
812,B23-SAV-905,53.32876712,4,11.15384615,1,46.15384615,4,5.153846154,2,0,1,2,1,2.375,1,36.0954386,4,166.14,4,1432.606,4,389.11,3,B23-SAV,San Diego Bay (Zuniga Jetty),0.7544,open,U,U,U,,Zostera pacifica,6.152,32.6731,-117.2227,bed,large_embayment,13,11/25/24,140,Merkel,cross-3parallel,NA,targeted
813,B23-SAV-905,53.32876712,4,11.15384615,1,46.15384615,4,5.153846154,2,0,1,2,1,2.375,1,36.0954386,4,166.14,4,1432.606,4,389.11,3,B23-SAV,San Diego Bay (Zuniga Jetty),0.7544,open,U,U,U,,Zostera pacifica,6.152,32.6731,-117.2227,bed,large_embayment,13,11/25/24,140,Merkel,cross-3parallel,NA,targeted
814,B23-SAV-905,53.32876712,4,11.15384615,1,46.15384615,4,5.153846154,2,0,1,2,1,2.375,1,36.0954386,4,166.14,4,1432.606,4,389.11,3,B23-SAV,San Diego Bay (Zuniga Jetty),0.7544,open,U,U,U,,Zostera pacifica,6.152,32.6731,-117.2227,bed,large_embayment,13,11/25/24,140,Merkel,cross-3parallel,NA,targeted
815,B23-SAV-905,53.32876712,4,11.15384615,1,46.15384615,4,5.153846154,2,0,1,2,1,2.375,1,36.0954386,4,166.14,4,1432.606,4,389.11,3,B23-SAV,San Diego Bay (Zuniga Jetty),0.7544,open,U,U,U,,Zostera pacifica,6.152,32.6731,-117.2227,bed,large_embayment,13,11/25/24,140,Merkel,cross-3parallel,NA,targeted
816,B23-SAV-905,53.32876712,4,11.15384615,1,46.15384615,4,5.153846154,2,0,1,2,1,2.375,1,36.0954386,4,166.14,4,1432.606,4,389.11,3,B23-SAV,San Diego Bay (Zuniga Jetty),0.7544,open,U,U,U,,Zostera pacifica,6.152,32.6731,-117.2227,bed,large_embayment,13,11/25/24,140,Merkel,cross-3parallel,NA,targeted
817,B23-SAV-905,53.32876712,4,11.15384615,1,46.15384615,4,5.153846154,2,0,1,2,1,2.375,1,36.0954386,4,166.14,4,1432.606,4,389.11,3,B23-SAV,San Diego Bay (Zuniga Jetty),0.7544,open,U,U,U,,Zostera pacifica,6.152,32.6731,-117.2227,bed,large_embayment,13,11/25/24,140,Merkel,cross-3parallel,NA,targeted
818,B23-SAV-905,53.32876712,4,11.15384615,1,46.15384615,4,5.153846154,2,0,1,2,1,2.375,1,36.0954386,4,166.14,4,1432.606,4,389.11,3,B23-SAV,San Diego Bay (Zuniga Jetty),0.7544,open,U,U,U,,Zostera pacifica,6.152,32.6731,-117.2227,bed,large_embayment,13,11/25/24,140,Merkel,cross-3parallel,NA,targeted
819,B23-SAV-905,53.32876712,4,11.15384615,1,46.15384615,4,5.153846154,2,0,1,2,1,2.375,1,36.0954386,4,166.14,4,1432.606,4,389.11,3,B23-SAV,San Diego Bay (Zuniga Jetty),0.7544,open,U,U,U,,Zostera pacifica,6.152,32.6731,-117.2227,bed,large_embayment,13,11/25/24,140,Merkel,cross-3parallel,NA,targeted
820,B23-SAV-905,53.32876712,4,11.15384615,1,46.15384615,4,5.153846154,2,0,1,2,1,2.375,1,36.0954386,4,166.14,4,1432.606,4,389.11,3,B23-SAV,San Diego Bay (Zuniga Jetty),0.7544,open,U,U,U,,Zostera pacifica,6.152,32.6731,-117.2227,bed,large_embayment,13,11/25/24,140,Merkel,cross-3parallel,NA,targeted
821,B23-SAV-905,53.32876712,4,11.15384615,1,46.15384615,4,5.153846154,2,0,1,2,1,2.375,1,36.0954386,4,166.14,4,1432.606,4,389.11,3,B23-SAV,San Diego Bay (Zuniga Jetty),0.7544,open,U,U,U,,Zostera pacifica,6.152,32.6731,-117.2227,bed,large_embayment,13,11/25/24,140,Merkel,cross-3parallel,NA,targeted
822,B23-SAV-905,53.32876712,4,11.15384615,1,46.15384615,4,5.153846154,2,0,1,2,1,2.375,1,36.0954386,4,166.14,4,1432.606,4,389.11,3,B23-SAV,San Diego Bay (Zuniga Jetty),0.7544,open,U,U,U,,Zostera pacifica,6.152,32.6731,-117.2227,bed,large_embayment,13,11/25/24,140,Merkel,cross-3parallel,NA,targeted
823,B23-SAV-905,53.32876712,4,11.15384615,1,46.15384615,4,5.153846154,2,0,1,2,1,2.375,1,36.0954386,4,166.14,4,1432.606,4,389.11,3,B23-SAV,San Diego Bay (Zuniga Jetty),0.7544,open,U,U,U,,Zostera pacifica,6.152,32.6731,-117.2227,bed,large_embayment,13,11/25/24,140,Merkel,cross-3parallel,NA,targeted
824,B23-SAV-905,53.32876712,4,11.15384615,1,46.15384615,4,5.153846154,2,0,1,2,1,2.375,1,36.0954386,4,166.14,4,1432.606,4,389.11,3,B23-SAV,San Diego Bay (Zuniga Jetty),0.7544,open,U,U,U,,Zostera pacifica,6.152,32.6731,-117.2227,bed,large_embayment,13,11/25/24,140,Merkel,cross-3parallel,NA,targeted
825,B23-SAV-905,53.32876712,4,11.15384615,1,46.15384615,4,5.153846154,2,0,1,2,1,2.375,1,36.0954386,4,166.14,4,1432.606,4,389.11,3,B23-SAV,San Diego Bay (Zuniga Jetty),0.7544,open,U,U,U,,Zostera pacifica,6.152,32.6731,-117.2227,bed,large_embayment,13,11/25/24,140,Merkel,cross-3parallel,NA,targeted
826,B23-SAV-905,53.32876712,4,11.15384615,1,46.15384615,4,5.153846154,2,0,1,2,1,2.375,1,36.0954386,4,166.14,4,1432.606,4,389.11,3,B23-SAV,San Diego Bay (Zuniga Jetty),0.7544,open,U,U,U,,Zostera pacifica,6.152,32.6731,-117.2227,bed,large_embayment,13,11/25/24,140,Merkel,cross-3parallel,NA,targeted
827,B23-SAV-905,53.32876712,4,11.15384615,1,46.15384615,4,5.153846154,2,0,1,2,1,2.375,1,36.0954386,4,166.14,4,1432.606,4,389.11,3,B23-SAV,San Diego Bay (Zuniga Jetty),0.7544,open,U,U,U,,Zostera pacifica,6.152,32.6731,-117.2227,bed,large_embayment,13,11/25/24,140,Merkel,cross-3parallel,NA,targeted
828,B23-SAV-905,53.32876712,4,11.15384615,1,46.15384615,4,5.153846154,2,0,1,2,1,2.375,1,36.0954386,4,166.14,4,1432.606,4,389.11,3,B23-SAV,San Diego Bay (Zuniga Jetty),0.7544,open,U,U,U,,Zostera pacifica,6.152,32.6731,-117.2227,bed,large_embayment,13,11/25/24,140,Merkel,cross-3parallel,NA,targeted
829,B23-SAV-905,53.32876712,4,11.15384615,1,46.15384615,4,5.153846154,2,0,1,2,1,2.375,1,36.0954386,4,166.14,4,1432.606,4,389.11,3,B23-SAV,San Diego Bay (Zuniga Jetty),0.7544,open,U,U,U,,Zostera pacifica,6.152,32.6731,-117.2227,bed,large_embayment,13,11/25/24,140,Merkel,cross-3parallel,NA,targeted
830,B23-SAV-905,53.32876712,4,11.15384615,1,46.15384615,4,5.153846154,2,0,1,2,1,2.375,1,36.0954386,4,166.14,4,1432.606,4,389.11,3,B23-SAV,San Diego Bay (Zuniga Jetty),0.7544,open,U,U,U,,Zostera pacifica,6.152,32.6731,-117.2227,bed,large_embayment,13,11/25/24,140,Merkel,cross-3parallel,NA,targeted
831,B23-SAV-905,53.32876712,4,11.15384615,1,46.15384615,4,5.153846154,2,0,1,2,1,2.375,1,36.0954386,4,166.14,4,1432.606,4,389.11,3,B23-SAV,San Diego Bay (Zuniga Jetty),0.7544,open,U,U,U,,Zostera pacifica,6.152,32.6731,-117.2227,bed,large_embayment,13,11/25/24,140,Merkel,cross-3parallel,NA,targeted
832,B23-SAV-905,53.32876712,4,11.15384615,1,46.15384615,4,5.153846154,2,0,1,2,1,2.375,1,36.0954386,4,166.14,4,1432.606,4,389.11,3,B23-SAV,San Diego Bay (Zuniga Jetty),0.7544,open,U,U,U,,Zostera pacifica,6.152,32.6731,-117.2227,bed,large_embayment,13,11/25/24,140,Merkel,cross-3parallel,NA,targeted
833,B23-SAV-905,53.32876712,4,11.15384615,1,46.15384615,4,5.153846154,2,0,1,2,1,2.375,1,36.0954386,4,166.14,4,1432.606,4,389.11,3,B23-SAV,San Diego Bay (Zuniga Jetty),0.7544,open,U,U,U,,Zostera pacifica,6.152,32.6731,-117.2227,bed,large_embayment,13,11/25/24,140,Merkel,cross-3parallel,NA,targeted
834,B23-SAV-905,53.32876712,4,11.15384615,1,46.15384615,4,5.153846154,2,0,1,2,1,2.375,1,36.0954386,4,166.14,4,1432.606,4,389.11,3,B23-SAV,San Diego Bay (Zuniga Jetty),0.7544,open,U,U,U,,Zostera pacifica,6.152,32.6731,-117.2227,bed,large_embayment,13,11/25/24,140,Merkel,cross-3parallel,NA,targeted
835,B23-SAV-905,53.32876712,4,11.15384615,1,46.15384615,4,5.153846154,2,0,1,2,1,2.375,1,36.0954386,4,166.14,4,1432.606,4,389.11,3,B23-SAV,San Diego Bay (Zuniga Jetty),0.7544,open,U,U,U,,Zostera pacifica,6.152,32.6731,-117.2227,bed,large_embayment,13,11/25/24,140,Merkel,cross-3parallel,NA,targeted
836,B23-SAV-905,53.32876712,4,11.15384615,1,46.15384615,4,5.153846154,2,0,1,2,1,2.375,1,36.0954386,4,166.14,4,1432.606,4,389.11,3,B23-SAV,San Diego Bay (Zuniga Jetty),0.7544,open,U,U,U,,Zostera pacifica,6.152,32.6731,-117.2227,bed,large_embayment,13,11/25/24,140,Merkel,cross-3parallel,NA,targeted
837,B23-SAV-905,53.32876712,4,11.15384615,1,46.15384615,4,5.153846154,2,0,1,2,1,2.375,1,36.0954386,4,166.14,4,1432.606,4,389.11,3,B23-SAV,San Diego Bay (Zuniga Jetty),0.7544,open,U,U,U,,Zostera pacifica,6.152,32.6731,-117.2227,bed,large_embayment,13,11/25/24,140,Merkel,cross-3parallel,NA,targeted
838,B23-SAV-905,53.32876712,4,11.15384615,1,46.15384615,4,5.153846154,2,0,1,2,1,2.375,1,36.0954386,4,166.14,4,1432.606,4,389.11,3,B23-SAV,San Diego Bay (Zuniga Jetty),0.7544,open,U,U,U,,Zostera pacifica,6.152,32.6731,-117.2227,bed,large_embayment,13,11/25/24,140,Merkel,cross-3parallel,NA,targeted
839,B23-SAV-905,53.32876712,4,11.15384615,1,46.15384615,4,5.153846154,2,0,1,2,1,2.375,1,36.0954386,4,166.14,4,1432.606,4,389.11,3,B23-SAV,San Diego Bay (Zuniga Jetty),0.7544,open,U,U,U,,Zostera pacifica,6.152,32.6731,-117.2227,bed,large_embayment,13,11/25/24,140,Merkel,cross-3parallel,NA,targeted
840,B23-SAV-905,53.32876712,4,11.15384615,1,46.15384615,4,5.153846154,2,0,1,2,1,2.375,1,36.0954386,4,166.14,4,1432.606,4,389.11,3,B23-SAV,San Diego Bay (Zuniga Jetty),0.7544,open,U,U,U,,Zostera pacifica,6.152,32.6731,-117.2227,bed,large_embayment,13,11/25/24,140,Merkel,cross-3parallel,NA,targeted
841,B23-SAV-905,53.32876712,4,11.15384615,1,46.15384615,4,5.153846154,2,0,1,2,1,2.375,1,36.0954386,4,166.14,4,1432.606,4,389.11,3,B23-SAV,San Diego Bay (Zuniga Jetty),0.7544,open,U,U,U,,Zostera pacifica,6.152,32.6731,-117.2227,bed,large_embayment,13,11/25/24,140,Merkel,cross-3parallel,NA,targeted
842,B23-SAV-905,53.32876712,4,11.15384615,1,46.15384615,4,5.153846154,2,0,1,2,1,2.375,1,36.0954386,4,166.14,4,1432.606,4,389.11,3,B23-SAV,San Diego Bay (Zuniga Jetty),0.7544,open,U,U,U,,Zostera pacifica,6.152,32.6731,-117.2227,bed,large_embayment,13,11/25/24,140,Merkel,cross-3parallel,NA,targeted
843,B23-SAV-905,53.32876712,4,11.15384615,1,46.15384615,4,5.153846154,2,0,1,2,1,2.375,1,36.0954386,4,166.14,4,1432.606,4,389.11,3,B23-SAV,San Diego Bay (Zuniga Jetty),0.7544,open,U,U,U,,Zostera pacifica,6.152,32.6731,-117.2227,bed,large_embayment,13,11/25/24,140,Merkel,cross-3parallel,NA,targeted
844,B23-SAV-905,53.32876712,4,11.15384615,1,46.15384615,4,5.153846154,2,0,1,2,1,2.375,1,36.0954386,4,166.14,4,1432.606,4,389.11,3,B23-SAV,San Diego Bay (Zuniga Jetty),0.7544,open,U,U,U,,Zostera pacifica,6.152,32.6731,-117.2227,bed,large_embayment,13,11/25/24,140,Merkel,cross-3parallel,NA,targeted
845,B23-SAV-905,53.32876712,4,11.15384615,1,46.15384615,4,5.153846154,2,0,1,2,1,2.375,1,36.0954386,4,166.14,4,1432.606,4,389.11,3,B23-SAV,San Diego Bay (Zuniga Jetty),0.7544,open,U,U,U,,Zostera pacifica,6.152,32.6731,-117.2227,bed,large_embayment,13,11/25/24,140,Merkel,cross-3parallel,NA,targeted
846,B23-SAV-905,53.32876712,4,11.15384615,1,46.15384615,4,5.153846154,2,0,1,2,1,2.375,1,36.0954386,4,166.14,4,1432.606,4,389.11,3,B23-SAV,San Diego Bay (Zuniga Jetty),0.7544,open,U,U,U,,Zostera pacifica,6.152,32.6731,-117.2227,bed,large_embayment,13,11/25/24,140,Merkel,cross-3parallel,NA,targeted
847,B23-SAV-905,53.32876712,4,11.15384615,1,46.15384615,4,5.153846154,2,0,1,2,1,2.375,1,36.0954386,4,166.14,4,1432.606,4,389.11,3,B23-SAV,San Diego Bay (Zuniga Jetty),0.7544,open,U,U,U,,Zostera pacifica,6.152,32.6731,-117.2227,bed,large_embayment,13,11/25/24,140,Merkel,cross-3parallel,NA,targeted
848,B23-SAV-905,53.32876712,4,11.15384615,1,46.15384615,4,5.153846154,2,0,1,2,1,2.375,1,36.0954386,4,166.14,4,1432.606,4,389.11,3,B23-SAV,San Diego Bay (Zuniga Jetty),0.7544,open,U,U,U,,Zostera pacifica,6.152,32.6731,-117.2227,bed,large_embayment,13,11/25/24,140,Merkel,cross-3parallel,NA,targeted
849,B23-SAV-905,53.32876712,4,11.15384615,1,46.15384615,4,5.153846154,2,0,1,2,1,2.375,1,36.0954386,4,166.14,4,1432.606,4,389.11,3,B23-SAV,San Diego Bay (Zuniga Jetty),0.7544,open,U,U,U,,Zostera pacifica,6.152,32.6731,-117.2227,bed,large_embayment,13,11/25/24,140,Merkel,cross-3parallel,NA,targeted
850,B23-SAV-905,53.32876712,4,11.15384615,1,46.15384615,4,5.153846154,2,0,1,2,1,2.375,1,36.0954386,4,166.14,4,1432.606,4,389.11,3,B23-SAV,San Diego Bay (Zuniga Jetty),0.7544,open,U,U,U,,Zostera pacifica,6.152,32.6731,-117.2227,bed,large_embayment,13,11/25/24,140,Merkel,cross-3parallel,NA,targeted
851,B23-SAV-905,53.32876712,4,11.15384615,1,46.15384615,4,5.153846154,2,0,1,2,1,2.375,1,36.0954386,4,166.14,4,1432.606,4,389.11,3,B23-SAV,San Diego Bay (Zuniga Jetty),0.7544,open,U,U,U,,Zostera pacifica,6.152,32.6731,-117.2227,bed,large_embayment,13,11/25/24,140,Merkel,cross-3parallel,NA,targeted
852,B23-SAV-905,53.32876712,4,11.15384615,1,46.15384615,4,5.153846154,2,0,1,2,1,2.375,1,36.0954386,4,166.14,4,1432.606,4,389.11,3,B23-SAV,San Diego Bay (Zuniga Jetty),0.7544,open,U,U,U,,Zostera pacifica,6.152,32.6731,-117.2227,bed,large_embayment,13,11/25/24,140,Merkel,cross-3parallel,NA,targeted
853,B23-SAV-905,53.32876712,4,11.15384615,1,46.15384615,4,5.153846154,2,0,1,2,1,2.375,1,36.0954386,4,166.14,4,1432.606,4,389.11,3,B23-SAV,San Diego Bay (Zuniga Jetty),0.7544,open,U,U,U,,Zostera pacifica,6.152,32.6731,-117.2227,bed,large_embayment,13,11/25/24,140,Merkel,cross-3parallel,NA,targeted
854,B23-SAV-905,53.32876712,4,11.15384615,1,46.15384615,4,5.153846154,2,0,1,2,1,2.375,1,36.0954386,4,166.14,4,1432.606,4,389.11,3,B23-SAV,San Diego Bay (Zuniga Jetty),0.7544,open,U,U,U,,Zostera pacifica,6.152,32.6731,-117.2227,bed,large_embayment,13,11/25/24,140,Merkel,cross-3parallel,NA,targeted
855,B23-SAV-905,53.32876712,4,11.15384615,1,46.15384615,4,5.153846154,2,0,1,2,1,2.375,1,36.0954386,4,166.14,4,1432.606,4,389.11,3,B23-SAV,San Diego Bay (Zuniga Jetty),0.7544,open,U,U,U,,Zostera pacifica,6.152,32.6731,-117.2227,bed,large_embayment,13,11/25/24,140,Merkel,cross-3parallel,NA,targeted
856,B23-SAV-905,53.32876712,4,11.15384615,1,46.15384615,4,5.153846154,2,0,1,2,1,2.375,1,36.0954386,4,166.14,4,1432.606,4,389.11,3,B23-SAV,San Diego Bay (Zuniga Jetty),0.7544,open,U,U,U,,Zostera pacifica,6.152,32.6731,-117.2227,bed,large_embayment,13,11/25/24,140,Merkel,cross-3parallel,NA,targeted
857,B23-SAV-905,53.32876712,4,11.15384615,1,46.15384615,4,5.153846154,2,0,1,2,1,2.375,1,36.0954386,4,166.14,4,1432.606,4,389.11,3,B23-SAV,San Diego Bay (Zuniga Jetty),0.7544,open,U,U,U,,Zostera pacifica,6.152,32.6731,-117.2227,bed,large_embayment,13,11/25/24,140,Merkel,cross-3parallel,,targeted
858,B23-SAV-905,53.32876712,4,11.15384615,1,46.15384615,4,5.153846154,2,0,1,2,1,2.375,1,36.0954386,4,166.14,4,1432.606,4,389.11,3,B23-SAV,San Diego Bay (Zuniga Jetty),0.7544,open,U,U,U,,Zostera pacifica,6.152,32.6731,-117.2227,bed,large_embayment,13,11/25/24,140,Merkel,cross-3parallel,,targeted
859,B23-SAV-905,53.32876712,4,11.15384615,1,46.15384615,4,5.153846154,2,0,1,2,1,2.375,1,36.0954386,4,166.14,4,1432.606,4,389.11,3,B23-SAV,San Diego Bay (Zuniga Jetty),0.7544,open,U,U,U,,Zostera pacifica,6.152,32.6731,-117.2227,bed,large_embayment,13,11/25/24,140,Merkel,cross-3parallel,,targeted
860,B23-SAV-905,53.32876712,4,11.15384615,1,46.15384615,4,5.153846154,2,0,1,2,1,2.375,1,36.0954386,4,166.14,4,1432.606,4,389.11,3,B23-SAV,San Diego Bay (Zuniga Jetty),0.7544,open,U,U,U,,Zostera pacifica,6.152,32.6731,-117.2227,bed,large_embayment,13,11/25/24,140,Merkel,cross-3parallel,,targeted
861,B23-SAV-905,53.32876712,4,11.15384615,1,46.15384615,4,5.153846154,2,0,1,2,1,2.375,1,36.0954386,4,166.14,4,1432.606,4,389.11,3,B23-SAV,San Diego Bay (Zuniga Jetty),0.7544,open,U,U,U,,Zostera pacifica,6.152,32.6731,-117.2227,bed,large_embayment,13,11/25/24,140,Merkel,cross-3parallel,,targeted
862,B23-SAV-905,53.32876712,4,11.15384615,1,46.15384615,4,5.153846154,2,0,1,2,1,2.375,1,36.0954386,4,166.14,4,1432.606,4,389.11,3,B23-SAV,San Diego Bay (Zuniga Jetty),0.7544,open,U,U,U,,Zostera pacifica,6.152,32.6731,-117.2227,bed,large_embayment,13,11/25/24,140,Merkel,cross-3parallel,,targeted
863,B23-SAV-905,53.32876712,4,11.15384615,1,46.15384615,4,5.153846154,2,0,1,2,1,2.375,1,36.0954386,4,166.14,4,1432.606,4,389.11,3,B23-SAV,San Diego Bay (Zuniga Jetty),0.7544,open,U,U,U,,Zostera pacifica,6.152,32.6731,-117.2227,bed,large_embayment,13,11/25/24,140,Merkel,cross-3parallel,,targeted
864,B23-SAV-905,53.32876712,4,11.15384615,1,46.15384615,4,5.153846154,2,0,1,2,1,2.375,1,36.0954386,4,166.14,4,1432.606,4,389.11,3,B23-SAV,San Diego Bay (Zuniga Jetty),0.7544,open,U,U,U,,Zostera pacifica,6.152,32.6731,-117.2227,bed,large_embayment,13,11/25/24,140,Merkel,cross-3parallel,,targeted
865,B23-SAV-905,53.32876712,4,11.15384615,1,46.15384615,4,5.153846154,2,0,1,2,1,2.375,1,36.0954386,4,166.14,4,1432.606,4,389.11,3,B23-SAV,San Diego Bay (Zuniga Jetty),0.7544,open,U,U,U,,Zostera pacifica,6.152,32.6731,-117.2227,bed,large_embayment,13,11/25/24,140,Merkel,cross-3parallel,,targeted
866,B23-SAV-905,53.32876712,4,11.15384615,1,46.15384615,4,5.153846154,2,0,1,2,1,2.375,1,36.0954386,4,166.14,4,1432.606,4,389.11,3,B23-SAV,San Diego Bay (Zuniga Jetty),0.7544,open,U,U,U,,Zostera pacifica,6.152,32.6731,-117.2227,bed,large_embayment,13,11/25/24,140,Merkel,cross-3parallel,,targeted
867,B23-SAV-905,53.32876712,4,11.15384615,1,46.15384615,4,5.153846154,2,0,1,2,1,2.375,1,36.0954386,4,166.14,4,1432.606,4,389.11,3,B23-SAV,San Diego Bay (Zuniga Jetty),0.7544,open,U,U,U,,Zostera pacifica,6.152,32.6731,-117.2227,bed,large_embayment,13,11/25/24,140,Merkel,cross-3parallel,,targeted
868,B23-SAV-905,53.32876712,4,11.15384615,1,46.15384615,4,5.153846154,2,0,1,2,1,2.375,1,36.0954386,4,166.14,4,1432.606,4,389.11,3,B23-SAV,San Diego Bay (Zuniga Jetty),0.7544,open,U,U,U,,Zostera pacifica,6.152,32.6731,-117.2227,bed,large_embayment,13,11/25/24,140,Merkel,cross-3parallel,,targeted
869,B23-SAV-905,53.32876712,4,11.15384615,1,46.15384615,4,5.153846154,2,0,1,2,1,2.375,1,36.0954386,4,166.14,4,1432.606,4,389.11,3,B23-SAV,San Diego Bay (Zuniga Jetty),0.7544,open,U,U,U,,Zostera pacifica,6.152,32.6731,-117.2227,bed,large_embayment,13,11/25/24,140,Merkel,cross-3parallel,,targeted
870,B23-SAV-905,53.32876712,4,11.15384615,1,46.15384615,4,5.153846154,2,0,1,2,1,2.375,1,36.0954386,4,166.14,4,1432.606,4,389.11,3,B23-SAV,San Diego Bay (Zuniga Jetty),0.7544,open,U,U,U,,Zostera pacifica,6.152,32.6731,-117.2227,bed,large_embayment,13,11/25/24,140,Merkel,cross-3parallel,,targeted
871,B23-SAV-905,53.32876712,4,11.15384615,1,46.15384615,4,5.153846154,2,0,1,2,1,2.375,1,36.0954386,4,166.14,4,1432.606,4,389.11,3,B23-SAV,San Diego Bay (Zuniga Jetty),0.7544,open,U,U,U,,Zostera pacifica,6.152,32.6731,-117.2227,bed,large_embayment,13,11/25/24,140,Merkel,cross-3parallel,,targeted
872,B23-SAV-905,53.32876712,4,11.15384615,1,46.15384615,4,5.153846154,2,0,1,2,1,2.375,1,36.0954386,4,166.14,4,1432.606,4,389.11,3,B23-SAV,San Diego Bay (Zuniga Jetty),0.7544,open,U,U,U,,Zostera pacifica,6.152,32.6731,-117.2227,bed,large_embayment,13,11/25/24,140,Merkel,cross-3parallel,,targeted
873,B23-SAV-905,53.32876712,4,11.15384615,1,46.15384615,4,5.153846154,2,0,1,2,1,2.375,1,36.0954386,4,166.14,4,1432.606,4,389.11,3,B23-SAV,San Diego Bay (Zuniga Jetty),0.7544,open,U,U,U,,Zostera pacifica,6.152,32.6731,-117.2227,bed,large_embayment,13,11/25/24,140,Merkel,cross-3parallel,,targeted
874,B23-SAV-905,53.32876712,4,11.15384615,1,46.15384615,4,5.153846154,2,0,1,2,1,2.375,1,36.0954386,4,166.14,4,1432.606,4,389.11,3,B23-SAV,San Diego Bay (Zuniga Jetty),0.7544,open,U,U,U,,Zostera pacifica,6.152,32.6731,-117.2227,bed,large_embayment,13,11/25/24,140,Merkel,cross-3parallel,,targeted
875,B23-SAV-905,53.32876712,4,11.15384615,1,46.15384615,4,5.153846154,2,0,1,2,1,2.375,1,36.0954386,4,166.14,4,1432.606,4,389.11,3,B23-SAV,San Diego Bay (Zuniga Jetty),0.7544,open,U,U,U,,Zostera pacifica,6.152,32.6731,-117.2227,bed,large_embayment,13,11/25/24,140,Merkel,cross-3parallel,,targeted
876,B23-SAV-905,53.32876712,4,11.15384615,1,46.15384615,4,5.153846154,2,0,1,2,1,2.375,1,36.0954386,4,166.14,4,1432.606,4,389.11,3,B23-SAV,San Diego Bay (Zuniga Jetty),0.7544,open,U,U,U,,Zostera pacifica,6.152,32.6731,-117.2227,bed,large_embayment,13,11/25/24,140,Merkel,cross-3parallel,,targeted
877,B23-SAV-905,53.32876712,4,11.15384615,1,46.15384615,4,5.153846154,2,0,1,2,1,2.375,1,36.0954386,4,166.14,4,1432.606,4,389.11,3,B23-SAV,San Diego Bay (Zuniga Jetty),0.7544,open,U,U,U,,Zostera pacifica,6.152,32.6731,-117.2227,bed,large_embayment,13,11/25/24,140,Merkel,cross-3parallel,,targeted
878,B23-SAV-905,53.32876712,4,11.15384615,1,46.15384615,4,5.153846154,2,0,1,2,1,2.375,1,36.0954386,4,166.14,4,1432.606,4,389.11,3,B23-SAV,San Diego Bay (Zuniga Jetty),0.7544,open,U,U,U,,Zostera pacifica,6.152,32.6731,-117.2227,bed,large_embayment,13,11/25/24,140,Merkel,cross-3parallel,,targeted
879,B23-SAV-905,53.32876712,4,11.15384615,1,46.15384615,4,5.153846154,2,0,1,2,1,2.375,1,36.0954386,4,166.14,4,1432.606,4,389.11,3,B23-SAV,San Diego Bay (Zuniga Jetty),0.7544,open,U,U,U,,Zostera pacifica,6.152,32.6731,-117.2227,bed,large_embayment,13,11/25/24,140,Merkel,cross-3parallel,,targeted
880,B23-SAV-905,53.32876712,4,11.15384615,1,46.15384615,4,5.153846154,2,0,1,2,1,2.375,1,36.0954386,4,166.14,4,1432.606,4,389.11,3,B23-SAV,San Diego Bay (Zuniga Jetty),0.7544,open,U,U,U,,Zostera pacifica,6.152,32.6731,-117.2227,bed,large_embayment,13,11/25/24,140,Merkel,cross-3parallel,,targeted
881,B23-SAV-905,53.32876712,4,11.15384615,1,46.15384615,4,5.153846154,2,0,1,2,1,2.375,1,36.0954386,4,166.14,4,1432.606,4,389.11,3,B23-SAV,San Diego Bay (Zuniga Jetty),0.7544,open,U,U,U,,Zostera pacifica,6.152,32.6731,-117.2227,bed,large_embayment,13,11/25/24,140,Merkel,cross-3parallel,,targeted
882,B23-SAV-905,53.32876712,4,11.15384615,1,46.15384615,4,5.153846154,2,0,1,2,1,2.375,1,36.0954386,4,166.14,4,1432.606,4,389.11,3,B23-SAV,San Diego Bay (Zuniga Jetty),0.7544,open,U,U,U,,Zostera pacifica,6.152,32.6731,-117.2227,bed,large_embayment,13,11/25/24,140,Merkel,cross-3parallel,,targeted
883,B23-SAV-905,53.32876712,4,11.15384615,1,46.15384615,4,5.153846154,2,0,1,2,1,2.375,1,36.0954386,4,166.14,4,1432.606,4,389.11,3,B23-SAV,San Diego Bay (Zuniga Jetty),0.7544,open,U,U,U,,Zostera pacifica,6.152,32.6731,-117.2227,bed,large_embayment,13,11/25/24,140,Merkel,cross-3parallel,,targeted
884,B23-SAV-905,53.32876712,4,11.15384615,1,46.15384615,4,5.153846154,2,0,1,2,1,2.375,1,36.0954386,4,166.14,4,1432.606,4,389.11,3,B23-SAV,San Diego Bay (Zuniga Jetty),0.7544,open,U,U,U,,Zostera pacifica,6.152,32.6731,-117.2227,bed,large_embayment,13,11/25/24,140,Merkel,cross-3parallel,,targeted
885,B23-SAV-905,53.32876712,4,11.15384615,1,46.15384615,4,5.153846154,2,0,1,2,1,2.375,1,36.0954386,4,166.14,4,1432.606,4,389.11,3,B23-SAV,San Diego Bay (Zuniga Jetty),0.7544,open,U,U,U,,Zostera pacifica,6.152,32.6731,-117.2227,bed,large_embayment,13,11/25/24,140,Merkel,cross-3parallel,,targeted
886,B23-SAV-905,53.32876712,4,11.15384615,1,46.15384615,4,5.153846154,2,0,1,2,1,2.375,1,36.0954386,4,166.14,4,1432.606,4,389.11,3,B23-SAV,San Diego Bay (Zuniga Jetty),0.7544,open,U,U,U,,Zostera pacifica,6.152,32.6731,-117.2227,bed,large_embayment,13,11/25/24,140,Merkel,cross-3parallel,,targeted
887,B23-SAV-905,53.32876712,4,11.15384615,1,46.15384615,4,5.153846154,2,0,1,2,1,2.375,1,36.0954386,4,166.14,4,1432.606,4,389.11,3,B23-SAV,San Diego Bay (Zuniga Jetty),0.7544,open,U,U,U,,Zostera pacifica,6.152,32.6731,-117.2227,bed,large_embayment,13,11/25/24,140,Merkel,cross-3parallel,,targeted
888,B23-SAV-905,53.32876712,4,11.15384615,1,46.15384615,4,5.153846154,2,0,1,2,1,2.375,1,36.0954386,4,166.14,4,1432.606,4,389.11,3,B23-SAV,San Diego Bay (Zuniga Jetty),0.7544,open,U,U,U,,Zostera pacifica,6.152,32.6731,-117.2227,bed,large_embayment,13,11/25/24,140,Merkel,cross-3parallel,,targeted
889,B23-SAV-905,53.32876712,4,11.15384615,1,46.15384615,4,5.153846154,2,0,1,2,1,2.375,1,36.0954386,4,166.14,4,1432.606,4,389.11,3,B23-SAV,San Diego Bay (Zuniga Jetty),0.7544,open,U,U,U,,Zostera pacifica,6.152,32.6731,-117.2227,bed,large_embayment,13,11/25/24,140,Merkel,cross-3parallel,,targeted
890,B23-SAV-905,53.32876712,4,11.15384615,1,46.15384615,4,5.153846154,2,0,1,2,1,2.375,1,36.0954386,4,166.14,4,1432.606,4,389.11,3,B23-SAV,San Diego Bay (Zuniga Jetty),0.7544,open,U,U,U,,Zostera pacifica,6.152,32.6731,-117.2227,bed,large_embayment,13,11/25/24,140,Merkel,cross-3parallel,,targeted
891,B23-SAV-905,53.32876712,4,11.15384615,1,46.15384615,4,5.153846154,2,0,1,2,1,2.375,1,36.0954386,4,166.14,4,1432.606,4,389.11,3,B23-SAV,San Diego Bay (Zuniga Jetty),0.7544,open,U,U,U,,Zostera pacifica,6.152,32.6731,-117.2227,bed,large_embayment,13,11/25/24,140,Merkel,cross-3parallel,,targeted
892,B23-SAV-905,53.32876712,4,11.15384615,1,46.15384615,4,5.153846154,2,0,1,2,1,2.375,1,36.0954386,4,166.14,4,1432.606,4,389.11,3,B23-SAV,San Diego Bay (Zuniga Jetty),0.7544,open,U,U,U,,Zostera pacifica,6.152,32.6731,-117.2227,bed,large_embayment,13,11/25/24,140,Merkel,cross-3parallel,,targeted
893,B23-SAV-905,53.32876712,4,11.15384615,1,46.15384615,4,5.153846154,2,0,1,2,1,2.375,1,36.0954386,4,166.14,4,1432.606,4,389.11,3,B23-SAV,San Diego Bay (Zuniga Jetty),0.7544,open,U,U,U,,Zostera pacifica,6.152,32.6731,-117.2227,bed,large_embayment,13,11/25/24,140,Merkel,cross-3parallel,,targeted
894,B23-SAV-905,53.32876712,4,11.15384615,1,46.15384615,4,5.153846154,2,0,1,2,1,2.375,1,36.0954386,4,166.14,4,1432.606,4,389.11,3,B23-SAV,San Diego Bay (Zuniga Jetty),0.7544,open,U,U,U,,Zostera pacifica,6.152,32.6731,-117.2227,bed,large_embayment,13,11/25/24,140,Merkel,cross-3parallel,,targeted
895,B23-SAV-905,53.32876712,4,11.15384615,1,46.15384615,4,5.153846154,2,0,1,2,1,2.375,1,36.0954386,4,166.14,4,1432.606,4,389.11,3,B23-SAV,San Diego Bay (Zuniga Jetty),0.7544,open,U,U,U,,Zostera pacifica,6.152,32.6731,-117.2227,bed,large_embayment,13,11/25/24,140,Merkel,cross-3parallel,,targeted
896,B23-SAV-905,53.32876712,4,11.15384615,1,46.15384615,4,5.153846154,2,0,1,2,1,2.375,1,36.0954386,4,166.14,4,1432.606,4,389.11,3,B23-SAV,San Diego Bay (Zuniga Jetty),0.7544,open,U,U,U,,Zostera pacifica,6.152,32.6731,-117.2227,bed,large_embayment,13,11/25/24,140,Merkel,cross-3parallel,,targeted
897,B23-SAV-905,53.32876712,4,11.15384615,1,46.15384615,4,5.153846154,2,0,1,2,1,2.375,1,36.0954386,4,166.14,4,1432.606,4,389.11,3,B23-SAV,San Diego Bay (Zuniga Jetty),0.7544,open,U,U,U,,Zostera pacifica,6.152,32.6731,-117.2227,bed,large_embayment,13,11/25/24,140,Merkel,cross-3parallel,,targeted
898,B23-SAV-905,53.32876712,4,11.15384615,1,46.15384615,4,5.153846154,2,0,1,2,1,2.375,1,36.0954386,4,166.14,4,1432.606,4,389.11,3,B23-SAV,San Diego Bay (Zuniga Jetty),0.7544,open,U,U,U,,Zostera pacifica,6.152,32.6731,-117.2227,bed,large_embayment,13,11/25/24,140,Merkel,cross-3parallel,,targeted
899,B23-SAV-905,53.32876712,4,11.15384615,1,46.15384615,4,5.153846154,2,0,1,2,1,2.375,1,36.0954386,4,166.14,4,1432.606,4,389.11,3,B23-SAV,San Diego Bay (Zuniga Jetty),0.7544,open,U,U,U,,Zostera pacifica,6.152,32.6731,-117.2227,bed,large_embayment,13,11/25/24,140,Merkel,cross-3parallel,,targeted
900,B23-SAV-905,53.32876712,4,11.15384615,1,46.15384615,4,5.153846154,2,0,1,2,1,2.375,1,36.0954386,4,166.14,4,1432.606,4,389.11,3,B23-SAV,San Diego Bay (Zuniga Jetty),0.7544,open,U,U,U,,Zostera pacifica,6.152,32.6731,-117.2227,bed,large_embayment,13,11/25/24,140,Merkel,cross-3parallel,,targeted
901,B23-SAV-905,53.32876712,4,11.15384615,1,46.15384615,4,5.153846154,2,0,1,2,1,2.375,1,36.0954386,4,166.14,4,1432.606,4,389.11,3,B23-SAV,San Diego Bay (Zuniga Jetty),0.7544,open,U,U,U,,Zostera pacifica,6.152,32.6731,-117.2227,bed,large_embayment,13,11/25/24,140,Merkel,cross-3parallel,,targeted
902,B23-SAV-905,53.32876712,4,11.15384615,1,46.15384615,4,5.153846154,2,0,1,2,1,2.375,1,36.0954386,4,166.14,4,1432.606,4,389.11,3,B23-SAV,San Diego Bay (Zuniga Jetty),0.7544,open,U,U,U,,Zostera pacifica,6.152,32.6731,-117.2227,bed,large_embayment,13,11/25/24,140,Merkel,cross-3parallel,,targeted
903,B23-SAV-905,53.32876712,4,11.15384615,1,46.15384615,4,5.153846154,2,0,1,2,1,2.375,1,36.0954386,4,166.14,4,1432.606,4,389.11,3,B23-SAV,San Diego Bay (Zuniga Jetty),0.7544,open,U,U,U,,Zostera pacifica,6.152,32.6731,-117.2227,bed,large_embayment,13,11/25/24,140,Merkel,cross-3parallel,,targeted
904,B23-SAV-905,53.32876712,4,11.15384615,1,46.15384615,4,5.153846154,2,0,1,2,1,2.375,1,36.0954386,4,166.14,4,1432.606,4,389.11,3,B23-SAV,San Diego Bay (Zuniga Jetty),0.7544,open,U,U,U,,Zostera pacifica,6.152,32.6731,-117.2227,bed,large_embayment,13,11/25/24,140,Merkel,cross-3parallel,,targeted
905,B23-SAV-905,53.32876712,4,11.15384615,1,46.15384615,4,5.153846154,2,0,1,2,1,2.375,1,36.0954386,4,166.14,4,1432.606,4,389.11,3,B23-SAV,San Diego Bay (Zuniga Jetty),0.7544,open,U,U,U,,Zostera pacifica,6.152,32.6731,-117.2227,bed,large_embayment,13,11/25/24,140,Merkel,cross-3parallel,,targeted
906,B23-SAV-905,53.32876712,4,11.15384615,1,46.15384615,4,5.153846154,2,0,1,2,1,2.375,1,36.0954386,4,166.14,4,1432.606,4,389.11,3,B23-SAV,San Diego Bay (Zuniga Jetty),0.7544,open,U,U,U,,Zostera pacifica,6.152,32.6731,-117.2227,bed,large_embayment,13,11/25/24,140,Merkel,cross-3parallel,,targeted
907,B23-SAV-905,53.32876712,4,11.15384615,1,46.15384615,4,5.153846154,2,0,1,2,1,2.375,1,36.0954386,4,166.14,4,1432.606,4,389.11,3,B23-SAV,San Diego Bay (Zuniga Jetty),0.7544,open,U,U,U,,Zostera pacifica,6.152,32.6731,-117.2227,bed,large_embayment,13,11/25/24,140,Merkel,cross-3parallel,,targeted
908,B23-SAV-905,53.32876712,4,11.15384615,1,46.15384615,4,5.153846154,2,0,1,2,1,2.375,1,36.0954386,4,166.14,4,1432.606,4,389.11,3,B23-SAV,San Diego Bay (Zuniga Jetty),0.7544,open,U,U,U,,Zostera pacifica,6.152,32.6731,-117.2227,bed,large_embayment,13,11/25/24,140,Merkel,cross-3parallel,,targeted
909,B23-SAV-905,53.32876712,4,11.15384615,1,46.15384615,4,5.153846154,2,0,1,2,1,2.375,1,36.0954386,4,166.14,4,1432.606,4,389.11,3,B23-SAV,San Diego Bay (Zuniga Jetty),0.7544,open,U,U,U,,Zostera pacifica,6.152,32.6731,-117.2227,bed,large_embayment,13,11/25/24,140,Merkel,cross-3parallel,,targeted
910,B23-SAV-905,53.32876712,4,11.15384615,1,46.15384615,4,5.153846154,2,0,1,2,1,2.375,1,36.0954386,4,166.14,4,1432.606,4,389.11,3,B23-SAV,San Diego Bay (Zuniga Jetty),0.7544,open,U,U,U,,Zostera pacifica,6.152,32.6731,-117.2227,bed,large_embayment,13,11/25/24,140,Merkel,cross-3parallel,,targeted
911,B23-SAV-905,53.32876712,4,11.15384615,1,46.15384615,4,5.153846154,2,0,1,2,1,2.375,1,36.0954386,4,166.14,4,1432.606,4,389.11,3,B23-SAV,San Diego Bay (Zuniga Jetty),0.7544,open,U,U,U,,Zostera pacifica,6.152,32.6731,-117.2227,bed,large_embayment,13,11/25/24,140,Merkel,cross-3parallel,,targeted
912,B23-SAV-905,53.32876712,4,11.15384615,1,46.15384615,4,5.153846154,2,0,1,2,1,2.375,1,36.0954386,4,166.14,4,1432.606,4,389.11,3,B23-SAV,San Diego Bay (Zuniga Jetty),0.7544,open,U,U,U,,Zostera pacifica,6.152,32.6731,-117.2227,bed,large_embayment,13,11/25/24,140,Merkel,cross-3parallel,,targeted
913,B23-SAV-905,53.32876712,4,11.15384615,1,46.15384615,4,5.153846154,2,0,1,2,1,2.375,1,36.0954386,4,166.14,4,1432.606,4,389.11,3,B23-SAV,San Diego Bay (Zuniga Jetty),0.7544,open,U,U,U,,Zostera pacifica,6.152,32.6731,-117.2227,bed,large_embayment,13,11/25/24,140,Merkel,cross-3parallel,,targeted
914,B23-SAV-905,53.32876712,4,11.15384615,1,46.15384615,4,5.153846154,2,0,1,2,1,2.375,1,36.0954386,4,166.14,4,1432.606,4,389.11,3,B23-SAV,San Diego Bay (Zuniga Jetty),0.7544,open,U,U,U,,Zostera pacifica,6.152,32.6731,-117.2227,bed,large_embayment,13,11/25/24,140,Merkel,cross-3parallel,,targeted
915,B23-SAV-905,53.32876712,4,11.15384615,1,46.15384615,4,5.153846154,2,0,1,2,1,2.375,1,36.0954386,4,166.14,4,1432.606,4,389.11,3,B23-SAV,San Diego Bay (Zuniga Jetty),0.7544,open,U,U,U,,Zostera pacifica,6.152,32.6731,-117.2227,bed,large_embayment,13,11/25/24,140,Merkel,cross-3parallel,,targeted
916,B23-SAV-905,53.32876712,4,11.15384615,1,46.15384615,4,5.153846154,2,0,1,2,1,2.375,1,36.0954386,4,166.14,4,1432.606,4,389.11,3,B23-SAV,San Diego Bay (Zuniga Jetty),0.7544,open,U,U,U,,Zostera pacifica,6.152,32.6731,-117.2227,bed,large_embayment,13,11/25/24,140,Merkel,cross-3parallel,,targeted
917,B23-SAV-905,53.32876712,4,11.15384615,1,46.15384615,4,5.153846154,2,0,1,2,1,2.375,1,36.0954386,4,166.14,4,1432.606,4,389.11,3,B23-SAV,San Diego Bay (Zuniga Jetty),0.7544,open,U,U,U,,Zostera pacifica,6.152,32.6731,-117.2227,bed,large_embayment,13,11/25/24,140,Merkel,cross-3parallel,,targeted
918,B23-SAV-905,53.32876712,4,11.15384615,1,46.15384615,4,5.153846154,2,0,1,2,1,2.375,1,36.0954386,4,166.14,4,1432.606,4,389.11,3,B23-SAV,San Diego Bay (Zuniga Jetty),0.7544,open,U,U,U,,Zostera pacifica,6.152,32.6731,-117.2227,bed,large_embayment,13,11/25/24,140,Merkel,cross-3parallel,,targeted
919,B23-SAV-905,53.32876712,4,11.15384615,1,46.15384615,4,5.153846154,2,0,1,2,1,2.375,1,36.0954386,4,166.14,4,1432.606,4,389.11,3,B23-SAV,San Diego Bay (Zuniga Jetty),0.7544,open,U,U,U,,Zostera pacifica,6.152,32.6731,-117.2227,bed,large_embayment,13,11/25/24,140,Merkel,cross-3parallel,,targeted
920,B23-SAV-905,53.32876712,4,11.15384615,1,46.15384615,4,5.153846154,2,0,1,2,1,2.375,1,36.0954386,4,166.14,4,1432.606,4,389.11,3,B23-SAV,San Diego Bay (Zuniga Jetty),0.7544,open,U,U,U,,Zostera pacifica,6.152,32.6731,-117.2227,bed,large_embayment,13,11/25/24,140,Merkel,cross-3parallel,,targeted
921,B23-SAV-905,53.32876712,4,11.15384615,1,46.15384615,4,5.153846154,2,0,1,2,1,2.375,1,36.0954386,4,166.14,4,1432.606,4,389.11,3,B23-SAV,San Diego Bay (Zuniga Jetty),0.7544,open,U,U,U,,Zostera pacifica,6.152,32.6731,-117.2227,bed,large_embayment,13,11/25/24,140,Merkel,cross-3parallel,,targeted
922,B23-SAV-905,53.32876712,4,11.15384615,1,46.15384615,4,5.153846154,2,0,1,2,1,2.375,1,36.0954386,4,166.14,4,1432.606,4,389.11,3,B23-SAV,San Diego Bay (Zuniga Jetty),0.7544,open,U,U,U,,Zostera pacifica,6.152,32.6731,-117.2227,bed,large_embayment,13,11/25/24,140,Merkel,cross-3parallel,,targeted
923,B23-SAV-905,53.32876712,4,11.15384615,1,46.15384615,4,5.153846154,2,0,1,2,1,2.375,1,36.0954386,4,166.14,4,1432.606,4,389.11,3,B23-SAV,San Diego Bay (Zuniga Jetty),0.7544,open,U,U,U,,Zostera pacifica,6.152,32.6731,-117.2227,bed,large_embayment,13,11/25/24,140,Merkel,cross-3parallel,,targeted
924,B23-SAV-905,53.32876712,4,11.15384615,1,46.15384615,4,5.153846154,2,0,1,2,1,2.375,1,36.0954386,4,166.14,4,1432.606,4,389.11,3,B23-SAV,San Diego Bay (Zuniga Jetty),0.7544,open,U,U,U,,Zostera pacifica,6.152,32.6731,-117.2227,bed,large_embayment,13,11/25/24,140,Merkel,cross-3parallel,,targeted
925,B23-SAV-905,53.32876712,4,11.15384615,1,46.15384615,4,5.153846154,2,0,1,2,1,2.375,1,36.0954386,4,166.14,4,1432.606,4,389.11,3,B23-SAV,San Diego Bay (Zuniga Jetty),0.7544,open,U,U,U,,Zostera pacifica,6.152,32.6731,-117.2227,bed,large_embayment,13,11/25/24,140,Merkel,cross-3parallel,,targeted
926,B23-SAV-905,53.32876712,4,11.15384615,1,46.15384615,4,5.153846154,2,0,1,2,1,2.375,1,36.0954386,4,166.14,4,1432.606,4,389.11,3,B23-SAV,San Diego Bay (Zuniga Jetty),0.7544,open,U,U,U,,Zostera pacifica,6.152,32.6731,-117.2227,bed,large_embayment,13,11/25/24,140,Merkel,cross-3parallel,,targeted
927,B23-SAV-905,53.32876712,4,11.15384615,1,46.15384615,4,5.153846154,2,0,1,2,1,2.375,1,36.0954386,4,166.14,4,1432.606,4,389.11,3,B23-SAV,San Diego Bay (Zuniga Jetty),0.7544,open,U,U,U,,Zostera pacifica,6.152,32.6731,-117.2227,bed,large_embayment,13,11/25/24,140,Merkel,cross-3parallel,,targeted
928,B23-SAV-905,53.32876712,4,11.15384615,1,46.15384615,4,5.153846154,2,0,1,2,1,2.375,1,36.0954386,4,166.14,4,1432.606,4,389.11,3,B23-SAV,San Diego Bay (Zuniga Jetty),0.7544,open,U,U,U,,Zostera pacifica,6.152,32.6731,-117.2227,bed,large_embayment,13,11/25/24,140,Merkel,cross-3parallel,,targeted
929,B23-SAV-905,53.32876712,4,11.15384615,1,46.15384615,4,5.153846154,2,0,1,2,1,2.375,1,36.0954386,4,166.14,4,1432.606,4,389.11,3,B23-SAV,San Diego Bay (Zuniga Jetty),0.7544,open,U,U,U,,Zostera pacifica,6.152,32.6731,-117.2227,bed,large_embayment,13,11/25/24,140,Merkel,cross-3parallel,,targeted
930,B23-SAV-905,53.32876712,4,11.15384615,1,46.15384615,4,5.153846154,2,0,1,2,1,2.375,1,36.0954386,4,166.14,4,1432.606,4,389.11,3,B23-SAV,San Diego Bay (Zuniga Jetty),0.7544,open,U,U,U,,Zostera pacifica,6.152,32.6731,-117.2227,bed,large_embayment,13,11/25/24,140,Merkel,cross-3parallel,,targeted
931,B23-SAV-905,53.32876712,4,11.15384615,1,46.15384615,4,5.153846154,2,0,1,2,1,2.375,1,36.0954386,4,166.14,4,1432.606,4,389.11,3,B23-SAV,San Diego Bay (Zuniga Jetty),0.7544,open,U,U,U,,Zostera pacifica,6.152,32.6731,-117.2227,bed,large_embayment,13,11/25/24,140,Merkel,cross-3parallel,,targeted
932,B23-SAV-905,53.32876712,4,11.15384615,1,46.15384615,4,5.153846154,2,0,1,2,1,2.375,1,36.0954386,4,166.14,4,1432.606,4,389.11,3,B23-SAV,San Diego Bay (Zuniga Jetty),0.7544,open,U,U,U,,Zostera pacifica,6.152,32.6731,-117.2227,bed,large_embayment,13,11/25/24,140,Merkel,cross-3parallel,,targeted
933,B23-SAV-905,53.32876712,4,11.15384615,1,46.15384615,4,5.153846154,2,0,1,2,1,2.375,1,36.0954386,4,166.14,4,1432.606,4,389.11,3,B23-SAV,San Diego Bay (Zuniga Jetty),0.7544,open,U,U,U,,Zostera pacifica,6.152,32.6731,-117.2227,bed,large_embayment,13,11/25/24,140,Merkel,cross-3parallel,,targeted
934,B23-SAV-905,53.32876712,4,11.15384615,1,46.15384615,4,5.153846154,2,0,1,2,1,2.375,1,36.0954386,4,166.14,4,1432.606,4,389.11,3,B23-SAV,San Diego Bay (Zuniga Jetty),0.7544,open,U,U,U,,Zostera pacifica,6.152,32.6731,-117.2227,bed,large_embayment,13,11/25/24,140,Merkel,cross-3parallel,,targeted
935,B23-SAV-905,53.32876712,4,11.15384615,1,46.15384615,4,5.153846154,2,0,1,2,1,2.375,1,36.0954386,4,166.14,4,1432.606,4,389.11,3,B23-SAV,San Diego Bay (Zuniga Jetty),0.7544,open,U,U,U,,Zostera pacifica,6.152,32.6731,-117.2227,bed,large_embayment,13,11/25/24,140,Merkel,cross-3parallel,,targeted
936,B23-SAV-905,53.32876712,4,11.15384615,1,46.15384615,4,5.153846154,2,0,1,2,1,2.375,1,36.0954386,4,166.14,4,1432.606,4,389.11,3,B23-SAV,San Diego Bay (Zuniga Jetty),0.7544,open,U,U,U,,Zostera pacifica,6.152,32.6731,-117.2227,bed,large_embayment,13,11/25/24,140,Merkel,cross-3parallel,,targeted
937,B23-SAV-905,53.32876712,4,11.15384615,1,46.15384615,4,5.153846154,2,0,1,2,1,2.375,1,36.0954386,4,166.14,4,1432.606,4,389.11,3,B23-SAV,San Diego Bay (Zuniga Jetty),0.7544,open,U,U,U,,Zostera pacifica,6.152,32.6731,-117.2227,bed,large_embayment,13,11/25/24,140,Merkel,cross-3parallel,,targeted
938,B23-SAV-905,53.32876712,4,11.15384615,1,46.15384615,4,5.153846154,2,0,1,2,1,2.375,1,36.0954386,4,166.14,4,1432.606,4,389.11,3,B23-SAV,San Diego Bay (Zuniga Jetty),0.7544,open,U,U,U,,Zostera pacifica,6.152,32.6731,-117.2227,bed,large_embayment,13,11/25/24,140,Merkel,cross-3parallel,,targeted
939,B23-SAV-905,53.32876712,4,11.15384615,1,46.15384615,4,5.153846154,2,0,1,2,1,2.375,1,36.0954386,4,166.14,4,1432.606,4,389.11,3,B23-SAV,San Diego Bay (Zuniga Jetty),0.7544,open,U,U,U,,Zostera pacifica,6.152,32.6731,-117.2227,bed,large_embayment,13,11/25/24,140,Merkel,cross-3parallel,,targeted
940,B23-SAV-905,53.32876712,4,11.15384615,1,46.15384615,4,5.153846154,2,0,1,2,1,2.375,1,36.0954386,4,166.14,4,1432.606,4,389.11,3,B23-SAV,San Diego Bay (Zuniga Jetty),0.7544,open,U,U,U,,Zostera pacifica,6.152,32.6731,-117.2227,bed,large_embayment,13,11/25/24,140,Merkel,cross-3parallel,,targeted
941,B23-SAV-905,53.32876712,4,11.15384615,1,46.15384615,4,5.153846154,2,0,1,2,1,2.375,1,36.0954386,4,166.14,4,1432.606,4,389.11,3,B23-SAV,San Diego Bay (Zuniga Jetty),0.7544,open,U,U,U,,Zostera pacifica,6.152,32.6731,-117.2227,bed,large_embayment,13,11/25/24,140,Merkel,cross-3parallel,,targeted
942,B23-SAV-905,53.32876712,4,11.15384615,1,46.15384615,4,5.153846154,2,0,1,2,1,2.375,1,36.0954386,4,166.14,4,1432.606,4,389.11,3,B23-SAV,San Diego Bay (Zuniga Jetty),0.7544,open,U,U,U,,Zostera pacifica,6.152,32.6731,-117.2227,bed,large_embayment,13,11/25/24,140,Merkel,cross-3parallel,,targeted
943,B23-SAV-905,53.32876712,4,11.15384615,1,46.15384615,4,5.153846154,2,0,1,2,1,2.375,1,36.0954386,4,166.14,4,1432.606,4,389.11,3,B23-SAV,San Diego Bay (Zuniga Jetty),0.7544,open,U,U,U,,Zostera pacifica,6.152,32.6731,-117.2227,bed,large_embayment,13,11/25/24,140,Merkel,cross-3parallel,,targeted
944,B23-SAV-905,53.32876712,4,11.15384615,1,46.15384615,4,5.153846154,2,0,1,2,1,2.375,1,36.0954386,4,166.14,4,1432.606,4,389.11,3,B23-SAV,San Diego Bay (Zuniga Jetty),0.7544,open,U,U,U,,Zostera pacifica,6.152,32.6731,-117.2227,bed,large_embayment,13,11/25/24,140,Merkel,cross-3parallel,,targeted
945,B23-SAV-905,53.32876712,4,11.15384615,1,46.15384615,4,5.153846154,2,0,1,2,1,2.375,1,36.0954386,4,166.14,4,1432.606,4,389.11,3,B23-SAV,San Diego Bay (Zuniga Jetty),0.7544,open,U,U,U,,Zostera pacifica,6.152,32.6731,-117.2227,bed,large_embayment,13,11/25/24,140,Merkel,cross-3parallel,,targeted
946,B23-SAV-905,53.32876712,4,11.15384615,1,46.15384615,4,5.153846154,2,0,1,2,1,2.375,1,36.0954386,4,166.14,4,1432.606,4,389.11,3,B23-SAV,San Diego Bay (Zuniga Jetty),0.7544,open,U,U,U,,Zostera pacifica,6.152,32.6731,-117.2227,bed,large_embayment,13,11/25/24,140,Merkel,cross-3parallel,,targeted
947,B23-SAV-905,53.32876712,4,11.15384615,1,46.15384615,4,5.153846154,2,0,1,2,1,2.375,1,36.0954386,4,166.14,4,1432.606,4,389.11,3,B23-SAV,San Diego Bay (Zuniga Jetty),0.7544,open,U,U,U,,Zostera pacifica,6.152,32.6731,-117.2227,bed,large_embayment,13,11/25/24,140,Merkel,cross-3parallel,,targeted
948,B23-SAV-905,53.32876712,4,11.15384615,1,46.15384615,4,5.153846154,2,0,1,2,1,2.375,1,36.0954386,4,166.14,4,1432.606,4,389.11,3,B23-SAV,San Diego Bay (Zuniga Jetty),0.7544,open,U,U,U,,Zostera pacifica,6.152,32.6731,-117.2227,bed,large_embayment,13,11/25/24,140,Merkel,cross-3parallel,,targeted
949,B23-SAV-905,53.32876712,4,11.15384615,1,46.15384615,4,5.153846154,2,0,1,2,1,2.375,1,36.0954386,4,166.14,4,1432.606,4,389.11,3,B23-SAV,San Diego Bay (Zuniga Jetty),0.7544,open,U,U,U,,Zostera pacifica,6.152,32.6731,-117.2227,bed,large_embayment,13,11/25/24,140,Merkel,cross-3parallel,,targeted
950,B23-SAV-905,53.32876712,4,11.15384615,1,46.15384615,4,5.153846154,2,0,1,2,1,2.375,1,36.0954386,4,166.14,4,1432.606,4,389.11,3,B23-SAV,San Diego Bay (Zuniga Jetty),0.7544,open,U,U,U,,Zostera pacifica,6.152,32.6731,-117.2227,bed,large_embayment,13,11/25/24,140,Merkel,cross-3parallel,,targeted
951,B23-SAV-905,53.32876712,4,11.15384615,1,46.15384615,4,5.153846154,2,0,1,2,1,2.375,1,36.0954386,4,166.14,4,1432.606,4,389.11,3,B23-SAV,San Diego Bay (Zuniga Jetty),0.7544,open,U,U,U,,Zostera pacifica,6.152,32.6731,-117.2227,bed,large_embayment,13,11/25/24,140,Merkel,cross-3parallel,,targeted
952,B23-SAV-905,53.32876712,4,11.15384615,1,46.15384615,4,5.153846154,2,0,1,2,1,2.375,1,36.0954386,4,166.14,4,1432.606,4,389.11,3,B23-SAV,San Diego Bay (Zuniga Jetty),0.7544,open,U,U,U,,Zostera pacifica,6.152,32.6731,-117.2227,bed,large_embayment,13,11/25/24,140,Merkel,cross-3parallel,,targeted
953,B23-SAV-905,53.32876712,4,11.15384615,1,46.15384615,4,5.153846154,2,0,1,2,1,2.375,1,36.0954386,4,166.14,4,1432.606,4,389.11,3,B23-SAV,San Diego Bay (Zuniga Jetty),0.7544,open,U,U,U,,Zostera pacifica,6.152,32.6731,-117.2227,bed,large_embayment,13,11/25/24,140,Merkel,cross-3parallel,,targeted
954,B23-SAV-905,53.32876712,4,11.15384615,1,46.15384615,4,5.153846154,2,0,1,2,1,2.375,1,36.0954386,4,166.14,4,1432.606,4,389.11,3,B23-SAV,San Diego Bay (Zuniga Jetty),0.7544,open,U,U,U,,Zostera pacifica,6.152,32.6731,-117.2227,bed,large_embayment,13,11/25/24,140,Merkel,cross-3parallel,,targeted
955,B23-SAV-905,53.32876712,4,11.15384615,1,46.15384615,4,5.153846154,2,0,1,2,1,2.375,1,36.0954386,4,166.14,4,1432.606,4,389.11,3,B23-SAV,San Diego Bay (Zuniga Jetty),0.7544,open,U,U,U,,Zostera pacifica,6.152,32.6731,-117.2227,bed,large_embayment,13,11/25/24,140,Merkel,cross-3parallel,,targeted
956,B23-SAV-905,53.32876712,4,11.15384615,1,46.15384615,4,5.153846154,2,0,1,2,1,2.375,1,36.0954386,4,166.14,4,1432.606,4,389.11,3,B23-SAV,San Diego Bay (Zuniga Jetty),0.7544,open,U,U,U,,Zostera pacifica,6.152,32.6731,-117.2227,bed,large_embayment,13,11/25/24,140,Merkel,cross-3parallel,,targeted
957,B23-SAV-905,53.32876712,4,11.15384615,1,46.15384615,4,5.153846154,2,0,1,2,1,2.375,1,36.0954386,4,166.14,4,1432.606,4,389.11,3,B23-SAV,San Diego Bay (Zuniga Jetty),0.7544,open,U,U,U,,Zostera pacifica,6.152,32.6731,-117.2227,bed,large_embayment,13,11/25/24,140,Merkel,cross-3parallel,,targeted
958,B23-SAV-905,53.32876712,4,11.15384615,1,46.15384615,4,5.153846154,2,0,1,2,1,2.375,1,36.0954386,4,166.14,4,1432.606,4,389.11,3,B23-SAV,San Diego Bay (Zuniga Jetty),0.7544,open,U,U,U,,Zostera pacifica,6.152,32.6731,-117.2227,bed,large_embayment,13,11/25/24,140,Merkel,cross-3parallel,,targeted
959,B23-SAV-905,53.32876712,4,11.15384615,1,46.15384615,4,5.153846154,2,0,1,2,1,2.375,1,36.0954386,4,166.14,4,1432.606,4,389.11,3,B23-SAV,San Diego Bay (Zuniga Jetty),0.7544,open,U,U,U,,Zostera pacifica,6.152,32.6731,-117.2227,bed,large_embayment,13,11/25/24,140,Merkel,cross-3parallel,,targeted
960,B23-SAV-905,53.32876712,4,11.15384615,1,46.15384615,4,5.153846154,2,0,1,2,1,2.375,1,36.0954386,4,166.14,4,1432.606,4,389.11,3,B23-SAV,San Diego Bay (Zuniga Jetty),0.7544,open,U,U,U,,Zostera pacifica,6.152,32.6731,-117.2227,bed,large_embayment,13,11/25/24,140,Merkel,cross-3parallel,,targeted
961,B23-SAV-905,53.32876712,4,11.15384615,1,46.15384615,4,5.153846154,2,0,1,2,1,2.375,1,36.0954386,4,166.14,4,1432.606,4,389.11,3,B23-SAV,San Diego Bay (Zuniga Jetty),0.7544,open,U,U,U,,Zostera pacifica,6.152,32.6731,-117.2227,bed,large_embayment,13,11/25/24,140,Merkel,cross-3parallel,,targeted
962,B23-SAV-905,53.32876712,4,11.15384615,1,46.15384615,4,5.153846154,2,0,1,2,1,2.375,1,36.0954386,4,166.14,4,1432.606,4,389.11,3,B23-SAV,San Diego Bay (Zuniga Jetty),0.7544,open,U,U,U,,Zostera pacifica,6.152,32.6731,-117.2227,bed,large_embayment,13,11/25/24,140,Merkel,cross-3parallel,,targeted
963,B23-SAV-905,53.32876712,4,11.15384615,1,46.15384615,4,5.153846154,2,0,1,2,1,2.375,1,36.0954386,4,166.14,4,1432.606,4,389.11,3,B23-SAV,San Diego Bay (Zuniga Jetty),0.7544,open,U,U,U,,Zostera pacifica,6.152,32.6731,-117.2227,bed,large_embayment,13,11/25/24,140,Merkel,cross-3parallel,,targeted
964,B23-SAV-905,53.32876712,4,11.15384615,1,46.15384615,4,5.153846154,2,0,1,2,1,2.375,1,36.0954386,4,166.14,4,1432.606,4,389.11,3,B23-SAV,San Diego Bay (Zuniga Jetty),0.7544,open,U,U,U,,Zostera pacifica,6.152,32.6731,-117.2227,bed,large_embayment,13,11/25/24,140,Merkel,cross-3parallel,,targeted
965,B23-SAV-905,53.32876712,4,11.15384615,1,46.15384615,4,5.153846154,2,0,1,2,1,2.375,1,36.0954386,4,166.14,4,1432.606,4,389.11,3,B23-SAV,San Diego Bay (Zuniga Jetty),0.7544,open,U,U,U,,Zostera pacifica,6.152,32.6731,-117.2227,bed,large_embayment,13,11/25/24,140,Merkel,cross-3parallel,,targeted
966,B23-SAV-905,53.32876712,4,11.15384615,1,46.15384615,4,5.153846154,2,0,1,2,1,2.375,1,36.0954386,4,166.14,4,1432.606,4,389.11,3,B23-SAV,San Diego Bay (Zuniga Jetty),0.7544,open,U,U,U,,Zostera pacifica,6.152,32.6731,-117.2227,bed,large_embayment,13,11/25/24,140,Merkel,cross-3parallel,,targeted
967,B23-SAV-905,53.32876712,4,11.15384615,1,46.15384615,4,5.153846154,2,0,1,2,1,2.375,1,36.0954386,4,166.14,4,1432.606,4,389.11,3,B23-SAV,San Diego Bay (Zuniga Jetty),0.7544,open,U,U,U,,Zostera pacifica,6.152,32.6731,-117.2227,bed,large_embayment,13,11/25/24,140,Merkel,cross-3parallel,,targeted
968,B23-SAV-905,53.32876712,4,11.15384615,1,46.15384615,4,5.153846154,2,0,1,2,1,2.375,1,36.0954386,4,166.14,4,1432.606,4,389.11,3,B23-SAV,San Diego Bay (Zuniga Jetty),0.7544,open,U,U,U,,Zostera pacifica,6.152,32.6731,-117.2227,bed,large_embayment,13,11/25/24,140,Merkel,cross-3parallel,,targeted
969,B23-SAV-905,53.32876712,4,11.15384615,1,46.15384615,4,5.153846154,2,0,1,2,1,2.375,1,36.0954386,4,166.14,4,1432.606,4,389.11,3,B23-SAV,San Diego Bay (Zuniga Jetty),0.7544,open,U,U,U,,Zostera pacifica,6.152,32.6731,-117.2227,bed,large_embayment,13,11/25/24,140,Merkel,cross-3parallel,,targeted
970,B23-SAV-905,53.32876712,4,11.15384615,1,46.15384615,4,5.153846154,2,0,1,2,1,2.375,1,36.0954386,4,166.14,4,1432.606,4,389.11,3,B23-SAV,San Diego Bay (Zuniga Jetty),0.7544,open,U,U,U,,Zostera pacifica,6.152,32.6731,-117.2227,bed,large_embayment,13,11/25/24,140,Merkel,cross-3parallel,,targeted
971,B23-SAV-905,53.32876712,4,11.15384615,1,46.15384615,4,5.153846154,2,0,1,2,1,2.375,1,36.0954386,4,166.14,4,1432.606,4,389.11,3,B23-SAV,San Diego Bay (Zuniga Jetty),0.7544,open,U,U,U,,Zostera pacifica,6.152,32.6731,-117.2227,bed,large_embayment,13,11/25/24,140,Merkel,cross-3parallel,,targeted
972,B23-SAV-905,53.32876712,4,11.15384615,1,46.15384615,4,5.153846154,2,0,1,2,1,2.375,1,36.0954386,4,166.14,4,1432.606,4,389.11,3,B23-SAV,San Diego Bay (Zuniga Jetty),0.7544,open,U,U,U,,Zostera pacifica,6.152,32.6731,-117.2227,bed,large_embayment,13,11/25/24,140,Merkel,cross-3parallel,,targeted
973,B23-SAV-905,53.32876712,4,11.15384615,1,46.15384615,4,5.153846154,2,0,1,2,1,2.375,1,36.0954386,4,166.14,4,1432.606,4,389.11,3,B23-SAV,San Diego Bay (Zuniga Jetty),0.7544,open,U,U,U,,Zostera pacifica,6.152,32.6731,-117.2227,bed,large_embayment,13,11/25/24,140,Merkel,cross-3parallel,,targeted
974,B23-SAV-905,53.32876712,4,11.15384615,1,46.15384615,4,5.153846154,2,0,1,2,1,2.375,1,36.0954386,4,166.14,4,1432.606,4,389.11,3,B23-SAV,San Diego Bay (Zuniga Jetty),0.7544,open,U,U,U,,Zostera pacifica,6.152,32.6731,-117.2227,bed,large_embayment,13,11/25/24,140,Merkel,cross-3parallel,,targeted
975,B23-SAV-905,53.32876712,4,11.15384615,1,46.15384615,4,5.153846154,2,0,1,2,1,2.375,1,36.0954386,4,166.14,4,1432.606,4,389.11,3,B23-SAV,San Diego Bay (Zuniga Jetty),0.7544,open,U,U,U,,Zostera pacifica,6.152,32.6731,-117.2227,bed,large_embayment,13,11/25/24,140,Merkel,cross-3parallel,,targeted
976,B23-SAV-905,53.32876712,4,11.15384615,1,46.15384615,4,5.153846154,2,0,1,2,1,2.375,1,36.0954386,4,166.14,4,1432.606,4,389.11,3,B23-SAV,San Diego Bay (Zuniga Jetty),0.7544,open,U,U,U,,Zostera pacifica,6.152,32.6731,-117.2227,bed,large_embayment,13,11/25/24,140,Merkel,cross-3parallel,,targeted
977,B23-SAV-905,53.32876712,4,11.15384615,1,46.15384615,4,5.153846154,2,0,1,2,1,2.375,1,36.0954386,4,166.14,4,1432.606,4,389.11,3,B23-SAV,San Diego Bay (Zuniga Jetty),0.7544,open,U,U,U,,Zostera pacifica,6.152,32.6731,-117.2227,bed,large_embayment,13,11/25/24,140,Merkel,cross-3parallel,,targeted
978,B23-SAV-905,53.32876712,4,11.15384615,1,46.15384615,4,5.153846154,2,0,1,2,1,2.375,1,36.0954386,4,166.14,4,1432.606,4,389.11,3,B23-SAV,San Diego Bay (Zuniga Jetty),0.7544,open,U,U,U,,Zostera pacifica,6.152,32.6731,-117.2227,bed,large_embayment,13,11/25/24,140,Merkel,cross-3parallel,,targeted
979,B23-SAV-906,76.54615385,4,48,3,29.66666667,3,3.333333333,2,0,1,5.5,3,2.363636364,1,30.75285714,4,243.5,4,2405.095,4,719.26,3,B23-SAV,Mission Bay,0.78,open,U,U,U,,Zostera pacifica,2.136,32.758,-117.2453,patch,large_embayment,3,11/25/24,3,Merkel,patch,NA,targeted
980,B23-SAV-906,76.54615385,4,48,3,29.66666667,3,3.333333333,2,0,1,5.5,3,2.363636364,1,30.75285714,4,243.5,4,2405.095,4,719.26,3,B23-SAV,Mission Bay,0.78,open,U,U,U,,Zostera pacifica,2.136,32.758,-117.2453,patch,large_embayment,3,11/25/24,3,Merkel,patch,NA,targeted
981,B23-SAV-906,76.54615385,4,48,3,29.66666667,3,3.333333333,2,0,1,5.5,3,2.363636364,1,30.75285714,4,243.5,4,2405.095,4,719.26,3,B23-SAV,Mission Bay,0.78,open,U,U,U,,Zostera pacifica,2.136,32.758,-117.2453,patch,large_embayment,3,11/25/24,3,Merkel,patch,NA,targeted
982,B23-SAV-906,76.54615385,4,48,3,29.66666667,3,3.333333333,2,0,1,5.5,3,2.363636364,1,30.75285714,4,243.5,4,2405.095,4,719.26,3,B23-SAV,Mission Bay,0.78,open,U,U,U,,Zostera pacifica,2.136,32.758,-117.2453,patch,large_embayment,3,11/25/24,3,Merkel,patch,NA,targeted
983,B23-SAV-906,76.54615385,4,48,3,29.66666667,3,3.333333333,2,0,1,5.5,3,2.363636364,1,30.75285714,4,243.5,4,2405.095,4,719.26,3,B23-SAV,Mission Bay,0.78,open,U,U,U,,Zostera pacifica,2.136,32.758,-117.2453,patch,large_embayment,3,11/25/24,3,Merkel,patch,NA,targeted
984,B23-SAV-906,76.54615385,4,48,3,29.66666667,3,3.333333333,2,0,1,5.5,3,2.363636364,1,30.75285714,4,243.5,4,2405.095,4,719.26,3,B23-SAV,Mission Bay,0.78,open,U,U,U,,Zostera pacifica,2.136,32.758,-117.2453,patch,large_embayment,3,11/25/24,3,Merkel,patch,NA,targeted
985,B23-SAV-906,76.54615385,4,48,3,29.66666667,3,3.333333333,2,0,1,5.5,3,2.363636364,1,30.75285714,4,243.5,4,2405.095,4,719.26,3,B23-SAV,Mission Bay,0.78,open,U,U,U,,Zostera pacifica,2.136,32.758,-117.2453,patch,large_embayment,3,11/25/24,3,Merkel,patch,NA,targeted
986,B23-SAV-906,76.54615385,4,48,3,29.66666667,3,3.333333333,2,0,1,5.5,3,2.363636364,1,30.75285714,4,243.5,4,2405.095,4,719.26,3,B23-SAV,Mission Bay,0.78,open,U,U,U,,Zostera pacifica,2.136,32.758,-117.2453,patch,large_embayment,3,11/25/24,3,Merkel,patch,NA,targeted
987,B23-SAV-906,76.54615385,4,48,3,29.66666667,3,3.333333333,2,0,1,5.5,3,2.363636364,1,30.75285714,4,243.5,4,2405.095,4,719.26,3,B23-SAV,Mission Bay,0.78,open,U,U,U,,Zostera pacifica,2.136,32.758,-117.2453,patch,large_embayment,3,11/25/24,3,Merkel,patch,NA,targeted
988,B23-SAV-906,76.54615385,4,48,3,29.66666667,3,3.333333333,2,0,1,5.5,3,2.363636364,1,30.75285714,4,243.5,4,2405.095,4,719.26,3,B23-SAV,Mission Bay,0.78,open,U,U,U,,Zostera pacifica,2.136,32.758,-117.2453,patch,large_embayment,3,11/25/24,3,Merkel,patch,NA,targeted
989,B23-SAV-906,76.54615385,4,48,3,29.66666667,3,3.333333333,2,0,1,5.5,3,2.363636364,1,30.75285714,4,243.5,4,2405.095,4,719.26,3,B23-SAV,Mission Bay,0.78,open,U,U,U,,Zostera pacifica,2.136,32.758,-117.2453,patch,large_embayment,3,11/25/24,3,Merkel,patch,NA,targeted
990,B23-SAV-906,76.54615385,4,48,3,29.66666667,3,3.333333333,2,0,1,5.5,3,2.363636364,1,30.75285714,4,243.5,4,2405.095,4,719.26,3,B23-SAV,Mission Bay,0.78,open,U,U,U,,Zostera pacifica,2.136,32.758,-117.2453,patch,large_embayment,3,11/25/24,3,Merkel,patch,NA,targeted
991,B23-SAV-906,76.54615385,4,48,3,29.66666667,3,3.333333333,2,0,1,5.5,3,2.363636364,1,30.75285714,4,243.5,4,2405.095,4,719.26,3,B23-SAV,Mission Bay,0.78,open,U,U,U,,Zostera pacifica,2.136,32.758,-117.2453,patch,large_embayment,3,11/25/24,3,Merkel,patch,NA,targeted
992,B23-SAV-906,76.54615385,4,48,3,29.66666667,3,3.333333333,2,0,1,5.5,3,2.363636364,1,30.75285714,4,243.5,4,2405.095,4,719.26,3,B23-SAV,Mission Bay,0.78,open,U,U,U,,Zostera pacifica,2.136,32.758,-117.2453,patch,large_embayment,3,11/25/24,3,Merkel,patch,NA,targeted
993,B23-SAV-906,76.54615385,4,48,3,29.66666667,3,3.333333333,2,0,1,5.5,3,2.363636364,1,30.75285714,4,243.5,4,2405.095,4,719.26,3,B23-SAV,Mission Bay,0.78,open,U,U,U,,Zostera pacifica,2.136,32.758,-117.2453,patch,large_embayment,3,11/25/24,3,Merkel,patch,NA,targeted
994,B23-SAV-906,76.54615385,4,48,3,29.66666667,3,3.333333333,2,0,1,5.5,3,2.363636364,1,30.75285714,4,243.5,4,2405.095,4,719.26,3,B23-SAV,Mission Bay,0.78,open,U,U,U,,Zostera pacifica,2.136,32.758,-117.2453,patch,large_embayment,3,11/25/24,3,Merkel,patch,NA,targeted
995,B23-SAV-906,76.54615385,4,48,3,29.66666667,3,3.333333333,2,0,1,5.5,3,2.363636364,1,30.75285714,4,243.5,4,2405.095,4,719.26,3,B23-SAV,Mission Bay,0.78,open,U,U,U,,Zostera pacifica,2.136,32.758,-117.2453,patch,large_embayment,3,11/25/24,3,Merkel,patch,NA,targeted
996,B23-SAV-906,76.54615385,4,48,3,29.66666667,3,3.333333333,2,0,1,5.5,3,2.363636364,1,30.75285714,4,243.5,4,2405.095,4,719.26,3,B23-SAV,Mission Bay,0.78,open,U,U,U,,Zostera pacifica,2.136,32.758,-117.2453,patch,large_embayment,3,11/25/24,3,Merkel,patch,NA,targeted
997,B23-SAV-906,76.54615385,4,48,3,29.66666667,3,3.333333333,2,0,1,5.5,3,2.363636364,1,30.75285714,4,243.5,4,2405.095,4,719.26,3,B23-SAV,Mission Bay,0.78,open,U,U,U,,Zostera pacifica,2.136,32.758,-117.2453,patch,large_embayment,3,11/25/24,3,Merkel,patch,NA,targeted
998,B23-SAV-906,76.54615385,4,48,3,29.66666667,3,3.333333333,2,0,1,5.5,3,2.363636364,1,30.75285714,4,243.5,4,2405.095,4,719.26,3,B23-SAV,Mission Bay,0.78,open,U,U,U,,Zostera pacifica,2.136,32.758,-117.2453,patch,large_embayment,3,11/25/24,3,Merkel,patch,NA,targeted
999,B23-SAV-906,76.54615385,4,48,3,29.66666667,3,3.333333333,2,0,1,5.5,3,2.363636364,1,30.75285714,4,243.5,4,2405.095,4,719.26,3,B23-SAV,Mission Bay,0.78,open,U,U,U,,Zostera pacifica,2.136,32.758,-117.2453,patch,large_embayment,3,11/25/24,3,Merkel,patch,NA,targeted
1000,B23-SAV-906,76.54615385,4,48,3,29.66666667,3,3.333333333,2,0,1,5.5,3,2.363636364,1,30.75285714,4,243.5,4,2405.095,4,719.26,3,B23-SAV,Mission Bay,0.78,open,U,U,U,,Zostera pacifica,2.136,32.758,-117.2453,patch,large_embayment,3,11/25/24,3,Merkel,patch,NA,targeted
1001,B23-SAV-906,76.54615385,4,48,3,29.66666667,3,3.333333333,2,0,1,5.5,3,2.363636364,1,30.75285714,4,243.5,4,2405.095,4,719.26,3,B23-SAV,Mission Bay,0.78,open,U,U,U,,Zostera pacifica,2.136,32.758,-117.2453,patch,large_embayment,3,11/25/24,3,Merkel,patch,NA,targeted
1002,B23-SAV-906,76.54615385,4,48,3,29.66666667,3,3.333333333,2,0,1,5.5,3,2.363636364,1,30.75285714,4,243.5,4,2405.095,4,719.26,3,B23-SAV,Mission Bay,0.78,open,U,U,U,,Zostera pacifica,2.136,32.758,-117.2453,patch,large_embayment,3,11/25/24,3,Merkel,patch,NA,targeted
1003,B23-SAV-906,76.54615385,4,48,3,29.66666667,3,3.333333333,2,0,1,5.5,3,2.363636364,1,30.75285714,4,243.5,4,2405.095,4,719.26,3,B23-SAV,Mission Bay,0.78,open,U,U,U,,Zostera pacifica,2.136,32.758,-117.2453,patch,large_embayment,3,11/25/24,3,Merkel,patch,NA,targeted
1004,B23-SAV-906,76.54615385,4,48,3,29.66666667,3,3.333333333,2,0,1,5.5,3,2.363636364,1,30.75285714,4,243.5,4,2405.095,4,719.26,3,B23-SAV,Mission Bay,0.78,open,U,U,U,,Zostera pacifica,2.136,32.758,-117.2453,patch,large_embayment,3,11/25/24,3,Merkel,patch,NA,targeted
1005,B23-SAV-906,76.54615385,4,48,3,29.66666667,3,3.333333333,2,0,1,5.5,3,2.363636364,1,30.75285714,4,243.5,4,2405.095,4,719.26,3,B23-SAV,Mission Bay,0.78,open,U,U,U,,Zostera pacifica,2.136,32.758,-117.2453,patch,large_embayment,3,11/25/24,3,Merkel,patch,NA,targeted
1006,B23-SAV-906,76.54615385,4,48,3,29.66666667,3,3.333333333,2,0,1,5.5,3,2.363636364,1,30.75285714,4,243.5,4,2405.095,4,719.26,3,B23-SAV,Mission Bay,0.78,open,U,U,U,,Zostera pacifica,2.136,32.758,-117.2453,patch,large_embayment,3,11/25/24,3,Merkel,patch,,targeted
1007,B23-SAV-906,76.54615385,4,48,3,29.66666667,3,3.333333333,2,0,1,5.5,3,2.363636364,1,30.75285714,4,243.5,4,2405.095,4,719.26,3,B23-SAV,Mission Bay,0.78,open,U,U,U,,Zostera pacifica,2.136,32.758,-117.2453,patch,large_embayment,3,11/25/24,3,Merkel,patch,,targeted
1008,B23-SAV-906,76.54615385,4,48,3,29.66666667,3,3.333333333,2,0,1,5.5,3,2.363636364,1,30.75285714,4,243.5,4,2405.095,4,719.26,3,B23-SAV,Mission Bay,0.78,open,U,U,U,,Zostera pacifica,2.136,32.758,-117.2453,patch,large_embayment,3,11/25/24,3,Merkel,patch,,targeted
1009,B23-SAV-906,76.54615385,4,48,3,29.66666667,3,3.333333333,2,0,1,5.5,3,2.363636364,1,30.75285714,4,243.5,4,2405.095,4,719.26,3,B23-SAV,Mission Bay,0.78,open,U,U,U,,Zostera pacifica,2.136,32.758,-117.2453,patch,large_embayment,3,11/25/24,3,Merkel,patch,,targeted
1010,B23-SAV-906,76.54615385,4,48,3,29.66666667,3,3.333333333,2,0,1,5.5,3,2.363636364,1,30.75285714,4,243.5,4,2405.095,4,719.26,3,B23-SAV,Mission Bay,0.78,open,U,U,U,,Zostera pacifica,2.136,32.758,-117.2453,patch,large_embayment,3,11/25/24,3,Merkel,patch,,targeted
1011,B23-SAV-906,76.54615385,4,48,3,29.66666667,3,3.333333333,2,0,1,5.5,3,2.363636364,1,30.75285714,4,243.5,4,2405.095,4,719.26,3,B23-SAV,Mission Bay,0.78,open,U,U,U,,Zostera pacifica,2.136,32.758,-117.2453,patch,large_embayment,3,11/25/24,3,Merkel,patch,,targeted
1012,B23-SAV-906,76.54615385,4,48,3,29.66666667,3,3.333333333,2,0,1,5.5,3,2.363636364,1,30.75285714,4,243.5,4,2405.095,4,719.26,3,B23-SAV,Mission Bay,0.78,open,U,U,U,,Zostera pacifica,2.136,32.758,-117.2453,patch,large_embayment,3,11/25/24,3,Merkel,patch,,targeted
1013,B23-SAV-906,76.54615385,4,48,3,29.66666667,3,3.333333333,2,0,1,5.5,3,2.363636364,1,30.75285714,4,243.5,4,2405.095,4,719.26,3,B23-SAV,Mission Bay,0.78,open,U,U,U,,Zostera pacifica,2.136,32.758,-117.2453,patch,large_embayment,3,11/25/24,3,Merkel,patch,,targeted
1014,B23-SAV-906,76.54615385,4,48,3,29.66666667,3,3.333333333,2,0,1,5.5,3,2.363636364,1,30.75285714,4,243.5,4,2405.095,4,719.26,3,B23-SAV,Mission Bay,0.78,open,U,U,U,,Zostera pacifica,2.136,32.758,-117.2453,patch,large_embayment,3,11/25/24,3,Merkel,patch,,targeted
1015,B23-SAV-906,76.54615385,4,48,3,29.66666667,3,3.333333333,2,0,1,5.5,3,2.363636364,1,30.75285714,4,243.5,4,2405.095,4,719.26,3,B23-SAV,Mission Bay,0.78,open,U,U,U,,Zostera pacifica,2.136,32.758,-117.2453,patch,large_embayment,3,11/25/24,3,Merkel,patch,,targeted
1016,B23-SAV-906,76.54615385,4,48,3,29.66666667,3,3.333333333,2,0,1,5.5,3,2.363636364,1,30.75285714,4,243.5,4,2405.095,4,719.26,3,B23-SAV,Mission Bay,0.78,open,U,U,U,,Zostera pacifica,2.136,32.758,-117.2453,patch,large_embayment,3,11/25/24,3,Merkel,patch,,targeted
1017,B23-SAV-906,76.54615385,4,48,3,29.66666667,3,3.333333333,2,0,1,5.5,3,2.363636364,1,30.75285714,4,243.5,4,2405.095,4,719.26,3,B23-SAV,Mission Bay,0.78,open,U,U,U,,Zostera pacifica,2.136,32.758,-117.2453,patch,large_embayment,3,11/25/24,3,Merkel,patch,,targeted
1018,B23-SAV-906,76.54615385,4,48,3,29.66666667,3,3.333333333,2,0,1,5.5,3,2.363636364,1,30.75285714,4,243.5,4,2405.095,4,719.26,3,B23-SAV,Mission Bay,0.78,open,U,U,U,,Zostera pacifica,2.136,32.758,-117.2453,patch,large_embayment,3,11/25/24,3,Merkel,patch,,targeted
1019,B23-SAV-906,76.54615385,4,48,3,29.66666667,3,3.333333333,2,0,1,5.5,3,2.363636364,1,30.75285714,4,243.5,4,2405.095,4,719.26,3,B23-SAV,Mission Bay,0.78,open,U,U,U,,Zostera pacifica,2.136,32.758,-117.2453,patch,large_embayment,3,11/25/24,3,Merkel,patch,,targeted
1020,B23-SAV-906,76.54615385,4,48,3,29.66666667,3,3.333333333,2,0,1,5.5,3,2.363636364,1,30.75285714,4,243.5,4,2405.095,4,719.26,3,B23-SAV,Mission Bay,0.78,open,U,U,U,,Zostera pacifica,2.136,32.758,-117.2453,patch,large_embayment,3,11/25/24,3,Merkel,patch,,targeted
1021,B23-SAV-906,76.54615385,4,48,3,29.66666667,3,3.333333333,2,0,1,5.5,3,2.363636364,1,30.75285714,4,243.5,4,2405.095,4,719.26,3,B23-SAV,Mission Bay,0.78,open,U,U,U,,Zostera pacifica,2.136,32.758,-117.2453,patch,large_embayment,3,11/25/24,3,Merkel,patch,,targeted
1022,B23-SAV-906,76.54615385,4,48,3,29.66666667,3,3.333333333,2,0,1,5.5,3,2.363636364,1,30.75285714,4,243.5,4,2405.095,4,719.26,3,B23-SAV,Mission Bay,0.78,open,U,U,U,,Zostera pacifica,2.136,32.758,-117.2453,patch,large_embayment,3,11/25/24,3,Merkel,patch,,targeted
1023,B23-SAV-906,76.54615385,4,48,3,29.66666667,3,3.333333333,2,0,1,5.5,3,2.363636364,1,30.75285714,4,243.5,4,2405.095,4,719.26,3,B23-SAV,Mission Bay,0.78,open,U,U,U,,Zostera pacifica,2.136,32.758,-117.2453,patch,large_embayment,3,11/25/24,3,Merkel,patch,,targeted
1024,B23-SAV-906,76.54615385,4,48,3,29.66666667,3,3.333333333,2,0,1,5.5,3,2.363636364,1,30.75285714,4,243.5,4,2405.095,4,719.26,3,B23-SAV,Mission Bay,0.78,open,U,U,U,,Zostera pacifica,2.136,32.758,-117.2453,patch,large_embayment,3,11/25/24,3,Merkel,patch,,targeted
1025,B23-SAV-906,76.54615385,4,48,3,29.66666667,3,3.333333333,2,0,1,5.5,3,2.363636364,1,30.75285714,4,243.5,4,2405.095,4,719.26,3,B23-SAV,Mission Bay,0.78,open,U,U,U,,Zostera pacifica,2.136,32.758,-117.2453,patch,large_embayment,3,11/25/24,3,Merkel,patch,,targeted
1026,B23-SAV-906,76.54615385,4,48,3,29.66666667,3,3.333333333,2,0,1,5.5,3,2.363636364,1,30.75285714,4,243.5,4,2405.095,4,719.26,3,B23-SAV,Mission Bay,0.78,open,U,U,U,,Zostera pacifica,2.136,32.758,-117.2453,patch,large_embayment,3,11/25/24,3,Merkel,patch,,targeted
1027,B23-SAV-906,76.54615385,4,48,3,29.66666667,3,3.333333333,2,0,1,5.5,3,2.363636364,1,30.75285714,4,243.5,4,2405.095,4,719.26,3,B23-SAV,Mission Bay,0.78,open,U,U,U,,Zostera pacifica,2.136,32.758,-117.2453,patch,large_embayment,3,11/25/24,3,Merkel,patch,,targeted
1028,B23-SAV-906,76.54615385,4,48,3,29.66666667,3,3.333333333,2,0,1,5.5,3,2.363636364,1,30.75285714,4,243.5,4,2405.095,4,719.26,3,B23-SAV,Mission Bay,0.78,open,U,U,U,,Zostera pacifica,2.136,32.758,-117.2453,patch,large_embayment,3,11/25/24,3,Merkel,patch,,targeted
1029,B23-SAV-906,76.54615385,4,48,3,29.66666667,3,3.333333333,2,0,1,5.5,3,2.363636364,1,30.75285714,4,243.5,4,2405.095,4,719.26,3,B23-SAV,Mission Bay,0.78,open,U,U,U,,Zostera pacifica,2.136,32.758,-117.2453,patch,large_embayment,3,11/25/24,3,Merkel,patch,,targeted
1030,B23-SAV-906,76.54615385,4,48,3,29.66666667,3,3.333333333,2,0,1,5.5,3,2.363636364,1,30.75285714,4,243.5,4,2405.095,4,719.26,3,B23-SAV,Mission Bay,0.78,open,U,U,U,,Zostera pacifica,2.136,32.758,-117.2453,patch,large_embayment,3,11/25/24,3,Merkel,patch,,targeted
1031,B23-SAV-906,76.54615385,4,48,3,29.66666667,3,3.333333333,2,0,1,5.5,3,2.363636364,1,30.75285714,4,243.5,4,2405.095,4,719.26,3,B23-SAV,Mission Bay,0.78,open,U,U,U,,Zostera pacifica,2.136,32.758,-117.2453,patch,large_embayment,3,11/25/24,3,Merkel,patch,,targeted
1032,B23-SAV-906,76.54615385,4,48,3,29.66666667,3,3.333333333,2,0,1,5.5,3,2.363636364,1,30.75285714,4,243.5,4,2405.095,4,719.26,3,B23-SAV,Mission Bay,0.78,open,U,U,U,,Zostera pacifica,2.136,32.758,-117.2453,patch,large_embayment,3,11/25/24,3,Merkel,patch,,targeted
1033,B23-SAV-906,76.54615385,4,48,3,29.66666667,3,3.333333333,2,0,1,5.5,3,2.363636364,1,30.75285714,4,243.5,4,2405.095,4,719.26,3,B23-SAV,Mission Bay,0.78,open,U,U,U,,Zostera pacifica,2.136,32.758,-117.2453,patch,large_embayment,3,11/25/24,3,Merkel,patch,,targeted
1034,B23-SAV-906,76.54615385,4,48,3,29.66666667,3,3.333333333,2,0,1,5.5,3,2.363636364,1,30.75285714,4,243.5,4,2405.095,4,719.26,3,B23-SAV,Mission Bay,0.78,open,U,U,U,,Zostera pacifica,2.136,32.758,-117.2453,patch,large_embayment,3,11/25/24,3,Merkel,patch,,targeted
1035,B23-SAV-906,76.54615385,4,48,3,29.66666667,3,3.333333333,2,0,1,5.5,3,2.363636364,1,30.75285714,4,243.5,4,2405.095,4,719.26,3,B23-SAV,Mission Bay,0.78,open,U,U,U,,Zostera pacifica,2.136,32.758,-117.2453,patch,large_embayment,3,11/25/24,3,Merkel,patch,,targeted
1036,B23-SAV-906,76.54615385,4,48,3,29.66666667,3,3.333333333,2,0,1,5.5,3,2.363636364,1,30.75285714,4,243.5,4,2405.095,4,719.26,3,B23-SAV,Mission Bay,0.78,open,U,U,U,,Zostera pacifica,2.136,32.758,-117.2453,patch,large_embayment,3,11/25/24,3,Merkel,patch,,targeted
1037,B23-SAV-906,76.54615385,4,48,3,29.66666667,3,3.333333333,2,0,1,5.5,3,2.363636364,1,30.75285714,4,243.5,4,2405.095,4,719.26,3,B23-SAV,Mission Bay,0.78,open,U,U,U,,Zostera pacifica,2.136,32.758,-117.2453,patch,large_embayment,3,11/25/24,3,Merkel,patch,,targeted
1038,B23-SAV-906,76.54615385,4,48,3,29.66666667,3,3.333333333,2,0,1,5.5,3,2.363636364,1,30.75285714,4,243.5,4,2405.095,4,719.26,3,B23-SAV,Mission Bay,0.78,open,U,U,U,,Zostera pacifica,2.136,32.758,-117.2453,patch,large_embayment,3,11/25/24,3,Merkel,patch,,targeted
1039,B23-SAV-906,76.54615385,4,48,3,29.66666667,3,3.333333333,2,0,1,5.5,3,2.363636364,1,30.75285714,4,243.5,4,2405.095,4,719.26,3,B23-SAV,Mission Bay,0.78,open,U,U,U,,Zostera pacifica,2.136,32.758,-117.2453,patch,large_embayment,3,11/25/24,3,Merkel,patch,,targeted
1040,B23-SAV-906,76.54615385,4,48,3,29.66666667,3,3.333333333,2,0,1,5.5,3,2.363636364,1,30.75285714,4,243.5,4,2405.095,4,719.26,3,B23-SAV,Mission Bay,0.78,open,U,U,U,,Zostera pacifica,2.136,32.758,-117.2453,patch,large_embayment,3,11/25/24,3,Merkel,patch,,targeted
1041,B23-SAV-906,76.54615385,4,48,3,29.66666667,3,3.333333333,2,0,1,5.5,3,2.363636364,1,30.75285714,4,243.5,4,2405.095,4,719.26,3,B23-SAV,Mission Bay,0.78,open,U,U,U,,Zostera pacifica,2.136,32.758,-117.2453,patch,large_embayment,3,11/25/24,3,Merkel,patch,,targeted
1042,B23-SAV-906,76.54615385,4,48,3,29.66666667,3,3.333333333,2,0,1,5.5,3,2.363636364,1,30.75285714,4,243.5,4,2405.095,4,719.26,3,B23-SAV,Mission Bay,0.78,open,U,U,U,,Zostera pacifica,2.136,32.758,-117.2453,patch,large_embayment,3,11/25/24,3,Merkel,patch,,targeted
1043,B23-SAV-906,76.54615385,4,48,3,29.66666667,3,3.333333333,2,0,1,5.5,3,2.363636364,1,30.75285714,4,243.5,4,2405.095,4,719.26,3,B23-SAV,Mission Bay,0.78,open,U,U,U,,Zostera pacifica,2.136,32.758,-117.2453,patch,large_embayment,3,11/25/24,3,Merkel,patch,,targeted
1044,B23-SAV-906,76.54615385,4,48,3,29.66666667,3,3.333333333,2,0,1,5.5,3,2.363636364,1,30.75285714,4,243.5,4,2405.095,4,719.26,3,B23-SAV,Mission Bay,0.78,open,U,U,U,,Zostera pacifica,2.136,32.758,-117.2453,patch,large_embayment,3,11/25/24,3,Merkel,patch,,targeted
1045,B23-SAV-906,76.54615385,4,48,3,29.66666667,3,3.333333333,2,0,1,5.5,3,2.363636364,1,30.75285714,4,243.5,4,2405.095,4,719.26,3,B23-SAV,Mission Bay,0.78,open,U,U,U,,Zostera pacifica,2.136,32.758,-117.2453,patch,large_embayment,3,11/25/24,3,Merkel,patch,,targeted
1046,B23-SAV-906,76.54615385,4,48,3,29.66666667,3,3.333333333,2,0,1,5.5,3,2.363636364,1,30.75285714,4,243.5,4,2405.095,4,719.26,3,B23-SAV,Mission Bay,0.78,open,U,U,U,,Zostera pacifica,2.136,32.758,-117.2453,patch,large_embayment,3,11/25/24,3,Merkel,patch,,targeted
1047,B23-SAV-906,76.54615385,4,48,3,29.66666667,3,3.333333333,2,0,1,5.5,3,2.363636364,1,30.75285714,4,243.5,4,2405.095,4,719.26,3,B23-SAV,Mission Bay,0.78,open,U,U,U,,Zostera pacifica,2.136,32.758,-117.2453,patch,large_embayment,3,11/25/24,3,Merkel,patch,,targeted
1048,B23-SAV-906,76.54615385,4,48,3,29.66666667,3,3.333333333,2,0,1,5.5,3,2.363636364,1,30.75285714,4,243.5,4,2405.095,4,719.26,3,B23-SAV,Mission Bay,0.78,open,U,U,U,,Zostera pacifica,2.136,32.758,-117.2453,patch,large_embayment,3,11/25/24,3,Merkel,patch,,targeted
1049,B23-SAV-906,76.54615385,4,48,3,29.66666667,3,3.333333333,2,0,1,5.5,3,2.363636364,1,30.75285714,4,243.5,4,2405.095,4,719.26,3,B23-SAV,Mission Bay,0.78,open,U,U,U,,Zostera pacifica,2.136,32.758,-117.2453,patch,large_embayment,3,11/25/24,3,Merkel,patch,,targeted
1050,B23-SAV-906,76.54615385,4,48,3,29.66666667,3,3.333333333,2,0,1,5.5,3,2.363636364,1,30.75285714,4,243.5,4,2405.095,4,719.26,3,B23-SAV,Mission Bay,0.78,open,U,U,U,,Zostera pacifica,2.136,32.758,-117.2453,patch,large_embayment,3,11/25/24,3,Merkel,patch,,targeted
1051,B23-SAV-906,76.54615385,4,48,3,29.66666667,3,3.333333333,2,0,1,5.5,3,2.363636364,1,30.75285714,4,243.5,4,2405.095,4,719.26,3,B23-SAV,Mission Bay,0.78,open,U,U,U,,Zostera pacifica,2.136,32.758,-117.2453,patch,large_embayment,3,11/25/24,3,Merkel,patch,,targeted
1052,B23-SAV-906,76.54615385,4,48,3,29.66666667,3,3.333333333,2,0,1,5.5,3,2.363636364,1,30.75285714,4,243.5,4,2405.095,4,719.26,3,B23-SAV,Mission Bay,0.78,open,U,U,U,,Zostera pacifica,2.136,32.758,-117.2453,patch,large_embayment,3,11/25/24,3,Merkel,patch,,targeted
1053,B23-SAV-906,76.54615385,4,48,3,29.66666667,3,3.333333333,2,0,1,5.5,3,2.363636364,1,30.75285714,4,243.5,4,2405.095,4,719.26,3,B23-SAV,Mission Bay,0.78,open,U,U,U,,Zostera pacifica,2.136,32.758,-117.2453,patch,large_embayment,3,11/25/24,3,Merkel,patch,,targeted
1054,B23-SAV-906,76.54615385,4,48,3,29.66666667,3,3.333333333,2,0,1,5.5,3,2.363636364,1,30.75285714,4,243.5,4,2405.095,4,719.26,3,B23-SAV,Mission Bay,0.78,open,U,U,U,,Zostera pacifica,2.136,32.758,-117.2453,patch,large_embayment,3,11/25/24,3,Merkel,patch,,targeted
1055,B23-SAV-906,76.54615385,4,48,3,29.66666667,3,3.333333333,2,0,1,5.5,3,2.363636364,1,30.75285714,4,243.5,4,2405.095,4,719.26,3,B23-SAV,Mission Bay,0.78,open,U,U,U,,Zostera pacifica,2.136,32.758,-117.2453,patch,large_embayment,3,11/25/24,3,Merkel,patch,,targeted
1056,B23-SAV-906,76.54615385,4,48,3,29.66666667,3,3.333333333,2,0,1,5.5,3,2.363636364,1,30.75285714,4,243.5,4,2405.095,4,719.26,3,B23-SAV,Mission Bay,0.78,open,U,U,U,,Zostera pacifica,2.136,32.758,-117.2453,patch,large_embayment,3,11/25/24,3,Merkel,patch,,targeted
1057,B23-SAV-906,76.54615385,4,48,3,29.66666667,3,3.333333333,2,0,1,5.5,3,2.363636364,1,30.75285714,4,243.5,4,2405.095,4,719.26,3,B23-SAV,Mission Bay,0.78,open,U,U,U,,Zostera pacifica,2.136,32.758,-117.2453,patch,large_embayment,3,11/25/24,3,Merkel,patch,,targeted
1058,B23-SAV-906,76.54615385,4,48,3,29.66666667,3,3.333333333,2,0,1,5.5,3,2.363636364,1,30.75285714,4,243.5,4,2405.095,4,719.26,3,B23-SAV,Mission Bay,0.78,open,U,U,U,,Zostera pacifica,2.136,32.758,-117.2453,patch,large_embayment,3,11/25/24,3,Merkel,patch,,targeted
1059,B23-SAV-906,76.54615385,4,48,3,29.66666667,3,3.333333333,2,0,1,5.5,3,2.363636364,1,30.75285714,4,243.5,4,2405.095,4,719.26,3,B23-SAV,Mission Bay,0.78,open,U,U,U,,Zostera pacifica,2.136,32.758,-117.2453,patch,large_embayment,3,11/25/24,3,Merkel,patch,,targeted
1060,B23-SAV-906,76.54615385,4,48,3,29.66666667,3,3.333333333,2,0,1,5.5,3,2.363636364,1,30.75285714,4,243.5,4,2405.095,4,719.26,3,B23-SAV,Mission Bay,0.78,open,U,U,U,,Zostera pacifica,2.136,32.758,-117.2453,patch,large_embayment,3,11/25/24,3,Merkel,patch,,targeted
1061,B23-SAV-906,76.54615385,4,48,3,29.66666667,3,3.333333333,2,0,1,5.5,3,2.363636364,1,30.75285714,4,243.5,4,2405.095,4,719.26,3,B23-SAV,Mission Bay,0.78,open,U,U,U,,Zostera pacifica,2.136,32.758,-117.2453,patch,large_embayment,3,11/25/24,3,Merkel,patch,,targeted
1062,B23-SAV-906,76.54615385,4,48,3,29.66666667,3,3.333333333,2,0,1,5.5,3,2.363636364,1,30.75285714,4,243.5,4,2405.095,4,719.26,3,B23-SAV,Mission Bay,0.78,open,U,U,U,,Zostera pacifica,2.136,32.758,-117.2453,patch,large_embayment,3,11/25/24,3,Merkel,patch,,targeted
1063,B23-SAV-906,76.54615385,4,48,3,29.66666667,3,3.333333333,2,0,1,5.5,3,2.363636364,1,30.75285714,4,243.5,4,2405.095,4,719.26,3,B23-SAV,Mission Bay,0.78,open,U,U,U,,Zostera pacifica,2.136,32.758,-117.2453,patch,large_embayment,3,11/25/24,3,Merkel,patch,,targeted
1064,B23-SAV-906,76.54615385,4,48,3,29.66666667,3,3.333333333,2,0,1,5.5,3,2.363636364,1,30.75285714,4,243.5,4,2405.095,4,719.26,3,B23-SAV,Mission Bay,0.78,open,U,U,U,,Zostera pacifica,2.136,32.758,-117.2453,patch,large_embayment,3,11/25/24,3,Merkel,patch,,targeted
1065,B23-SAV-906,76.54615385,4,48,3,29.66666667,3,3.333333333,2,0,1,5.5,3,2.363636364,1,30.75285714,4,243.5,4,2405.095,4,719.26,3,B23-SAV,Mission Bay,0.78,open,U,U,U,,Zostera pacifica,2.136,32.758,-117.2453,patch,large_embayment,3,11/25/24,3,Merkel,patch,,targeted
1066,B23-SAV-906,76.54615385,4,48,3,29.66666667,3,3.333333333,2,0,1,5.5,3,2.363636364,1,30.75285714,4,243.5,4,2405.095,4,719.26,3,B23-SAV,Mission Bay,0.78,open,U,U,U,,Zostera pacifica,2.136,32.758,-117.2453,patch,large_embayment,3,11/25/24,3,Merkel,patch,,targeted
1067,B23-SAV-906,76.54615385,4,48,3,29.66666667,3,3.333333333,2,0,1,5.5,3,2.363636364,1,30.75285714,4,243.5,4,2405.095,4,719.26,3,B23-SAV,Mission Bay,0.78,open,U,U,U,,Zostera pacifica,2.136,32.758,-117.2453,patch,large_embayment,3,11/25/24,3,Merkel,patch,,targeted
1068,B23-SAV-906,76.54615385,4,48,3,29.66666667,3,3.333333333,2,0,1,5.5,3,2.363636364,1,30.75285714,4,243.5,4,2405.095,4,719.26,3,B23-SAV,Mission Bay,0.78,open,U,U,U,,Zostera pacifica,2.136,32.758,-117.2453,patch,large_embayment,3,11/25/24,3,Merkel,patch,,targeted
1069,B23-SAV-906,76.54615385,4,48,3,29.66666667,3,3.333333333,2,0,1,5.5,3,2.363636364,1,30.75285714,4,243.5,4,2405.095,4,719.26,3,B23-SAV,Mission Bay,0.78,open,U,U,U,,Zostera pacifica,2.136,32.758,-117.2453,patch,large_embayment,3,11/25/24,3,Merkel,patch,,targeted
1070,B23-SAV-906,76.54615385,4,48,3,29.66666667,3,3.333333333,2,0,1,5.5,3,2.363636364,1,30.75285714,4,243.5,4,2405.095,4,719.26,3,B23-SAV,Mission Bay,0.78,open,U,U,U,,Zostera pacifica,2.136,32.758,-117.2453,patch,large_embayment,3,11/25/24,3,Merkel,patch,,targeted
1071,B23-SAV-906,76.54615385,4,48,3,29.66666667,3,3.333333333,2,0,1,5.5,3,2.363636364,1,30.75285714,4,243.5,4,2405.095,4,719.26,3,B23-SAV,Mission Bay,0.78,open,U,U,U,,Zostera pacifica,2.136,32.758,-117.2453,patch,large_embayment,3,11/25/24,3,Merkel,patch,,targeted
1072,B23-SAV-906,76.54615385,4,48,3,29.66666667,3,3.333333333,2,0,1,5.5,3,2.363636364,1,30.75285714,4,243.5,4,2405.095,4,719.26,3,B23-SAV,Mission Bay,0.78,open,U,U,U,,Zostera pacifica,2.136,32.758,-117.2453,patch,large_embayment,3,11/25/24,3,Merkel,patch,,targeted
1073,B23-SAV-906,76.54615385,4,48,3,29.66666667,3,3.333333333,2,0,1,5.5,3,2.363636364,1,30.75285714,4,243.5,4,2405.095,4,719.26,3,B23-SAV,Mission Bay,0.78,open,U,U,U,,Zostera pacifica,2.136,32.758,-117.2453,patch,large_embayment,3,11/25/24,3,Merkel,patch,,targeted
1074,B23-SAV-906,76.54615385,4,48,3,29.66666667,3,3.333333333,2,0,1,5.5,3,2.363636364,1,30.75285714,4,243.5,4,2405.095,4,719.26,3,B23-SAV,Mission Bay,0.78,open,U,U,U,,Zostera pacifica,2.136,32.758,-117.2453,patch,large_embayment,3,11/25/24,3,Merkel,patch,,targeted
1075,B23-SAV-906,76.54615385,4,48,3,29.66666667,3,3.333333333,2,0,1,5.5,3,2.363636364,1,30.75285714,4,243.5,4,2405.095,4,719.26,3,B23-SAV,Mission Bay,0.78,open,U,U,U,,Zostera pacifica,2.136,32.758,-117.2453,patch,large_embayment,3,11/25/24,3,Merkel,patch,,targeted
1076,B23-SAV-906,76.54615385,4,48,3,29.66666667,3,3.333333333,2,0,1,5.5,3,2.363636364,1,30.75285714,4,243.5,4,2405.095,4,719.26,3,B23-SAV,Mission Bay,0.78,open,U,U,U,,Zostera pacifica,2.136,32.758,-117.2453,patch,large_embayment,3,11/25/24,3,Merkel,patch,,targeted
1077,B23-SAV-906,76.54615385,4,48,3,29.66666667,3,3.333333333,2,0,1,5.5,3,2.363636364,1,30.75285714,4,243.5,4,2405.095,4,719.26,3,B23-SAV,Mission Bay,0.78,open,U,U,U,,Zostera pacifica,2.136,32.758,-117.2453,patch,large_embayment,3,11/25/24,3,Merkel,patch,,targeted
1078,B23-SAV-906,76.54615385,4,48,3,29.66666667,3,3.333333333,2,0,1,5.5,3,2.363636364,1,30.75285714,4,243.5,4,2405.095,4,719.26,3,B23-SAV,Mission Bay,0.78,open,U,U,U,,Zostera pacifica,2.136,32.758,-117.2453,patch,large_embayment,3,11/25/24,3,Merkel,patch,,targeted
1079,B23-SAV-906,76.54615385,4,48,3,29.66666667,3,3.333333333,2,0,1,5.5,3,2.363636364,1,30.75285714,4,243.5,4,2405.095,4,719.26,3,B23-SAV,Mission Bay,0.78,open,U,U,U,,Zostera pacifica,2.136,32.758,-117.2453,patch,large_embayment,3,11/25/24,3,Merkel,patch,,targeted
1080,B23-SAV-906,76.54615385,4,48,3,29.66666667,3,3.333333333,2,0,1,5.5,3,2.363636364,1,30.75285714,4,243.5,4,2405.095,4,719.26,3,B23-SAV,Mission Bay,0.78,open,U,U,U,,Zostera pacifica,2.136,32.758,-117.2453,patch,large_embayment,3,11/25/24,3,Merkel,patch,,targeted
1081,B23-SAV-906,76.54615385,4,48,3,29.66666667,3,3.333333333,2,0,1,5.5,3,2.363636364,1,30.75285714,4,243.5,4,2405.095,4,719.26,3,B23-SAV,Mission Bay,0.78,open,U,U,U,,Zostera pacifica,2.136,32.758,-117.2453,patch,large_embayment,3,11/25/24,3,Merkel,patch,,targeted
1082,B23-SAV-906,76.54615385,4,48,3,29.66666667,3,3.333333333,2,0,1,5.5,3,2.363636364,1,30.75285714,4,243.5,4,2405.095,4,719.26,3,B23-SAV,Mission Bay,0.78,open,U,U,U,,Zostera pacifica,2.136,32.758,-117.2453,patch,large_embayment,3,11/25/24,3,Merkel,patch,,targeted
1083,B23-SAV-906,76.54615385,4,48,3,29.66666667,3,3.333333333,2,0,1,5.5,3,2.363636364,1,30.75285714,4,243.5,4,2405.095,4,719.26,3,B23-SAV,Mission Bay,0.78,open,U,U,U,,Zostera pacifica,2.136,32.758,-117.2453,patch,large_embayment,3,11/25/24,3,Merkel,patch,,targeted
1084,B23-SAV-906,76.54615385,4,48,3,29.66666667,3,3.333333333,2,0,1,5.5,3,2.363636364,1,30.75285714,4,243.5,4,2405.095,4,719.26,3,B23-SAV,Mission Bay,0.78,open,U,U,U,,Zostera pacifica,2.136,32.758,-117.2453,patch,large_embayment,3,11/25/24,3,Merkel,patch,,targeted
1085,B23-SAV-906,76.54615385,4,48,3,29.66666667,3,3.333333333,2,0,1,5.5,3,2.363636364,1,30.75285714,4,243.5,4,2405.095,4,719.26,3,B23-SAV,Mission Bay,0.78,open,U,U,U,,Zostera pacifica,2.136,32.758,-117.2453,patch,large_embayment,3,11/25/24,3,Merkel,patch,,targeted
1086,B23-SAV-906,76.54615385,4,48,3,29.66666667,3,3.333333333,2,0,1,5.5,3,2.363636364,1,30.75285714,4,243.5,4,2405.095,4,719.26,3,B23-SAV,Mission Bay,0.78,open,U,U,U,,Zostera pacifica,2.136,32.758,-117.2453,patch,large_embayment,3,11/25/24,3,Merkel,patch,,targeted
1087,B23-SAV-906,76.54615385,4,48,3,29.66666667,3,3.333333333,2,0,1,5.5,3,2.363636364,1,30.75285714,4,243.5,4,2405.095,4,719.26,3,B23-SAV,Mission Bay,0.78,open,U,U,U,,Zostera pacifica,2.136,32.758,-117.2453,patch,large_embayment,3,11/25/24,3,Merkel,patch,,targeted
1088,B23-SAV-906,76.54615385,4,48,3,29.66666667,3,3.333333333,2,0,1,5.5,3,2.363636364,1,30.75285714,4,243.5,4,2405.095,4,719.26,3,B23-SAV,Mission Bay,0.78,open,U,U,U,,Zostera pacifica,2.136,32.758,-117.2453,patch,large_embayment,3,11/25/24,3,Merkel,patch,,targeted
1089,B23-SAV-906,76.54615385,4,48,3,29.66666667,3,3.333333333,2,0,1,5.5,3,2.363636364,1,30.75285714,4,243.5,4,2405.095,4,719.26,3,B23-SAV,Mission Bay,0.78,open,U,U,U,,Zostera pacifica,2.136,32.758,-117.2453,patch,large_embayment,3,11/25/24,3,Merkel,patch,,targeted
1090,B23-SAV-906,76.54615385,4,48,3,29.66666667,3,3.333333333,2,0,1,5.5,3,2.363636364,1,30.75285714,4,243.5,4,2405.095,4,719.26,3,B23-SAV,Mission Bay,0.78,open,U,U,U,,Zostera pacifica,2.136,32.758,-117.2453,patch,large_embayment,3,11/25/24,3,Merkel,patch,,targeted
1091,B23-SAV-906,76.54615385,4,48,3,29.66666667,3,3.333333333,2,0,1,5.5,3,2.363636364,1,30.75285714,4,243.5,4,2405.095,4,719.26,3,B23-SAV,Mission Bay,0.78,open,U,U,U,,Zostera pacifica,2.136,32.758,-117.2453,patch,large_embayment,3,11/25/24,3,Merkel,patch,,targeted
1092,B23-SAV-906,76.54615385,4,48,3,29.66666667,3,3.333333333,2,0,1,5.5,3,2.363636364,1,30.75285714,4,243.5,4,2405.095,4,719.26,3,B23-SAV,Mission Bay,0.78,open,U,U,U,,Zostera pacifica,2.136,32.758,-117.2453,patch,large_embayment,3,11/25/24,3,Merkel,patch,,targeted
1093,B23-SAV-906,76.54615385,4,48,3,29.66666667,3,3.333333333,2,0,1,5.5,3,2.363636364,1,30.75285714,4,243.5,4,2405.095,4,719.26,3,B23-SAV,Mission Bay,0.78,open,U,U,U,,Zostera pacifica,2.136,32.758,-117.2453,patch,large_embayment,3,11/25/24,3,Merkel,patch,,targeted
1094,B23-SAV-906,76.54615385,4,48,3,29.66666667,3,3.333333333,2,0,1,5.5,3,2.363636364,1,30.75285714,4,243.5,4,2405.095,4,719.26,3,B23-SAV,Mission Bay,0.78,open,U,U,U,,Zostera pacifica,2.136,32.758,-117.2453,patch,large_embayment,3,11/25/24,3,Merkel,patch,,targeted
1095,B23-SAV-906,76.54615385,4,48,3,29.66666667,3,3.333333333,2,0,1,5.5,3,2.363636364,1,30.75285714,4,243.5,4,2405.095,4,719.26,3,B23-SAV,Mission Bay,0.78,open,U,U,U,,Zostera pacifica,2.136,32.758,-117.2453,patch,large_embayment,3,11/25/24,3,Merkel,patch,,targeted
1096,B23-SAV-906,76.54615385,4,48,3,29.66666667,3,3.333333333,2,0,1,5.5,3,2.363636364,1,30.75285714,4,243.5,4,2405.095,4,719.26,3,B23-SAV,Mission Bay,0.78,open,U,U,U,,Zostera pacifica,2.136,32.758,-117.2453,patch,large_embayment,3,11/25/24,3,Merkel,patch,,targeted
1097,B23-SAV-906,76.54615385,4,48,3,29.66666667,3,3.333333333,2,0,1,5.5,3,2.363636364,1,30.75285714,4,243.5,4,2405.095,4,719.26,3,B23-SAV,Mission Bay,0.78,open,U,U,U,,Zostera pacifica,2.136,32.758,-117.2453,patch,large_embayment,3,11/25/24,3,Merkel,patch,,targeted
1098,B23-SAV-906,76.54615385,4,48,3,29.66666667,3,3.333333333,2,0,1,5.5,3,2.363636364,1,30.75285714,4,243.5,4,2405.095,4,719.26,3,B23-SAV,Mission Bay,0.78,open,U,U,U,,Zostera pacifica,2.136,32.758,-117.2453,patch,large_embayment,3,11/25/24,3,Merkel,patch,,targeted
1099,B23-SAV-906,76.54615385,4,48,3,29.66666667,3,3.333333333,2,0,1,5.5,3,2.363636364,1,30.75285714,4,243.5,4,2405.095,4,719.26,3,B23-SAV,Mission Bay,0.78,open,U,U,U,,Zostera pacifica,2.136,32.758,-117.2453,patch,large_embayment,3,11/25/24,3,Merkel,patch,,targeted
1100,B23-SAV-906,76.54615385,4,48,3,29.66666667,3,3.333333333,2,0,1,5.5,3,2.363636364,1,30.75285714,4,243.5,4,2405.095,4,719.26,3,B23-SAV,Mission Bay,0.78,open,U,U,U,,Zostera pacifica,2.136,32.758,-117.2453,patch,large_embayment,3,11/25/24,3,Merkel,patch,,targeted
1101,B23-SAV-906,76.54615385,4,48,3,29.66666667,3,3.333333333,2,0,1,5.5,3,2.363636364,1,30.75285714,4,243.5,4,2405.095,4,719.26,3,B23-SAV,Mission Bay,0.78,open,U,U,U,,Zostera pacifica,2.136,32.758,-117.2453,patch,large_embayment,3,11/25/24,3,Merkel,patch,,targeted
1102,B23-SAV-906,76.54615385,4,48,3,29.66666667,3,3.333333333,2,0,1,5.5,3,2.363636364,1,30.75285714,4,243.5,4,2405.095,4,719.26,3,B23-SAV,Mission Bay,0.78,open,U,U,U,,Zostera pacifica,2.136,32.758,-117.2453,patch,large_embayment,3,11/25/24,3,Merkel,patch,,targeted
1103,B23-SAV-906,76.54615385,4,48,3,29.66666667,3,3.333333333,2,0,1,5.5,3,2.363636364,1,30.75285714,4,243.5,4,2405.095,4,719.26,3,B23-SAV,Mission Bay,0.78,open,U,U,U,,Zostera pacifica,2.136,32.758,-117.2453,patch,large_embayment,3,11/25/24,3,Merkel,patch,,targeted
1104,B23-SAV-907,16.2,1,NA,NA,NA,NA,NA,NA,NA,NA,2,1,2,1,3.14,1,41.6,3,0.26,1,50.16,1,B23-SAV,San Elijo Lagoon,2.4418,open,U,No Take,State Marine Conservation Area,,Zostera marina,1.414,33.0129,-117.2747,patch,estuary,1,12/4/24,1,Merkel,patch,,targeted
1105,B23-SAV-907,16.2,1,NA,NA,NA,NA,NA,NA,NA,NA,2,1,2,1,3.14,1,41.6,3,0.26,1,50.16,1,B23-SAV,San Elijo Lagoon,2.4418,open,U,No Take,State Marine Conservation Area,,Zostera marina,1.414,33.0129,-117.2747,patch,estuary,1,12/4/24,1,Merkel,patch,,targeted
1106,B23-SAV-907,16.2,1,NA,NA,NA,NA,NA,NA,NA,NA,2,1,2,1,3.14,1,41.6,3,0.26,1,50.16,1,B23-SAV,San Elijo Lagoon,2.4418,open,U,No Take,State Marine Conservation Area,,Zostera marina,1.414,33.0129,-117.2747,patch,estuary,1,12/4/24,1,Merkel,patch,,targeted
1107,B23-SAV-907,16.2,1,NA,NA,NA,NA,NA,NA,NA,NA,2,1,2,1,3.14,1,41.6,3,0.26,1,50.16,1,B23-SAV,San Elijo Lagoon,2.4418,open,U,No Take,State Marine Conservation Area,,Zostera marina,1.414,33.0129,-117.2747,patch,estuary,1,12/4/24,1,Merkel,patch,,targeted
1108,B23-SAV-907,16.2,1,NA,NA,NA,NA,NA,NA,NA,NA,2,1,2,1,3.14,1,41.6,3,0.26,1,50.16,1,B23-SAV,San Elijo Lagoon,2.4418,open,U,No Take,State Marine Conservation Area,,Zostera marina,1.414,33.0129,-117.2747,patch,estuary,1,12/4/24,1,Merkel,patch,,targeted
1109,B23-SAV-907,16.2,1,NA,NA,NA,NA,NA,NA,NA,NA,2,1,2,1,3.14,1,41.6,3,0.26,1,50.16,1,B23-SAV,San Elijo Lagoon,2.4418,open,U,No Take,State Marine Conservation Area,,Zostera marina,1.414,33.0129,-117.2747,patch,estuary,1,12/4/24,1,Merkel,patch,,targeted
1110,B23-SAV-907,16.2,1,NA,NA,NA,NA,NA,NA,NA,NA,2,1,2,1,3.14,1,41.6,3,0.26,1,50.16,1,B23-SAV,San Elijo Lagoon,2.4418,open,U,No Take,State Marine Conservation Area,,Zostera marina,1.414,33.0129,-117.2747,patch,estuary,1,12/4/24,1,Merkel,patch,,targeted
1111,B23-SAV-907,16.2,1,NA,NA,NA,NA,NA,NA,NA,NA,2,1,2,1,3.14,1,41.6,3,0.26,1,50.16,1,B23-SAV,San Elijo Lagoon,2.4418,open,U,No Take,State Marine Conservation Area,,Zostera marina,1.414,33.0129,-117.2747,patch,estuary,1,12/4/24,1,Merkel,patch,,targeted
1112,B23-SAV-907,16.2,1,NA,NA,NA,NA,NA,NA,NA,NA,2,1,2,1,3.14,1,41.6,3,0.26,1,50.16,1,B23-SAV,San Elijo Lagoon,2.4418,open,U,No Take,State Marine Conservation Area,,Zostera marina,1.414,33.0129,-117.2747,patch,estuary,1,12/4/24,1,Merkel,patch,,targeted
1113,B23-SAV-907,16.2,1,NA,NA,NA,NA,NA,NA,NA,NA,2,1,2,1,3.14,1,41.6,3,0.26,1,50.16,1,B23-SAV,San Elijo Lagoon,2.4418,open,U,No Take,State Marine Conservation Area,,Zostera marina,1.414,33.0129,-117.2747,patch,estuary,1,12/4/24,1,Merkel,patch,,targeted
1114,B23-SAV-907,16.2,1,NA,NA,NA,NA,NA,NA,NA,NA,2,1,2,1,3.14,1,41.6,3,0.26,1,50.16,1,B23-SAV,San Elijo Lagoon,2.4418,open,U,No Take,State Marine Conservation Area,,Zostera marina,1.414,33.0129,-117.2747,patch,estuary,1,12/4/24,1,Merkel,patch,,targeted
1115,B23-SAV-907,16.2,1,NA,NA,NA,NA,NA,NA,NA,NA,2,1,2,1,3.14,1,41.6,3,0.26,1,50.16,1,B23-SAV,San Elijo Lagoon,2.4418,open,U,No Take,State Marine Conservation Area,,Zostera marina,1.414,33.0129,-117.2747,patch,estuary,1,12/4/24,1,Merkel,patch,,targeted
1116,B23-SAV-907,16.2,1,NA,NA,NA,NA,NA,NA,NA,NA,2,1,2,1,3.14,1,41.6,3,0.26,1,50.16,1,B23-SAV,San Elijo Lagoon,2.4418,open,U,No Take,State Marine Conservation Area,,Zostera marina,1.414,33.0129,-117.2747,patch,estuary,1,12/4/24,1,Merkel,patch,,targeted
1117,B23-SAV-907,16.2,1,NA,NA,NA,NA,NA,NA,NA,NA,2,1,2,1,3.14,1,41.6,3,0.26,1,50.16,1,B23-SAV,San Elijo Lagoon,2.4418,open,U,No Take,State Marine Conservation Area,,Zostera marina,1.414,33.0129,-117.2747,patch,estuary,1,12/4/24,1,Merkel,patch,,targeted
1118,B23-SAV-907,16.2,1,NA,NA,NA,NA,NA,NA,NA,NA,2,1,2,1,3.14,1,41.6,3,0.26,1,50.16,1,B23-SAV,San Elijo Lagoon,2.4418,open,U,No Take,State Marine Conservation Area,,Zostera marina,1.414,33.0129,-117.2747,patch,estuary,1,12/4/24,1,Merkel,patch,,targeted
1119,B23-SAV-907,16.2,1,NA,NA,NA,NA,NA,NA,NA,NA,2,1,2,1,3.14,1,41.6,3,0.26,1,50.16,1,B23-SAV,San Elijo Lagoon,2.4418,open,U,No Take,State Marine Conservation Area,,Zostera marina,1.414,33.0129,-117.2747,patch,estuary,1,12/4/24,1,Merkel,patch,,targeted
1120,B23-SAV-908,48.97246377,3,33,2,31.14285714,3,3.142857143,2,0,1,5.666666667,3,3.117647059,3,10.52737143,3,20.72,2,688.282,4,462.68,3,B23-SAV,Mission Bay,0.1449,open,U,U,U,,Zostera marina,1.49,32.7771,-117.2373,meadow,large_embayment,7,11/25/24,106,Merkel,cross-parallel,NA,targeted
1121,B23-SAV-908,48.97246377,3,33,2,31.14285714,3,3.142857143,2,0,1,5.666666667,3,3.117647059,3,10.52737143,3,20.72,2,688.282,4,462.68,3,B23-SAV,Mission Bay,0.1449,open,U,U,U,,Zostera marina,1.49,32.7771,-117.2373,meadow,large_embayment,7,11/25/24,106,Merkel,cross-parallel,NA,targeted
1122,B23-SAV-908,48.97246377,3,33,2,31.14285714,3,3.142857143,2,0,1,5.666666667,3,3.117647059,3,10.52737143,3,20.72,2,688.282,4,462.68,3,B23-SAV,Mission Bay,0.1449,open,U,U,U,,Zostera marina,1.49,32.7771,-117.2373,meadow,large_embayment,7,11/25/24,106,Merkel,cross-parallel,NA,targeted
1123,B23-SAV-908,48.97246377,3,33,2,31.14285714,3,3.142857143,2,0,1,5.666666667,3,3.117647059,3,10.52737143,3,20.72,2,688.282,4,462.68,3,B23-SAV,Mission Bay,0.1449,open,U,U,U,,Zostera marina,1.49,32.7771,-117.2373,meadow,large_embayment,7,11/25/24,106,Merkel,cross-parallel,NA,targeted
1124,B23-SAV-908,48.97246377,3,33,2,31.14285714,3,3.142857143,2,0,1,5.666666667,3,3.117647059,3,10.52737143,3,20.72,2,688.282,4,462.68,3,B23-SAV,Mission Bay,0.1449,open,U,U,U,,Zostera marina,1.49,32.7771,-117.2373,meadow,large_embayment,7,11/25/24,106,Merkel,cross-parallel,NA,targeted
1125,B23-SAV-908,48.97246377,3,33,2,31.14285714,3,3.142857143,2,0,1,5.666666667,3,3.117647059,3,10.52737143,3,20.72,2,688.282,4,462.68,3,B23-SAV,Mission Bay,0.1449,open,U,U,U,,Zostera marina,1.49,32.7771,-117.2373,meadow,large_embayment,7,11/25/24,106,Merkel,cross-parallel,NA,targeted
1126,B23-SAV-908,48.97246377,3,33,2,31.14285714,3,3.142857143,2,0,1,5.666666667,3,3.117647059,3,10.52737143,3,20.72,2,688.282,4,462.68,3,B23-SAV,Mission Bay,0.1449,open,U,U,U,,Zostera marina,1.49,32.7771,-117.2373,meadow,large_embayment,7,11/25/24,106,Merkel,cross-parallel,NA,targeted
1127,B23-SAV-908,48.97246377,3,33,2,31.14285714,3,3.142857143,2,0,1,5.666666667,3,3.117647059,3,10.52737143,3,20.72,2,688.282,4,462.68,3,B23-SAV,Mission Bay,0.1449,open,U,U,U,,Zostera marina,1.49,32.7771,-117.2373,meadow,large_embayment,7,11/25/24,106,Merkel,cross-parallel,NA,targeted
1128,B23-SAV-908,48.97246377,3,33,2,31.14285714,3,3.142857143,2,0,1,5.666666667,3,3.117647059,3,10.52737143,3,20.72,2,688.282,4,462.68,3,B23-SAV,Mission Bay,0.1449,open,U,U,U,,Zostera marina,1.49,32.7771,-117.2373,meadow,large_embayment,7,11/25/24,106,Merkel,cross-parallel,NA,targeted
1129,B23-SAV-908,48.97246377,3,33,2,31.14285714,3,3.142857143,2,0,1,5.666666667,3,3.117647059,3,10.52737143,3,20.72,2,688.282,4,462.68,3,B23-SAV,Mission Bay,0.1449,open,U,U,U,,Zostera marina,1.49,32.7771,-117.2373,meadow,large_embayment,7,11/25/24,106,Merkel,cross-parallel,NA,targeted
1130,B23-SAV-908,48.97246377,3,33,2,31.14285714,3,3.142857143,2,0,1,5.666666667,3,3.117647059,3,10.52737143,3,20.72,2,688.282,4,462.68,3,B23-SAV,Mission Bay,0.1449,open,U,U,U,,Zostera marina,1.49,32.7771,-117.2373,meadow,large_embayment,7,11/25/24,106,Merkel,cross-parallel,NA,targeted
1131,B23-SAV-908,48.97246377,3,33,2,31.14285714,3,3.142857143,2,0,1,5.666666667,3,3.117647059,3,10.52737143,3,20.72,2,688.282,4,462.68,3,B23-SAV,Mission Bay,0.1449,open,U,U,U,,Zostera marina,1.49,32.7771,-117.2373,meadow,large_embayment,7,11/25/24,106,Merkel,cross-parallel,NA,targeted
1132,B23-SAV-908,48.97246377,3,33,2,31.14285714,3,3.142857143,2,0,1,5.666666667,3,3.117647059,3,10.52737143,3,20.72,2,688.282,4,462.68,3,B23-SAV,Mission Bay,0.1449,open,U,U,U,,Zostera marina,1.49,32.7771,-117.2373,meadow,large_embayment,7,11/25/24,106,Merkel,cross-parallel,NA,targeted
1133,B23-SAV-908,48.97246377,3,33,2,31.14285714,3,3.142857143,2,0,1,5.666666667,3,3.117647059,3,10.52737143,3,20.72,2,688.282,4,462.68,3,B23-SAV,Mission Bay,0.1449,open,U,U,U,,Zostera marina,1.49,32.7771,-117.2373,meadow,large_embayment,7,11/25/24,106,Merkel,cross-parallel,NA,targeted
1134,B23-SAV-908,48.97246377,3,33,2,31.14285714,3,3.142857143,2,0,1,5.666666667,3,3.117647059,3,10.52737143,3,20.72,2,688.282,4,462.68,3,B23-SAV,Mission Bay,0.1449,open,U,U,U,,Zostera marina,1.49,32.7771,-117.2373,meadow,large_embayment,7,11/25/24,106,Merkel,cross-parallel,NA,targeted
1135,B23-SAV-908,48.97246377,3,33,2,31.14285714,3,3.142857143,2,0,1,5.666666667,3,3.117647059,3,10.52737143,3,20.72,2,688.282,4,462.68,3,B23-SAV,Mission Bay,0.1449,open,U,U,U,,Zostera marina,1.49,32.7771,-117.2373,meadow,large_embayment,7,11/25/24,106,Merkel,cross-parallel,NA,targeted
1136,B23-SAV-908,48.97246377,3,33,2,31.14285714,3,3.142857143,2,0,1,5.666666667,3,3.117647059,3,10.52737143,3,20.72,2,688.282,4,462.68,3,B23-SAV,Mission Bay,0.1449,open,U,U,U,,Zostera marina,1.49,32.7771,-117.2373,meadow,large_embayment,7,11/25/24,106,Merkel,cross-parallel,NA,targeted
1137,B23-SAV-908,48.97246377,3,33,2,31.14285714,3,3.142857143,2,0,1,5.666666667,3,3.117647059,3,10.52737143,3,20.72,2,688.282,4,462.68,3,B23-SAV,Mission Bay,0.1449,open,U,U,U,,Zostera marina,1.49,32.7771,-117.2373,meadow,large_embayment,7,11/25/24,106,Merkel,cross-parallel,NA,targeted
1138,B23-SAV-908,48.97246377,3,33,2,31.14285714,3,3.142857143,2,0,1,5.666666667,3,3.117647059,3,10.52737143,3,20.72,2,688.282,4,462.68,3,B23-SAV,Mission Bay,0.1449,open,U,U,U,,Zostera marina,1.49,32.7771,-117.2373,meadow,large_embayment,7,11/25/24,106,Merkel,cross-parallel,NA,targeted
1139,B23-SAV-908,48.97246377,3,33,2,31.14285714,3,3.142857143,2,0,1,5.666666667,3,3.117647059,3,10.52737143,3,20.72,2,688.282,4,462.68,3,B23-SAV,Mission Bay,0.1449,open,U,U,U,,Zostera marina,1.49,32.7771,-117.2373,meadow,large_embayment,7,11/25/24,106,Merkel,cross-parallel,NA,targeted
1140,B23-SAV-908,48.97246377,3,33,2,31.14285714,3,3.142857143,2,0,1,5.666666667,3,3.117647059,3,10.52737143,3,20.72,2,688.282,4,462.68,3,B23-SAV,Mission Bay,0.1449,open,U,U,U,,Zostera marina,1.49,32.7771,-117.2373,meadow,large_embayment,7,11/25/24,106,Merkel,cross-parallel,NA,targeted
1141,B23-SAV-908,48.97246377,3,33,2,31.14285714,3,3.142857143,2,0,1,5.666666667,3,3.117647059,3,10.52737143,3,20.72,2,688.282,4,462.68,3,B23-SAV,Mission Bay,0.1449,open,U,U,U,,Zostera marina,1.49,32.7771,-117.2373,meadow,large_embayment,7,11/25/24,106,Merkel,cross-parallel,NA,targeted
1142,B23-SAV-908,48.97246377,3,33,2,31.14285714,3,3.142857143,2,0,1,5.666666667,3,3.117647059,3,10.52737143,3,20.72,2,688.282,4,462.68,3,B23-SAV,Mission Bay,0.1449,open,U,U,U,,Zostera marina,1.49,32.7771,-117.2373,meadow,large_embayment,7,11/25/24,106,Merkel,cross-parallel,NA,targeted
1143,B23-SAV-908,48.97246377,3,33,2,31.14285714,3,3.142857143,2,0,1,5.666666667,3,3.117647059,3,10.52737143,3,20.72,2,688.282,4,462.68,3,B23-SAV,Mission Bay,0.1449,open,U,U,U,,Zostera marina,1.49,32.7771,-117.2373,meadow,large_embayment,7,11/25/24,106,Merkel,cross-parallel,NA,targeted
1144,B23-SAV-908,48.97246377,3,33,2,31.14285714,3,3.142857143,2,0,1,5.666666667,3,3.117647059,3,10.52737143,3,20.72,2,688.282,4,462.68,3,B23-SAV,Mission Bay,0.1449,open,U,U,U,,Zostera marina,1.49,32.7771,-117.2373,meadow,large_embayment,7,11/25/24,106,Merkel,cross-parallel,NA,targeted
1145,B23-SAV-908,48.97246377,3,33,2,31.14285714,3,3.142857143,2,0,1,5.666666667,3,3.117647059,3,10.52737143,3,20.72,2,688.282,4,462.68,3,B23-SAV,Mission Bay,0.1449,open,U,U,U,,Zostera marina,1.49,32.7771,-117.2373,meadow,large_embayment,7,11/25/24,106,Merkel,cross-parallel,NA,targeted
1146,B23-SAV-908,48.97246377,3,33,2,31.14285714,3,3.142857143,2,0,1,5.666666667,3,3.117647059,3,10.52737143,3,20.72,2,688.282,4,462.68,3,B23-SAV,Mission Bay,0.1449,open,U,U,U,,Zostera marina,1.49,32.7771,-117.2373,meadow,large_embayment,7,11/25/24,106,Merkel,cross-parallel,NA,targeted
1147,B23-SAV-908,48.97246377,3,33,2,31.14285714,3,3.142857143,2,0,1,5.666666667,3,3.117647059,3,10.52737143,3,20.72,2,688.282,4,462.68,3,B23-SAV,Mission Bay,0.1449,open,U,U,U,,Zostera marina,1.49,32.7771,-117.2373,meadow,large_embayment,7,11/25/24,106,Merkel,cross-parallel,NA,targeted
1148,B23-SAV-908,48.97246377,3,33,2,31.14285714,3,3.142857143,2,0,1,5.666666667,3,3.117647059,3,10.52737143,3,20.72,2,688.282,4,462.68,3,B23-SAV,Mission Bay,0.1449,open,U,U,U,,Zostera marina,1.49,32.7771,-117.2373,meadow,large_embayment,7,11/25/24,106,Merkel,cross-parallel,NA,targeted
1149,B23-SAV-908,48.97246377,3,33,2,31.14285714,3,3.142857143,2,0,1,5.666666667,3,3.117647059,3,10.52737143,3,20.72,2,688.282,4,462.68,3,B23-SAV,Mission Bay,0.1449,open,U,U,U,,Zostera marina,1.49,32.7771,-117.2373,meadow,large_embayment,7,11/25/24,106,Merkel,cross-parallel,NA,targeted
1150,B23-SAV-908,48.97246377,3,33,2,31.14285714,3,3.142857143,2,0,1,5.666666667,3,3.117647059,3,10.52737143,3,20.72,2,688.282,4,462.68,3,B23-SAV,Mission Bay,0.1449,open,U,U,U,,Zostera marina,1.49,32.7771,-117.2373,meadow,large_embayment,7,11/25/24,106,Merkel,cross-parallel,NA,targeted
1151,B23-SAV-908,48.97246377,3,33,2,31.14285714,3,3.142857143,2,0,1,5.666666667,3,3.117647059,3,10.52737143,3,20.72,2,688.282,4,462.68,3,B23-SAV,Mission Bay,0.1449,open,U,U,U,,Zostera marina,1.49,32.7771,-117.2373,meadow,large_embayment,7,11/25/24,106,Merkel,cross-parallel,NA,targeted
1152,B23-SAV-908,48.97246377,3,33,2,31.14285714,3,3.142857143,2,0,1,5.666666667,3,3.117647059,3,10.52737143,3,20.72,2,688.282,4,462.68,3,B23-SAV,Mission Bay,0.1449,open,U,U,U,,Zostera marina,1.49,32.7771,-117.2373,meadow,large_embayment,7,11/25/24,106,Merkel,cross-parallel,NA,targeted
1153,B23-SAV-908,48.97246377,3,33,2,31.14285714,3,3.142857143,2,0,1,5.666666667,3,3.117647059,3,10.52737143,3,20.72,2,688.282,4,462.68,3,B23-SAV,Mission Bay,0.1449,open,U,U,U,,Zostera marina,1.49,32.7771,-117.2373,meadow,large_embayment,7,11/25/24,106,Merkel,cross-parallel,NA,targeted
1154,B23-SAV-908,48.97246377,3,33,2,31.14285714,3,3.142857143,2,0,1,5.666666667,3,3.117647059,3,10.52737143,3,20.72,2,688.282,4,462.68,3,B23-SAV,Mission Bay,0.1449,open,U,U,U,,Zostera marina,1.49,32.7771,-117.2373,meadow,large_embayment,7,11/25/24,106,Merkel,cross-parallel,NA,targeted
1155,B23-SAV-908,48.97246377,3,33,2,31.14285714,3,3.142857143,2,0,1,5.666666667,3,3.117647059,3,10.52737143,3,20.72,2,688.282,4,462.68,3,B23-SAV,Mission Bay,0.1449,open,U,U,U,,Zostera marina,1.49,32.7771,-117.2373,meadow,large_embayment,7,11/25/24,106,Merkel,cross-parallel,NA,targeted
1156,B23-SAV-908,48.97246377,3,33,2,31.14285714,3,3.142857143,2,0,1,5.666666667,3,3.117647059,3,10.52737143,3,20.72,2,688.282,4,462.68,3,B23-SAV,Mission Bay,0.1449,open,U,U,U,,Zostera marina,1.49,32.7771,-117.2373,meadow,large_embayment,7,11/25/24,106,Merkel,cross-parallel,NA,targeted
1157,B23-SAV-908,48.97246377,3,33,2,31.14285714,3,3.142857143,2,0,1,5.666666667,3,3.117647059,3,10.52737143,3,20.72,2,688.282,4,462.68,3,B23-SAV,Mission Bay,0.1449,open,U,U,U,,Zostera marina,1.49,32.7771,-117.2373,meadow,large_embayment,7,11/25/24,106,Merkel,cross-parallel,NA,targeted
1158,B23-SAV-908,48.97246377,3,33,2,31.14285714,3,3.142857143,2,0,1,5.666666667,3,3.117647059,3,10.52737143,3,20.72,2,688.282,4,462.68,3,B23-SAV,Mission Bay,0.1449,open,U,U,U,,Zostera marina,1.49,32.7771,-117.2373,meadow,large_embayment,7,11/25/24,106,Merkel,cross-parallel,NA,targeted
1159,B23-SAV-908,48.97246377,3,33,2,31.14285714,3,3.142857143,2,0,1,5.666666667,3,3.117647059,3,10.52737143,3,20.72,2,688.282,4,462.68,3,B23-SAV,Mission Bay,0.1449,open,U,U,U,,Zostera marina,1.49,32.7771,-117.2373,meadow,large_embayment,7,11/25/24,106,Merkel,cross-parallel,NA,targeted
1160,B23-SAV-908,48.97246377,3,33,2,31.14285714,3,3.142857143,2,0,1,5.666666667,3,3.117647059,3,10.52737143,3,20.72,2,688.282,4,462.68,3,B23-SAV,Mission Bay,0.1449,open,U,U,U,,Zostera marina,1.49,32.7771,-117.2373,meadow,large_embayment,7,11/25/24,106,Merkel,cross-parallel,NA,targeted
1161,B23-SAV-908,48.97246377,3,33,2,31.14285714,3,3.142857143,2,0,1,5.666666667,3,3.117647059,3,10.52737143,3,20.72,2,688.282,4,462.68,3,B23-SAV,Mission Bay,0.1449,open,U,U,U,,Zostera marina,1.49,32.7771,-117.2373,meadow,large_embayment,7,11/25/24,106,Merkel,cross-parallel,NA,targeted
1162,B23-SAV-908,48.97246377,3,33,2,31.14285714,3,3.142857143,2,0,1,5.666666667,3,3.117647059,3,10.52737143,3,20.72,2,688.282,4,462.68,3,B23-SAV,Mission Bay,0.1449,open,U,U,U,,Zostera marina,1.49,32.7771,-117.2373,meadow,large_embayment,7,11/25/24,106,Merkel,cross-parallel,NA,targeted
1163,B23-SAV-908,48.97246377,3,33,2,31.14285714,3,3.142857143,2,0,1,5.666666667,3,3.117647059,3,10.52737143,3,20.72,2,688.282,4,462.68,3,B23-SAV,Mission Bay,0.1449,open,U,U,U,,Zostera marina,1.49,32.7771,-117.2373,meadow,large_embayment,7,11/25/24,106,Merkel,cross-parallel,NA,targeted
1164,B23-SAV-908,48.97246377,3,33,2,31.14285714,3,3.142857143,2,0,1,5.666666667,3,3.117647059,3,10.52737143,3,20.72,2,688.282,4,462.68,3,B23-SAV,Mission Bay,0.1449,open,U,U,U,,Zostera marina,1.49,32.7771,-117.2373,meadow,large_embayment,7,11/25/24,106,Merkel,cross-parallel,NA,targeted
1165,B23-SAV-908,48.97246377,3,33,2,31.14285714,3,3.142857143,2,0,1,5.666666667,3,3.117647059,3,10.52737143,3,20.72,2,688.282,4,462.68,3,B23-SAV,Mission Bay,0.1449,open,U,U,U,,Zostera marina,1.49,32.7771,-117.2373,meadow,large_embayment,7,11/25/24,106,Merkel,cross-parallel,NA,targeted
1166,B23-SAV-908,48.97246377,3,33,2,31.14285714,3,3.142857143,2,0,1,5.666666667,3,3.117647059,3,10.52737143,3,20.72,2,688.282,4,462.68,3,B23-SAV,Mission Bay,0.1449,open,U,U,U,,Zostera marina,1.49,32.7771,-117.2373,meadow,large_embayment,7,11/25/24,106,Merkel,cross-parallel,NA,targeted
1167,B23-SAV-908,48.97246377,3,33,2,31.14285714,3,3.142857143,2,0,1,5.666666667,3,3.117647059,3,10.52737143,3,20.72,2,688.282,4,462.68,3,B23-SAV,Mission Bay,0.1449,open,U,U,U,,Zostera marina,1.49,32.7771,-117.2373,meadow,large_embayment,7,11/25/24,106,Merkel,cross-parallel,NA,targeted
1168,B23-SAV-908,48.97246377,3,33,2,31.14285714,3,3.142857143,2,0,1,5.666666667,3,3.117647059,3,10.52737143,3,20.72,2,688.282,4,462.68,3,B23-SAV,Mission Bay,0.1449,open,U,U,U,,Zostera marina,1.49,32.7771,-117.2373,meadow,large_embayment,7,11/25/24,106,Merkel,cross-parallel,NA,targeted
1169,B23-SAV-908,48.97246377,3,33,2,31.14285714,3,3.142857143,2,0,1,5.666666667,3,3.117647059,3,10.52737143,3,20.72,2,688.282,4,462.68,3,B23-SAV,Mission Bay,0.1449,open,U,U,U,,Zostera marina,1.49,32.7771,-117.2373,meadow,large_embayment,7,11/25/24,106,Merkel,cross-parallel,NA,targeted
1170,B23-SAV-908,48.97246377,3,33,2,31.14285714,3,3.142857143,2,0,1,5.666666667,3,3.117647059,3,10.52737143,3,20.72,2,688.282,4,462.68,3,B23-SAV,Mission Bay,0.1449,open,U,U,U,,Zostera marina,1.49,32.7771,-117.2373,meadow,large_embayment,7,11/25/24,106,Merkel,cross-parallel,NA,targeted
1171,B23-SAV-908,48.97246377,3,33,2,31.14285714,3,3.142857143,2,0,1,5.666666667,3,3.117647059,3,10.52737143,3,20.72,2,688.282,4,462.68,3,B23-SAV,Mission Bay,0.1449,open,U,U,U,,Zostera marina,1.49,32.7771,-117.2373,meadow,large_embayment,7,11/25/24,106,Merkel,cross-parallel,NA,targeted
1172,B23-SAV-908,48.97246377,3,33,2,31.14285714,3,3.142857143,2,0,1,5.666666667,3,3.117647059,3,10.52737143,3,20.72,2,688.282,4,462.68,3,B23-SAV,Mission Bay,0.1449,open,U,U,U,,Zostera marina,1.49,32.7771,-117.2373,meadow,large_embayment,7,11/25/24,106,Merkel,cross-parallel,NA,targeted
1173,B23-SAV-908,48.97246377,3,33,2,31.14285714,3,3.142857143,2,0,1,5.666666667,3,3.117647059,3,10.52737143,3,20.72,2,688.282,4,462.68,3,B23-SAV,Mission Bay,0.1449,open,U,U,U,,Zostera marina,1.49,32.7771,-117.2373,meadow,large_embayment,7,11/25/24,106,Merkel,cross-parallel,NA,targeted
1174,B23-SAV-908,48.97246377,3,33,2,31.14285714,3,3.142857143,2,0,1,5.666666667,3,3.117647059,3,10.52737143,3,20.72,2,688.282,4,462.68,3,B23-SAV,Mission Bay,0.1449,open,U,U,U,,Zostera marina,1.49,32.7771,-117.2373,meadow,large_embayment,7,11/25/24,106,Merkel,cross-parallel,NA,targeted
1175,B23-SAV-908,48.97246377,3,33,2,31.14285714,3,3.142857143,2,0,1,5.666666667,3,3.117647059,3,10.52737143,3,20.72,2,688.282,4,462.68,3,B23-SAV,Mission Bay,0.1449,open,U,U,U,,Zostera marina,1.49,32.7771,-117.2373,meadow,large_embayment,7,11/25/24,106,Merkel,cross-parallel,NA,targeted
1176,B23-SAV-908,48.97246377,3,33,2,31.14285714,3,3.142857143,2,0,1,5.666666667,3,3.117647059,3,10.52737143,3,20.72,2,688.282,4,462.68,3,B23-SAV,Mission Bay,0.1449,open,U,U,U,,Zostera marina,1.49,32.7771,-117.2373,meadow,large_embayment,7,11/25/24,106,Merkel,cross-parallel,NA,targeted
1177,B23-SAV-908,48.97246377,3,33,2,31.14285714,3,3.142857143,2,0,1,5.666666667,3,3.117647059,3,10.52737143,3,20.72,2,688.282,4,462.68,3,B23-SAV,Mission Bay,0.1449,open,U,U,U,,Zostera marina,1.49,32.7771,-117.2373,meadow,large_embayment,7,11/25/24,106,Merkel,cross-parallel,NA,targeted
1178,B23-SAV-908,48.97246377,3,33,2,31.14285714,3,3.142857143,2,0,1,5.666666667,3,3.117647059,3,10.52737143,3,20.72,2,688.282,4,462.68,3,B23-SAV,Mission Bay,0.1449,open,U,U,U,,Zostera marina,1.49,32.7771,-117.2373,meadow,large_embayment,7,11/25/24,106,Merkel,cross-parallel,NA,targeted
1179,B23-SAV-908,48.97246377,3,33,2,31.14285714,3,3.142857143,2,0,1,5.666666667,3,3.117647059,3,10.52737143,3,20.72,2,688.282,4,462.68,3,B23-SAV,Mission Bay,0.1449,open,U,U,U,,Zostera marina,1.49,32.7771,-117.2373,meadow,large_embayment,7,11/25/24,106,Merkel,cross-parallel,NA,targeted
1180,B23-SAV-908,48.97246377,3,33,2,31.14285714,3,3.142857143,2,0,1,5.666666667,3,3.117647059,3,10.52737143,3,20.72,2,688.282,4,462.68,3,B23-SAV,Mission Bay,0.1449,open,U,U,U,,Zostera marina,1.49,32.7771,-117.2373,meadow,large_embayment,7,11/25/24,106,Merkel,cross-parallel,NA,targeted
1181,B23-SAV-908,48.97246377,3,33,2,31.14285714,3,3.142857143,2,0,1,5.666666667,3,3.117647059,3,10.52737143,3,20.72,2,688.282,4,462.68,3,B23-SAV,Mission Bay,0.1449,open,U,U,U,,Zostera marina,1.49,32.7771,-117.2373,meadow,large_embayment,7,11/25/24,106,Merkel,cross-parallel,NA,targeted
1182,B23-SAV-908,48.97246377,3,33,2,31.14285714,3,3.142857143,2,0,1,5.666666667,3,3.117647059,3,10.52737143,3,20.72,2,688.282,4,462.68,3,B23-SAV,Mission Bay,0.1449,open,U,U,U,,Zostera marina,1.49,32.7771,-117.2373,meadow,large_embayment,7,11/25/24,106,Merkel,cross-parallel,NA,targeted
1183,B23-SAV-908,48.97246377,3,33,2,31.14285714,3,3.142857143,2,0,1,5.666666667,3,3.117647059,3,10.52737143,3,20.72,2,688.282,4,462.68,3,B23-SAV,Mission Bay,0.1449,open,U,U,U,,Zostera marina,1.49,32.7771,-117.2373,meadow,large_embayment,7,11/25/24,106,Merkel,cross-parallel,,targeted
1184,B23-SAV-908,48.97246377,3,33,2,31.14285714,3,3.142857143,2,0,1,5.666666667,3,3.117647059,3,10.52737143,3,20.72,2,688.282,4,462.68,3,B23-SAV,Mission Bay,0.1449,open,U,U,U,,Zostera marina,1.49,32.7771,-117.2373,meadow,large_embayment,7,11/25/24,106,Merkel,cross-parallel,,targeted
1185,B23-SAV-908,48.97246377,3,33,2,31.14285714,3,3.142857143,2,0,1,5.666666667,3,3.117647059,3,10.52737143,3,20.72,2,688.282,4,462.68,3,B23-SAV,Mission Bay,0.1449,open,U,U,U,,Zostera marina,1.49,32.7771,-117.2373,meadow,large_embayment,7,11/25/24,106,Merkel,cross-parallel,,targeted
1186,B23-SAV-908,48.97246377,3,33,2,31.14285714,3,3.142857143,2,0,1,5.666666667,3,3.117647059,3,10.52737143,3,20.72,2,688.282,4,462.68,3,B23-SAV,Mission Bay,0.1449,open,U,U,U,,Zostera marina,1.49,32.7771,-117.2373,meadow,large_embayment,7,11/25/24,106,Merkel,cross-parallel,,targeted
1187,B23-SAV-908,48.97246377,3,33,2,31.14285714,3,3.142857143,2,0,1,5.666666667,3,3.117647059,3,10.52737143,3,20.72,2,688.282,4,462.68,3,B23-SAV,Mission Bay,0.1449,open,U,U,U,,Zostera marina,1.49,32.7771,-117.2373,meadow,large_embayment,7,11/25/24,106,Merkel,cross-parallel,,targeted
1188,B23-SAV-908,48.97246377,3,33,2,31.14285714,3,3.142857143,2,0,1,5.666666667,3,3.117647059,3,10.52737143,3,20.72,2,688.282,4,462.68,3,B23-SAV,Mission Bay,0.1449,open,U,U,U,,Zostera marina,1.49,32.7771,-117.2373,meadow,large_embayment,7,11/25/24,106,Merkel,cross-parallel,,targeted
1189,B23-SAV-908,48.97246377,3,33,2,31.14285714,3,3.142857143,2,0,1,5.666666667,3,3.117647059,3,10.52737143,3,20.72,2,688.282,4,462.68,3,B23-SAV,Mission Bay,0.1449,open,U,U,U,,Zostera marina,1.49,32.7771,-117.2373,meadow,large_embayment,7,11/25/24,106,Merkel,cross-parallel,,targeted
1190,B23-SAV-908,48.97246377,3,33,2,31.14285714,3,3.142857143,2,0,1,5.666666667,3,3.117647059,3,10.52737143,3,20.72,2,688.282,4,462.68,3,B23-SAV,Mission Bay,0.1449,open,U,U,U,,Zostera marina,1.49,32.7771,-117.2373,meadow,large_embayment,7,11/25/24,106,Merkel,cross-parallel,,targeted
1191,B23-SAV-908,48.97246377,3,33,2,31.14285714,3,3.142857143,2,0,1,5.666666667,3,3.117647059,3,10.52737143,3,20.72,2,688.282,4,462.68,3,B23-SAV,Mission Bay,0.1449,open,U,U,U,,Zostera marina,1.49,32.7771,-117.2373,meadow,large_embayment,7,11/25/24,106,Merkel,cross-parallel,,targeted
1192,B23-SAV-908,48.97246377,3,33,2,31.14285714,3,3.142857143,2,0,1,5.666666667,3,3.117647059,3,10.52737143,3,20.72,2,688.282,4,462.68,3,B23-SAV,Mission Bay,0.1449,open,U,U,U,,Zostera marina,1.49,32.7771,-117.2373,meadow,large_embayment,7,11/25/24,106,Merkel,cross-parallel,,targeted
1193,B23-SAV-908,48.97246377,3,33,2,31.14285714,3,3.142857143,2,0,1,5.666666667,3,3.117647059,3,10.52737143,3,20.72,2,688.282,4,462.68,3,B23-SAV,Mission Bay,0.1449,open,U,U,U,,Zostera marina,1.49,32.7771,-117.2373,meadow,large_embayment,7,11/25/24,106,Merkel,cross-parallel,,targeted
1194,B23-SAV-908,48.97246377,3,33,2,31.14285714,3,3.142857143,2,0,1,5.666666667,3,3.117647059,3,10.52737143,3,20.72,2,688.282,4,462.68,3,B23-SAV,Mission Bay,0.1449,open,U,U,U,,Zostera marina,1.49,32.7771,-117.2373,meadow,large_embayment,7,11/25/24,106,Merkel,cross-parallel,,targeted
1195,B23-SAV-908,48.97246377,3,33,2,31.14285714,3,3.142857143,2,0,1,5.666666667,3,3.117647059,3,10.52737143,3,20.72,2,688.282,4,462.68,3,B23-SAV,Mission Bay,0.1449,open,U,U,U,,Zostera marina,1.49,32.7771,-117.2373,meadow,large_embayment,7,11/25/24,106,Merkel,cross-parallel,,targeted
1196,B23-SAV-908,48.97246377,3,33,2,31.14285714,3,3.142857143,2,0,1,5.666666667,3,3.117647059,3,10.52737143,3,20.72,2,688.282,4,462.68,3,B23-SAV,Mission Bay,0.1449,open,U,U,U,,Zostera marina,1.49,32.7771,-117.2373,meadow,large_embayment,7,11/25/24,106,Merkel,cross-parallel,,targeted
1197,B23-SAV-908,48.97246377,3,33,2,31.14285714,3,3.142857143,2,0,1,5.666666667,3,3.117647059,3,10.52737143,3,20.72,2,688.282,4,462.68,3,B23-SAV,Mission Bay,0.1449,open,U,U,U,,Zostera marina,1.49,32.7771,-117.2373,meadow,large_embayment,7,11/25/24,106,Merkel,cross-parallel,,targeted
1198,B23-SAV-908,48.97246377,3,33,2,31.14285714,3,3.142857143,2,0,1,5.666666667,3,3.117647059,3,10.52737143,3,20.72,2,688.282,4,462.68,3,B23-SAV,Mission Bay,0.1449,open,U,U,U,,Zostera marina,1.49,32.7771,-117.2373,meadow,large_embayment,7,11/25/24,106,Merkel,cross-parallel,,targeted
1199,B23-SAV-908,48.97246377,3,33,2,31.14285714,3,3.142857143,2,0,1,5.666666667,3,3.117647059,3,10.52737143,3,20.72,2,688.282,4,462.68,3,B23-SAV,Mission Bay,0.1449,open,U,U,U,,Zostera marina,1.49,32.7771,-117.2373,meadow,large_embayment,7,11/25/24,106,Merkel,cross-parallel,,targeted
1200,B23-SAV-908,48.97246377,3,33,2,31.14285714,3,3.142857143,2,0,1,5.666666667,3,3.117647059,3,10.52737143,3,20.72,2,688.282,4,462.68,3,B23-SAV,Mission Bay,0.1449,open,U,U,U,,Zostera marina,1.49,32.7771,-117.2373,meadow,large_embayment,7,11/25/24,106,Merkel,cross-parallel,,targeted
1201,B23-SAV-908,48.97246377,3,33,2,31.14285714,3,3.142857143,2,0,1,5.666666667,3,3.117647059,3,10.52737143,3,20.72,2,688.282,4,462.68,3,B23-SAV,Mission Bay,0.1449,open,U,U,U,,Zostera marina,1.49,32.7771,-117.2373,meadow,large_embayment,7,11/25/24,106,Merkel,cross-parallel,,targeted
1202,B23-SAV-908,48.97246377,3,33,2,31.14285714,3,3.142857143,2,0,1,5.666666667,3,3.117647059,3,10.52737143,3,20.72,2,688.282,4,462.68,3,B23-SAV,Mission Bay,0.1449,open,U,U,U,,Zostera marina,1.49,32.7771,-117.2373,meadow,large_embayment,7,11/25/24,106,Merkel,cross-parallel,,targeted
1203,B23-SAV-908,48.97246377,3,33,2,31.14285714,3,3.142857143,2,0,1,5.666666667,3,3.117647059,3,10.52737143,3,20.72,2,688.282,4,462.68,3,B23-SAV,Mission Bay,0.1449,open,U,U,U,,Zostera marina,1.49,32.7771,-117.2373,meadow,large_embayment,7,11/25/24,106,Merkel,cross-parallel,,targeted
1204,B23-SAV-908,48.97246377,3,33,2,31.14285714,3,3.142857143,2,0,1,5.666666667,3,3.117647059,3,10.52737143,3,20.72,2,688.282,4,462.68,3,B23-SAV,Mission Bay,0.1449,open,U,U,U,,Zostera marina,1.49,32.7771,-117.2373,meadow,large_embayment,7,11/25/24,106,Merkel,cross-parallel,,targeted
1205,B23-SAV-908,48.97246377,3,33,2,31.14285714,3,3.142857143,2,0,1,5.666666667,3,3.117647059,3,10.52737143,3,20.72,2,688.282,4,462.68,3,B23-SAV,Mission Bay,0.1449,open,U,U,U,,Zostera marina,1.49,32.7771,-117.2373,meadow,large_embayment,7,11/25/24,106,Merkel,cross-parallel,,targeted
1206,B23-SAV-908,48.97246377,3,33,2,31.14285714,3,3.142857143,2,0,1,5.666666667,3,3.117647059,3,10.52737143,3,20.72,2,688.282,4,462.68,3,B23-SAV,Mission Bay,0.1449,open,U,U,U,,Zostera marina,1.49,32.7771,-117.2373,meadow,large_embayment,7,11/25/24,106,Merkel,cross-parallel,,targeted
1207,B23-SAV-908,48.97246377,3,33,2,31.14285714,3,3.142857143,2,0,1,5.666666667,3,3.117647059,3,10.52737143,3,20.72,2,688.282,4,462.68,3,B23-SAV,Mission Bay,0.1449,open,U,U,U,,Zostera marina,1.49,32.7771,-117.2373,meadow,large_embayment,7,11/25/24,106,Merkel,cross-parallel,,targeted
1208,B23-SAV-908,48.97246377,3,33,2,31.14285714,3,3.142857143,2,0,1,5.666666667,3,3.117647059,3,10.52737143,3,20.72,2,688.282,4,462.68,3,B23-SAV,Mission Bay,0.1449,open,U,U,U,,Zostera marina,1.49,32.7771,-117.2373,meadow,large_embayment,7,11/25/24,106,Merkel,cross-parallel,,targeted
1209,B23-SAV-908,48.97246377,3,33,2,31.14285714,3,3.142857143,2,0,1,5.666666667,3,3.117647059,3,10.52737143,3,20.72,2,688.282,4,462.68,3,B23-SAV,Mission Bay,0.1449,open,U,U,U,,Zostera marina,1.49,32.7771,-117.2373,meadow,large_embayment,7,11/25/24,106,Merkel,cross-parallel,,targeted
1210,B23-SAV-908,48.97246377,3,33,2,31.14285714,3,3.142857143,2,0,1,5.666666667,3,3.117647059,3,10.52737143,3,20.72,2,688.282,4,462.68,3,B23-SAV,Mission Bay,0.1449,open,U,U,U,,Zostera marina,1.49,32.7771,-117.2373,meadow,large_embayment,7,11/25/24,106,Merkel,cross-parallel,,targeted
1211,B23-SAV-908,48.97246377,3,33,2,31.14285714,3,3.142857143,2,0,1,5.666666667,3,3.117647059,3,10.52737143,3,20.72,2,688.282,4,462.68,3,B23-SAV,Mission Bay,0.1449,open,U,U,U,,Zostera marina,1.49,32.7771,-117.2373,meadow,large_embayment,7,11/25/24,106,Merkel,cross-parallel,,targeted
1212,B23-SAV-908,48.97246377,3,33,2,31.14285714,3,3.142857143,2,0,1,5.666666667,3,3.117647059,3,10.52737143,3,20.72,2,688.282,4,462.68,3,B23-SAV,Mission Bay,0.1449,open,U,U,U,,Zostera marina,1.49,32.7771,-117.2373,meadow,large_embayment,7,11/25/24,106,Merkel,cross-parallel,,targeted
1213,B23-SAV-908,48.97246377,3,33,2,31.14285714,3,3.142857143,2,0,1,5.666666667,3,3.117647059,3,10.52737143,3,20.72,2,688.282,4,462.68,3,B23-SAV,Mission Bay,0.1449,open,U,U,U,,Zostera marina,1.49,32.7771,-117.2373,meadow,large_embayment,7,11/25/24,106,Merkel,cross-parallel,,targeted
1214,B23-SAV-908,48.97246377,3,33,2,31.14285714,3,3.142857143,2,0,1,5.666666667,3,3.117647059,3,10.52737143,3,20.72,2,688.282,4,462.68,3,B23-SAV,Mission Bay,0.1449,open,U,U,U,,Zostera marina,1.49,32.7771,-117.2373,meadow,large_embayment,7,11/25/24,106,Merkel,cross-parallel,,targeted
1215,B23-SAV-908,48.97246377,3,33,2,31.14285714,3,3.142857143,2,0,1,5.666666667,3,3.117647059,3,10.52737143,3,20.72,2,688.282,4,462.68,3,B23-SAV,Mission Bay,0.1449,open,U,U,U,,Zostera marina,1.49,32.7771,-117.2373,meadow,large_embayment,7,11/25/24,106,Merkel,cross-parallel,,targeted
1216,B23-SAV-908,48.97246377,3,33,2,31.14285714,3,3.142857143,2,0,1,5.666666667,3,3.117647059,3,10.52737143,3,20.72,2,688.282,4,462.68,3,B23-SAV,Mission Bay,0.1449,open,U,U,U,,Zostera marina,1.49,32.7771,-117.2373,meadow,large_embayment,7,11/25/24,106,Merkel,cross-parallel,,targeted
1217,B23-SAV-908,48.97246377,3,33,2,31.14285714,3,3.142857143,2,0,1,5.666666667,3,3.117647059,3,10.52737143,3,20.72,2,688.282,4,462.68,3,B23-SAV,Mission Bay,0.1449,open,U,U,U,,Zostera marina,1.49,32.7771,-117.2373,meadow,large_embayment,7,11/25/24,106,Merkel,cross-parallel,,targeted
1218,B23-SAV-908,48.97246377,3,33,2,31.14285714,3,3.142857143,2,0,1,5.666666667,3,3.117647059,3,10.52737143,3,20.72,2,688.282,4,462.68,3,B23-SAV,Mission Bay,0.1449,open,U,U,U,,Zostera marina,1.49,32.7771,-117.2373,meadow,large_embayment,7,11/25/24,106,Merkel,cross-parallel,,targeted
1219,B23-SAV-908,48.97246377,3,33,2,31.14285714,3,3.142857143,2,0,1,5.666666667,3,3.117647059,3,10.52737143,3,20.72,2,688.282,4,462.68,3,B23-SAV,Mission Bay,0.1449,open,U,U,U,,Zostera marina,1.49,32.7771,-117.2373,meadow,large_embayment,7,11/25/24,106,Merkel,cross-parallel,,targeted
1220,B23-SAV-908,48.97246377,3,33,2,31.14285714,3,3.142857143,2,0,1,5.666666667,3,3.117647059,3,10.52737143,3,20.72,2,688.282,4,462.68,3,B23-SAV,Mission Bay,0.1449,open,U,U,U,,Zostera marina,1.49,32.7771,-117.2373,meadow,large_embayment,7,11/25/24,106,Merkel,cross-parallel,,targeted
1221,B23-SAV-908,48.97246377,3,33,2,31.14285714,3,3.142857143,2,0,1,5.666666667,3,3.117647059,3,10.52737143,3,20.72,2,688.282,4,462.68,3,B23-SAV,Mission Bay,0.1449,open,U,U,U,,Zostera marina,1.49,32.7771,-117.2373,meadow,large_embayment,7,11/25/24,106,Merkel,cross-parallel,,targeted
1222,B23-SAV-908,48.97246377,3,33,2,31.14285714,3,3.142857143,2,0,1,5.666666667,3,3.117647059,3,10.52737143,3,20.72,2,688.282,4,462.68,3,B23-SAV,Mission Bay,0.1449,open,U,U,U,,Zostera marina,1.49,32.7771,-117.2373,meadow,large_embayment,7,11/25/24,106,Merkel,cross-parallel,,targeted
1223,B23-SAV-908,48.97246377,3,33,2,31.14285714,3,3.142857143,2,0,1,5.666666667,3,3.117647059,3,10.52737143,3,20.72,2,688.282,4,462.68,3,B23-SAV,Mission Bay,0.1449,open,U,U,U,,Zostera marina,1.49,32.7771,-117.2373,meadow,large_embayment,7,11/25/24,106,Merkel,cross-parallel,,targeted
1224,B23-SAV-908,48.97246377,3,33,2,31.14285714,3,3.142857143,2,0,1,5.666666667,3,3.117647059,3,10.52737143,3,20.72,2,688.282,4,462.68,3,B23-SAV,Mission Bay,0.1449,open,U,U,U,,Zostera marina,1.49,32.7771,-117.2373,meadow,large_embayment,7,11/25/24,106,Merkel,cross-parallel,,targeted
1225,B23-SAV-908,48.97246377,3,33,2,31.14285714,3,3.142857143,2,0,1,5.666666667,3,3.117647059,3,10.52737143,3,20.72,2,688.282,4,462.68,3,B23-SAV,Mission Bay,0.1449,open,U,U,U,,Zostera marina,1.49,32.7771,-117.2373,meadow,large_embayment,7,11/25/24,106,Merkel,cross-parallel,,targeted
1226,B23-SAV-908,48.97246377,3,33,2,31.14285714,3,3.142857143,2,0,1,5.666666667,3,3.117647059,3,10.52737143,3,20.72,2,688.282,4,462.68,3,B23-SAV,Mission Bay,0.1449,open,U,U,U,,Zostera marina,1.49,32.7771,-117.2373,meadow,large_embayment,7,11/25/24,106,Merkel,cross-parallel,,targeted
1227,B23-SAV-908,48.97246377,3,33,2,31.14285714,3,3.142857143,2,0,1,5.666666667,3,3.117647059,3,10.52737143,3,20.72,2,688.282,4,462.68,3,B23-SAV,Mission Bay,0.1449,open,U,U,U,,Zostera marina,1.49,32.7771,-117.2373,meadow,large_embayment,7,11/25/24,106,Merkel,cross-parallel,,targeted
1228,B23-SAV-908,48.97246377,3,33,2,31.14285714,3,3.142857143,2,0,1,5.666666667,3,3.117647059,3,10.52737143,3,20.72,2,688.282,4,462.68,3,B23-SAV,Mission Bay,0.1449,open,U,U,U,,Zostera marina,1.49,32.7771,-117.2373,meadow,large_embayment,7,11/25/24,106,Merkel,cross-parallel,,targeted
1229,B23-SAV-908,48.97246377,3,33,2,31.14285714,3,3.142857143,2,0,1,5.666666667,3,3.117647059,3,10.52737143,3,20.72,2,688.282,4,462.68,3,B23-SAV,Mission Bay,0.1449,open,U,U,U,,Zostera marina,1.49,32.7771,-117.2373,meadow,large_embayment,7,11/25/24,106,Merkel,cross-parallel,,targeted
1230,B23-SAV-908,48.97246377,3,33,2,31.14285714,3,3.142857143,2,0,1,5.666666667,3,3.117647059,3,10.52737143,3,20.72,2,688.282,4,462.68,3,B23-SAV,Mission Bay,0.1449,open,U,U,U,,Zostera marina,1.49,32.7771,-117.2373,meadow,large_embayment,7,11/25/24,106,Merkel,cross-parallel,,targeted
1231,B23-SAV-908,48.97246377,3,33,2,31.14285714,3,3.142857143,2,0,1,5.666666667,3,3.117647059,3,10.52737143,3,20.72,2,688.282,4,462.68,3,B23-SAV,Mission Bay,0.1449,open,U,U,U,,Zostera marina,1.49,32.7771,-117.2373,meadow,large_embayment,7,11/25/24,106,Merkel,cross-parallel,,targeted
1232,B23-SAV-908,48.97246377,3,33,2,31.14285714,3,3.142857143,2,0,1,5.666666667,3,3.117647059,3,10.52737143,3,20.72,2,688.282,4,462.68,3,B23-SAV,Mission Bay,0.1449,open,U,U,U,,Zostera marina,1.49,32.7771,-117.2373,meadow,large_embayment,7,11/25/24,106,Merkel,cross-parallel,,targeted
1233,B23-SAV-908,48.97246377,3,33,2,31.14285714,3,3.142857143,2,0,1,5.666666667,3,3.117647059,3,10.52737143,3,20.72,2,688.282,4,462.68,3,B23-SAV,Mission Bay,0.1449,open,U,U,U,,Zostera marina,1.49,32.7771,-117.2373,meadow,large_embayment,7,11/25/24,106,Merkel,cross-parallel,,targeted
1234,B23-SAV-908,48.97246377,3,33,2,31.14285714,3,3.142857143,2,0,1,5.666666667,3,3.117647059,3,10.52737143,3,20.72,2,688.282,4,462.68,3,B23-SAV,Mission Bay,0.1449,open,U,U,U,,Zostera marina,1.49,32.7771,-117.2373,meadow,large_embayment,7,11/25/24,106,Merkel,cross-parallel,,targeted
1235,B23-SAV-908,48.97246377,3,33,2,31.14285714,3,3.142857143,2,0,1,5.666666667,3,3.117647059,3,10.52737143,3,20.72,2,688.282,4,462.68,3,B23-SAV,Mission Bay,0.1449,open,U,U,U,,Zostera marina,1.49,32.7771,-117.2373,meadow,large_embayment,7,11/25/24,106,Merkel,cross-parallel,,targeted
1236,B23-SAV-908,48.97246377,3,33,2,31.14285714,3,3.142857143,2,0,1,5.666666667,3,3.117647059,3,10.52737143,3,20.72,2,688.282,4,462.68,3,B23-SAV,Mission Bay,0.1449,open,U,U,U,,Zostera marina,1.49,32.7771,-117.2373,meadow,large_embayment,7,11/25/24,106,Merkel,cross-parallel,,targeted
1237,B23-SAV-908,48.97246377,3,33,2,31.14285714,3,3.142857143,2,0,1,5.666666667,3,3.117647059,3,10.52737143,3,20.72,2,688.282,4,462.68,3,B23-SAV,Mission Bay,0.1449,open,U,U,U,,Zostera marina,1.49,32.7771,-117.2373,meadow,large_embayment,7,11/25/24,106,Merkel,cross-parallel,,targeted
1238,B23-SAV-908,48.97246377,3,33,2,31.14285714,3,3.142857143,2,0,1,5.666666667,3,3.117647059,3,10.52737143,3,20.72,2,688.282,4,462.68,3,B23-SAV,Mission Bay,0.1449,open,U,U,U,,Zostera marina,1.49,32.7771,-117.2373,meadow,large_embayment,7,11/25/24,106,Merkel,cross-parallel,,targeted
1239,B23-SAV-908,48.97246377,3,33,2,31.14285714,3,3.142857143,2,0,1,5.666666667,3,3.117647059,3,10.52737143,3,20.72,2,688.282,4,462.68,3,B23-SAV,Mission Bay,0.1449,open,U,U,U,,Zostera marina,1.49,32.7771,-117.2373,meadow,large_embayment,7,11/25/24,106,Merkel,cross-parallel,,targeted
1240,B23-SAV-908,48.97246377,3,33,2,31.14285714,3,3.142857143,2,0,1,5.666666667,3,3.117647059,3,10.52737143,3,20.72,2,688.282,4,462.68,3,B23-SAV,Mission Bay,0.1449,open,U,U,U,,Zostera marina,1.49,32.7771,-117.2373,meadow,large_embayment,7,11/25/24,106,Merkel,cross-parallel,,targeted
1241,B23-SAV-908,48.97246377,3,33,2,31.14285714,3,3.142857143,2,0,1,5.666666667,3,3.117647059,3,10.52737143,3,20.72,2,688.282,4,462.68,3,B23-SAV,Mission Bay,0.1449,open,U,U,U,,Zostera marina,1.49,32.7771,-117.2373,meadow,large_embayment,7,11/25/24,106,Merkel,cross-parallel,,targeted
1242,B23-SAV-908,48.97246377,3,33,2,31.14285714,3,3.142857143,2,0,1,5.666666667,3,3.117647059,3,10.52737143,3,20.72,2,688.282,4,462.68,3,B23-SAV,Mission Bay,0.1449,open,U,U,U,,Zostera marina,1.49,32.7771,-117.2373,meadow,large_embayment,7,11/25/24,106,Merkel,cross-parallel,,targeted
1243,B23-SAV-908,48.97246377,3,33,2,31.14285714,3,3.142857143,2,0,1,5.666666667,3,3.117647059,3,10.52737143,3,20.72,2,688.282,4,462.68,3,B23-SAV,Mission Bay,0.1449,open,U,U,U,,Zostera marina,1.49,32.7771,-117.2373,meadow,large_embayment,7,11/25/24,106,Merkel,cross-parallel,,targeted
1244,B23-SAV-908,48.97246377,3,33,2,31.14285714,3,3.142857143,2,0,1,5.666666667,3,3.117647059,3,10.52737143,3,20.72,2,688.282,4,462.68,3,B23-SAV,Mission Bay,0.1449,open,U,U,U,,Zostera marina,1.49,32.7771,-117.2373,meadow,large_embayment,7,11/25/24,106,Merkel,cross-parallel,,targeted
1245,B23-SAV-908,48.97246377,3,33,2,31.14285714,3,3.142857143,2,0,1,5.666666667,3,3.117647059,3,10.52737143,3,20.72,2,688.282,4,462.68,3,B23-SAV,Mission Bay,0.1449,open,U,U,U,,Zostera marina,1.49,32.7771,-117.2373,meadow,large_embayment,7,11/25/24,106,Merkel,cross-parallel,,targeted
1246,B23-SAV-908,48.97246377,3,33,2,31.14285714,3,3.142857143,2,0,1,5.666666667,3,3.117647059,3,10.52737143,3,20.72,2,688.282,4,462.68,3,B23-SAV,Mission Bay,0.1449,open,U,U,U,,Zostera marina,1.49,32.7771,-117.2373,meadow,large_embayment,7,11/25/24,106,Merkel,cross-parallel,,targeted
1247,B23-SAV-908,48.97246377,3,33,2,31.14285714,3,3.142857143,2,0,1,5.666666667,3,3.117647059,3,10.52737143,3,20.72,2,688.282,4,462.68,3,B23-SAV,Mission Bay,0.1449,open,U,U,U,,Zostera marina,1.49,32.7771,-117.2373,meadow,large_embayment,7,11/25/24,106,Merkel,cross-parallel,,targeted
1248,B23-SAV-908,48.97246377,3,33,2,31.14285714,3,3.142857143,2,0,1,5.666666667,3,3.117647059,3,10.52737143,3,20.72,2,688.282,4,462.68,3,B23-SAV,Mission Bay,0.1449,open,U,U,U,,Zostera marina,1.49,32.7771,-117.2373,meadow,large_embayment,7,11/25/24,106,Merkel,cross-parallel,,targeted
1249,B23-SAV-908,48.97246377,3,33,2,31.14285714,3,3.142857143,2,0,1,5.666666667,3,3.117647059,3,10.52737143,3,20.72,2,688.282,4,462.68,3,B23-SAV,Mission Bay,0.1449,open,U,U,U,,Zostera marina,1.49,32.7771,-117.2373,meadow,large_embayment,7,11/25/24,106,Merkel,cross-parallel,,targeted
1250,B23-SAV-908,48.97246377,3,33,2,31.14285714,3,3.142857143,2,0,1,5.666666667,3,3.117647059,3,10.52737143,3,20.72,2,688.282,4,462.68,3,B23-SAV,Mission Bay,0.1449,open,U,U,U,,Zostera marina,1.49,32.7771,-117.2373,meadow,large_embayment,7,11/25/24,106,Merkel,cross-parallel,,targeted
1251,B23-SAV-908,48.97246377,3,33,2,31.14285714,3,3.142857143,2,0,1,5.666666667,3,3.117647059,3,10.52737143,3,20.72,2,688.282,4,462.68,3,B23-SAV,Mission Bay,0.1449,open,U,U,U,,Zostera marina,1.49,32.7771,-117.2373,meadow,large_embayment,7,11/25/24,106,Merkel,cross-parallel,,targeted
1252,B23-SAV-908,48.97246377,3,33,2,31.14285714,3,3.142857143,2,0,1,5.666666667,3,3.117647059,3,10.52737143,3,20.72,2,688.282,4,462.68,3,B23-SAV,Mission Bay,0.1449,open,U,U,U,,Zostera marina,1.49,32.7771,-117.2373,meadow,large_embayment,7,11/25/24,106,Merkel,cross-parallel,,targeted
1253,B23-SAV-908,48.97246377,3,33,2,31.14285714,3,3.142857143,2,0,1,5.666666667,3,3.117647059,3,10.52737143,3,20.72,2,688.282,4,462.68,3,B23-SAV,Mission Bay,0.1449,open,U,U,U,,Zostera marina,1.49,32.7771,-117.2373,meadow,large_embayment,7,11/25/24,106,Merkel,cross-parallel,,targeted
1254,B23-SAV-908,48.97246377,3,33,2,31.14285714,3,3.142857143,2,0,1,5.666666667,3,3.117647059,3,10.52737143,3,20.72,2,688.282,4,462.68,3,B23-SAV,Mission Bay,0.1449,open,U,U,U,,Zostera marina,1.49,32.7771,-117.2373,meadow,large_embayment,7,11/25/24,106,Merkel,cross-parallel,,targeted
1255,B23-SAV-908,48.97246377,3,33,2,31.14285714,3,3.142857143,2,0,1,5.666666667,3,3.117647059,3,10.52737143,3,20.72,2,688.282,4,462.68,3,B23-SAV,Mission Bay,0.1449,open,U,U,U,,Zostera marina,1.49,32.7771,-117.2373,meadow,large_embayment,7,11/25/24,106,Merkel,cross-parallel,,targeted
1256,B23-SAV-908,48.97246377,3,33,2,31.14285714,3,3.142857143,2,0,1,5.666666667,3,3.117647059,3,10.52737143,3,20.72,2,688.282,4,462.68,3,B23-SAV,Mission Bay,0.1449,open,U,U,U,,Zostera marina,1.49,32.7771,-117.2373,meadow,large_embayment,7,11/25/24,106,Merkel,cross-parallel,,targeted
1257,B23-SAV-908,48.97246377,3,33,2,31.14285714,3,3.142857143,2,0,1,5.666666667,3,3.117647059,3,10.52737143,3,20.72,2,688.282,4,462.68,3,B23-SAV,Mission Bay,0.1449,open,U,U,U,,Zostera marina,1.49,32.7771,-117.2373,meadow,large_embayment,7,11/25/24,106,Merkel,cross-parallel,,targeted
1258,B23-SAV-908,48.97246377,3,33,2,31.14285714,3,3.142857143,2,0,1,5.666666667,3,3.117647059,3,10.52737143,3,20.72,2,688.282,4,462.68,3,B23-SAV,Mission Bay,0.1449,open,U,U,U,,Zostera marina,1.49,32.7771,-117.2373,meadow,large_embayment,7,11/25/24,106,Merkel,cross-parallel,,targeted
1259,B23-SAV-908,48.97246377,3,33,2,31.14285714,3,3.142857143,2,0,1,5.666666667,3,3.117647059,3,10.52737143,3,20.72,2,688.282,4,462.68,3,B23-SAV,Mission Bay,0.1449,open,U,U,U,,Zostera marina,1.49,32.7771,-117.2373,meadow,large_embayment,7,11/25/24,106,Merkel,cross-parallel,,targeted
1260,B23-SAV-908,48.97246377,3,33,2,31.14285714,3,3.142857143,2,0,1,5.666666667,3,3.117647059,3,10.52737143,3,20.72,2,688.282,4,462.68,3,B23-SAV,Mission Bay,0.1449,open,U,U,U,,Zostera marina,1.49,32.7771,-117.2373,meadow,large_embayment,7,11/25/24,106,Merkel,cross-parallel,,targeted
1261,B23-SAV-908,48.97246377,3,33,2,31.14285714,3,3.142857143,2,0,1,5.666666667,3,3.117647059,3,10.52737143,3,20.72,2,688.282,4,462.68,3,B23-SAV,Mission Bay,0.1449,open,U,U,U,,Zostera marina,1.49,32.7771,-117.2373,meadow,large_embayment,7,11/25/24,106,Merkel,cross-parallel,,targeted
1262,B23-SAV-908,48.97246377,3,33,2,31.14285714,3,3.142857143,2,0,1,5.666666667,3,3.117647059,3,10.52737143,3,20.72,2,688.282,4,462.68,3,B23-SAV,Mission Bay,0.1449,open,U,U,U,,Zostera marina,1.49,32.7771,-117.2373,meadow,large_embayment,7,11/25/24,106,Merkel,cross-parallel,,targeted
1263,B23-SAV-908,48.97246377,3,33,2,31.14285714,3,3.142857143,2,0,1,5.666666667,3,3.117647059,3,10.52737143,3,20.72,2,688.282,4,462.68,3,B23-SAV,Mission Bay,0.1449,open,U,U,U,,Zostera marina,1.49,32.7771,-117.2373,meadow,large_embayment,7,11/25/24,106,Merkel,cross-parallel,,targeted
1264,B23-SAV-908,48.97246377,3,33,2,31.14285714,3,3.142857143,2,0,1,5.666666667,3,3.117647059,3,10.52737143,3,20.72,2,688.282,4,462.68,3,B23-SAV,Mission Bay,0.1449,open,U,U,U,,Zostera marina,1.49,32.7771,-117.2373,meadow,large_embayment,7,11/25/24,106,Merkel,cross-parallel,,targeted
1265,B23-SAV-908,48.97246377,3,33,2,31.14285714,3,3.142857143,2,0,1,5.666666667,3,3.117647059,3,10.52737143,3,20.72,2,688.282,4,462.68,3,B23-SAV,Mission Bay,0.1449,open,U,U,U,,Zostera marina,1.49,32.7771,-117.2373,meadow,large_embayment,7,11/25/24,106,Merkel,cross-parallel,,targeted
1266,B23-SAV-908,48.97246377,3,33,2,31.14285714,3,3.142857143,2,0,1,5.666666667,3,3.117647059,3,10.52737143,3,20.72,2,688.282,4,462.68,3,B23-SAV,Mission Bay,0.1449,open,U,U,U,,Zostera marina,1.49,32.7771,-117.2373,meadow,large_embayment,7,11/25/24,106,Merkel,cross-parallel,,targeted
1267,B23-SAV-908,48.97246377,3,33,2,31.14285714,3,3.142857143,2,0,1,5.666666667,3,3.117647059,3,10.52737143,3,20.72,2,688.282,4,462.68,3,B23-SAV,Mission Bay,0.1449,open,U,U,U,,Zostera marina,1.49,32.7771,-117.2373,meadow,large_embayment,7,11/25/24,106,Merkel,cross-parallel,,targeted
1268,B23-SAV-908,48.97246377,3,33,2,31.14285714,3,3.142857143,2,0,1,5.666666667,3,3.117647059,3,10.52737143,3,20.72,2,688.282,4,462.68,3,B23-SAV,Mission Bay,0.1449,open,U,U,U,,Zostera marina,1.49,32.7771,-117.2373,meadow,large_embayment,7,11/25/24,106,Merkel,cross-parallel,,targeted
1269,B23-SAV-908,48.97246377,3,33,2,31.14285714,3,3.142857143,2,0,1,5.666666667,3,3.117647059,3,10.52737143,3,20.72,2,688.282,4,462.68,3,B23-SAV,Mission Bay,0.1449,open,U,U,U,,Zostera marina,1.49,32.7771,-117.2373,meadow,large_embayment,7,11/25/24,106,Merkel,cross-parallel,,targeted
1270,B23-SAV-908,48.97246377,3,33,2,31.14285714,3,3.142857143,2,0,1,5.666666667,3,3.117647059,3,10.52737143,3,20.72,2,688.282,4,462.68,3,B23-SAV,Mission Bay,0.1449,open,U,U,U,,Zostera marina,1.49,32.7771,-117.2373,meadow,large_embayment,7,11/25/24,106,Merkel,cross-parallel,,targeted
1271,B23-SAV-908,48.97246377,3,33,2,31.14285714,3,3.142857143,2,0,1,5.666666667,3,3.117647059,3,10.52737143,3,20.72,2,688.282,4,462.68,3,B23-SAV,Mission Bay,0.1449,open,U,U,U,,Zostera marina,1.49,32.7771,-117.2373,meadow,large_embayment,7,11/25/24,106,Merkel,cross-parallel,,targeted
1272,B23-SAV-908,48.97246377,3,33,2,31.14285714,3,3.142857143,2,0,1,5.666666667,3,3.117647059,3,10.52737143,3,20.72,2,688.282,4,462.68,3,B23-SAV,Mission Bay,0.1449,open,U,U,U,,Zostera marina,1.49,32.7771,-117.2373,meadow,large_embayment,7,11/25/24,106,Merkel,cross-parallel,,targeted
1273,B23-SAV-908,48.97246377,3,33,2,31.14285714,3,3.142857143,2,0,1,5.666666667,3,3.117647059,3,10.52737143,3,20.72,2,688.282,4,462.68,3,B23-SAV,Mission Bay,0.1449,open,U,U,U,,Zostera marina,1.49,32.7771,-117.2373,meadow,large_embayment,7,11/25/24,106,Merkel,cross-parallel,,targeted
1274,B23-SAV-908,48.97246377,3,33,2,31.14285714,3,3.142857143,2,0,1,5.666666667,3,3.117647059,3,10.52737143,3,20.72,2,688.282,4,462.68,3,B23-SAV,Mission Bay,0.1449,open,U,U,U,,Zostera marina,1.49,32.7771,-117.2373,meadow,large_embayment,7,11/25/24,106,Merkel,cross-parallel,,targeted
1275,B23-SAV-908,48.97246377,3,33,2,31.14285714,3,3.142857143,2,0,1,5.666666667,3,3.117647059,3,10.52737143,3,20.72,2,688.282,4,462.68,3,B23-SAV,Mission Bay,0.1449,open,U,U,U,,Zostera marina,1.49,32.7771,-117.2373,meadow,large_embayment,7,11/25/24,106,Merkel,cross-parallel,,targeted
1276,B23-SAV-908,48.97246377,3,33,2,31.14285714,3,3.142857143,2,0,1,5.666666667,3,3.117647059,3,10.52737143,3,20.72,2,688.282,4,462.68,3,B23-SAV,Mission Bay,0.1449,open,U,U,U,,Zostera marina,1.49,32.7771,-117.2373,meadow,large_embayment,7,11/25/24,106,Merkel,cross-parallel,,targeted
1277,B23-SAV-908,48.97246377,3,33,2,31.14285714,3,3.142857143,2,0,1,5.666666667,3,3.117647059,3,10.52737143,3,20.72,2,688.282,4,462.68,3,B23-SAV,Mission Bay,0.1449,open,U,U,U,,Zostera marina,1.49,32.7771,-117.2373,meadow,large_embayment,7,11/25/24,106,Merkel,cross-parallel,,targeted
1278,B23-SAV-908,48.97246377,3,33,2,31.14285714,3,3.142857143,2,0,1,5.666666667,3,3.117647059,3,10.52737143,3,20.72,2,688.282,4,462.68,3,B23-SAV,Mission Bay,0.1449,open,U,U,U,,Zostera marina,1.49,32.7771,-117.2373,meadow,large_embayment,7,11/25/24,106,Merkel,cross-parallel,,targeted
1279,B23-SAV-908,48.97246377,3,33,2,31.14285714,3,3.142857143,2,0,1,5.666666667,3,3.117647059,3,10.52737143,3,20.72,2,688.282,4,462.68,3,B23-SAV,Mission Bay,0.1449,open,U,U,U,,Zostera marina,1.49,32.7771,-117.2373,meadow,large_embayment,7,11/25/24,106,Merkel,cross-parallel,,targeted
1280,B23-SAV-908,48.97246377,3,33,2,31.14285714,3,3.142857143,2,0,1,5.666666667,3,3.117647059,3,10.52737143,3,20.72,2,688.282,4,462.68,3,B23-SAV,Mission Bay,0.1449,open,U,U,U,,Zostera marina,1.49,32.7771,-117.2373,meadow,large_embayment,7,11/25/24,106,Merkel,cross-parallel,,targeted
1281,B23-SAV-908,48.97246377,3,33,2,31.14285714,3,3.142857143,2,0,1,5.666666667,3,3.117647059,3,10.52737143,3,20.72,2,688.282,4,462.68,3,B23-SAV,Mission Bay,0.1449,open,U,U,U,,Zostera marina,1.49,32.7771,-117.2373,meadow,large_embayment,7,11/25/24,106,Merkel,cross-parallel,,targeted
1282,B23-SAV-908,48.97246377,3,33,2,31.14285714,3,3.142857143,2,0,1,5.666666667,3,3.117647059,3,10.52737143,3,20.72,2,688.282,4,462.68,3,B23-SAV,Mission Bay,0.1449,open,U,U,U,,Zostera marina,1.49,32.7771,-117.2373,meadow,large_embayment,7,11/25/24,106,Merkel,cross-parallel,,targeted
1283,B23-SAV-908,48.97246377,3,33,2,31.14285714,3,3.142857143,2,0,1,5.666666667,3,3.117647059,3,10.52737143,3,20.72,2,688.282,4,462.68,3,B23-SAV,Mission Bay,0.1449,open,U,U,U,,Zostera marina,1.49,32.7771,-117.2373,meadow,large_embayment,7,11/25/24,106,Merkel,cross-parallel,,targeted
1284,B23-SAV-908,48.97246377,3,33,2,31.14285714,3,3.142857143,2,0,1,5.666666667,3,3.117647059,3,10.52737143,3,20.72,2,688.282,4,462.68,3,B23-SAV,Mission Bay,0.1449,open,U,U,U,,Zostera marina,1.49,32.7771,-117.2373,meadow,large_embayment,7,11/25/24,106,Merkel,cross-parallel,,targeted
1285,B23-SAV-908,48.97246377,3,33,2,31.14285714,3,3.142857143,2,0,1,5.666666667,3,3.117647059,3,10.52737143,3,20.72,2,688.282,4,462.68,3,B23-SAV,Mission Bay,0.1449,open,U,U,U,,Zostera marina,1.49,32.7771,-117.2373,meadow,large_embayment,7,11/25/24,106,Merkel,cross-parallel,,targeted
1286,B23-SAV-908,48.97246377,3,33,2,31.14285714,3,3.142857143,2,0,1,5.666666667,3,3.117647059,3,10.52737143,3,20.72,2,688.282,4,462.68,3,B23-SAV,Mission Bay,0.1449,open,U,U,U,,Zostera marina,1.49,32.7771,-117.2373,meadow,large_embayment,7,11/25/24,106,Merkel,cross-parallel,,targeted
1287,B23-SAV-908,48.97246377,3,33,2,31.14285714,3,3.142857143,2,0,1,5.666666667,3,3.117647059,3,10.52737143,3,20.72,2,688.282,4,462.68,3,B23-SAV,Mission Bay,0.1449,open,U,U,U,,Zostera marina,1.49,32.7771,-117.2373,meadow,large_embayment,7,11/25/24,106,Merkel,cross-parallel,,targeted
1288,B23-SAV-908,48.97246377,3,33,2,31.14285714,3,3.142857143,2,0,1,5.666666667,3,3.117647059,3,10.52737143,3,20.72,2,688.282,4,462.68,3,B23-SAV,Mission Bay,0.1449,open,U,U,U,,Zostera marina,1.49,32.7771,-117.2373,meadow,large_embayment,7,11/25/24,106,Merkel,cross-parallel,,targeted
1289,B23-SAV-908,48.97246377,3,33,2,31.14285714,3,3.142857143,2,0,1,5.666666667,3,3.117647059,3,10.52737143,3,20.72,2,688.282,4,462.68,3,B23-SAV,Mission Bay,0.1449,open,U,U,U,,Zostera marina,1.49,32.7771,-117.2373,meadow,large_embayment,7,11/25/24,106,Merkel,cross-parallel,,targeted
1290,B23-SAV-908,48.97246377,3,33,2,31.14285714,3,3.142857143,2,0,1,5.666666667,3,3.117647059,3,10.52737143,3,20.72,2,688.282,4,462.68,3,B23-SAV,Mission Bay,0.1449,open,U,U,U,,Zostera marina,1.49,32.7771,-117.2373,meadow,large_embayment,7,11/25/24,106,Merkel,cross-parallel,,targeted
1291,B23-SAV-908,48.97246377,3,33,2,31.14285714,3,3.142857143,2,0,1,5.666666667,3,3.117647059,3,10.52737143,3,20.72,2,688.282,4,462.68,3,B23-SAV,Mission Bay,0.1449,open,U,U,U,,Zostera marina,1.49,32.7771,-117.2373,meadow,large_embayment,7,11/25/24,106,Merkel,cross-parallel,,targeted
1292,B23-SAV-908,48.97246377,3,33,2,31.14285714,3,3.142857143,2,0,1,5.666666667,3,3.117647059,3,10.52737143,3,20.72,2,688.282,4,462.68,3,B23-SAV,Mission Bay,0.1449,open,U,U,U,,Zostera marina,1.49,32.7771,-117.2373,meadow,large_embayment,7,11/25/24,106,Merkel,cross-parallel,,targeted
1293,B23-SAV-908,48.97246377,3,33,2,31.14285714,3,3.142857143,2,0,1,5.666666667,3,3.117647059,3,10.52737143,3,20.72,2,688.282,4,462.68,3,B23-SAV,Mission Bay,0.1449,open,U,U,U,,Zostera marina,1.49,32.7771,-117.2373,meadow,large_embayment,7,11/25/24,106,Merkel,cross-parallel,,targeted
1294,B23-SAV-908,48.97246377,3,33,2,31.14285714,3,3.142857143,2,0,1,5.666666667,3,3.117647059,3,10.52737143,3,20.72,2,688.282,4,462.68,3,B23-SAV,Mission Bay,0.1449,open,U,U,U,,Zostera marina,1.49,32.7771,-117.2373,meadow,large_embayment,7,11/25/24,106,Merkel,cross-parallel,,targeted
1295,B23-SAV-908,48.97246377,3,33,2,31.14285714,3,3.142857143,2,0,1,5.666666667,3,3.117647059,3,10.52737143,3,20.72,2,688.282,4,462.68,3,B23-SAV,Mission Bay,0.1449,open,U,U,U,,Zostera marina,1.49,32.7771,-117.2373,meadow,large_embayment,7,11/25/24,106,Merkel,cross-parallel,,targeted
1296,B23-SAV-908,48.97246377,3,33,2,31.14285714,3,3.142857143,2,0,1,5.666666667,3,3.117647059,3,10.52737143,3,20.72,2,688.282,4,462.68,3,B23-SAV,Mission Bay,0.1449,open,U,U,U,,Zostera marina,1.49,32.7771,-117.2373,meadow,large_embayment,7,11/25/24,106,Merkel,cross-parallel,,targeted
1297,B23-SAV-908,48.97246377,3,33,2,31.14285714,3,3.142857143,2,0,1,5.666666667,3,3.117647059,3,10.52737143,3,20.72,2,688.282,4,462.68,3,B23-SAV,Mission Bay,0.1449,open,U,U,U,,Zostera marina,1.49,32.7771,-117.2373,meadow,large_embayment,7,11/25/24,106,Merkel,cross-parallel,,targeted
1298,B23-SAV-908,48.97246377,3,33,2,31.14285714,3,3.142857143,2,0,1,5.666666667,3,3.117647059,3,10.52737143,3,20.72,2,688.282,4,462.68,3,B23-SAV,Mission Bay,0.1449,open,U,U,U,,Zostera marina,1.49,32.7771,-117.2373,meadow,large_embayment,7,11/25/24,106,Merkel,cross-parallel,,targeted
1299,B23-SAV-908,48.97246377,3,33,2,31.14285714,3,3.142857143,2,0,1,5.666666667,3,3.117647059,3,10.52737143,3,20.72,2,688.282,4,462.68,3,B23-SAV,Mission Bay,0.1449,open,U,U,U,,Zostera marina,1.49,32.7771,-117.2373,meadow,large_embayment,7,11/25/24,106,Merkel,cross-parallel,,targeted
1300,B23-SAV-908,48.97246377,3,33,2,31.14285714,3,3.142857143,2,0,1,5.666666667,3,3.117647059,3,10.52737143,3,20.72,2,688.282,4,462.68,3,B23-SAV,Mission Bay,0.1449,open,U,U,U,,Zostera marina,1.49,32.7771,-117.2373,meadow,large_embayment,7,11/25/24,106,Merkel,cross-parallel,,targeted
1301,B23-SAV-908,48.97246377,3,33,2,31.14285714,3,3.142857143,2,0,1,5.666666667,3,3.117647059,3,10.52737143,3,20.72,2,688.282,4,462.68,3,B23-SAV,Mission Bay,0.1449,open,U,U,U,,Zostera marina,1.49,32.7771,-117.2373,meadow,large_embayment,7,11/25/24,106,Merkel,cross-parallel,,targeted
1302,B23-SAV-908,48.97246377,3,33,2,31.14285714,3,3.142857143,2,0,1,5.666666667,3,3.117647059,3,10.52737143,3,20.72,2,688.282,4,462.68,3,B23-SAV,Mission Bay,0.1449,open,U,U,U,,Zostera marina,1.49,32.7771,-117.2373,meadow,large_embayment,7,11/25/24,106,Merkel,cross-parallel,,targeted
1303,B23-SAV-908,48.97246377,3,33,2,31.14285714,3,3.142857143,2,0,1,5.666666667,3,3.117647059,3,10.52737143,3,20.72,2,688.282,4,462.68,3,B23-SAV,Mission Bay,0.1449,open,U,U,U,,Zostera marina,1.49,32.7771,-117.2373,meadow,large_embayment,7,11/25/24,106,Merkel,cross-parallel,,targeted
1304,B23-SAV-908,48.97246377,3,33,2,31.14285714,3,3.142857143,2,0,1,5.666666667,3,3.117647059,3,10.52737143,3,20.72,2,688.282,4,462.68,3,B23-SAV,Mission Bay,0.1449,open,U,U,U,,Zostera marina,1.49,32.7771,-117.2373,meadow,large_embayment,7,11/25/24,106,Merkel,cross-parallel,,targeted
1305,B23-SAV-908,48.97246377,3,33,2,31.14285714,3,3.142857143,2,0,1,5.666666667,3,3.117647059,3,10.52737143,3,20.72,2,688.282,4,462.68,3,B23-SAV,Mission Bay,0.1449,open,U,U,U,,Zostera marina,1.49,32.7771,-117.2373,meadow,large_embayment,7,11/25/24,106,Merkel,cross-parallel,,targeted
1306,B23-SAV-908,48.97246377,3,33,2,31.14285714,3,3.142857143,2,0,1,5.666666667,3,3.117647059,3,10.52737143,3,20.72,2,688.282,4,462.68,3,B23-SAV,Mission Bay,0.1449,open,U,U,U,,Zostera marina,1.49,32.7771,-117.2373,meadow,large_embayment,7,11/25/24,106,Merkel,cross-parallel,,targeted
1307,B23-SAV-908,48.97246377,3,33,2,31.14285714,3,3.142857143,2,0,1,5.666666667,3,3.117647059,3,10.52737143,3,20.72,2,688.282,4,462.68,3,B23-SAV,Mission Bay,0.1449,open,U,U,U,,Zostera marina,1.49,32.7771,-117.2373,meadow,large_embayment,7,11/25/24,106,Merkel,cross-parallel,,targeted
1308,B23-SAV-908,48.97246377,3,33,2,31.14285714,3,3.142857143,2,0,1,5.666666667,3,3.117647059,3,10.52737143,3,20.72,2,688.282,4,462.68,3,B23-SAV,Mission Bay,0.1449,open,U,U,U,,Zostera marina,1.49,32.7771,-117.2373,meadow,large_embayment,7,11/25/24,106,Merkel,cross-parallel,,targeted
1309,B23-SAV-908,48.97246377,3,33,2,31.14285714,3,3.142857143,2,0,1,5.666666667,3,3.117647059,3,10.52737143,3,20.72,2,688.282,4,462.68,3,B23-SAV,Mission Bay,0.1449,open,U,U,U,,Zostera marina,1.49,32.7771,-117.2373,meadow,large_embayment,7,11/25/24,106,Merkel,cross-parallel,,targeted
1310,B23-SAV-908,48.97246377,3,33,2,31.14285714,3,3.142857143,2,0,1,5.666666667,3,3.117647059,3,10.52737143,3,20.72,2,688.282,4,462.68,3,B23-SAV,Mission Bay,0.1449,open,U,U,U,,Zostera marina,1.49,32.7771,-117.2373,meadow,large_embayment,7,11/25/24,106,Merkel,cross-parallel,,targeted
1311,B23-SAV-908,48.97246377,3,33,2,31.14285714,3,3.142857143,2,0,1,5.666666667,3,3.117647059,3,10.52737143,3,20.72,2,688.282,4,462.68,3,B23-SAV,Mission Bay,0.1449,open,U,U,U,,Zostera marina,1.49,32.7771,-117.2373,meadow,large_embayment,7,11/25/24,106,Merkel,cross-parallel,,targeted
1312,B23-SAV-908,48.97246377,3,33,2,31.14285714,3,3.142857143,2,0,1,5.666666667,3,3.117647059,3,10.52737143,3,20.72,2,688.282,4,462.68,3,B23-SAV,Mission Bay,0.1449,open,U,U,U,,Zostera marina,1.49,32.7771,-117.2373,meadow,large_embayment,7,11/25/24,106,Merkel,cross-parallel,,targeted
1313,B23-SAV-908,48.97246377,3,33,2,31.14285714,3,3.142857143,2,0,1,5.666666667,3,3.117647059,3,10.52737143,3,20.72,2,688.282,4,462.68,3,B23-SAV,Mission Bay,0.1449,open,U,U,U,,Zostera marina,1.49,32.7771,-117.2373,meadow,large_embayment,7,11/25/24,106,Merkel,cross-parallel,,targeted
1314,B23-SAV-908,48.97246377,3,33,2,31.14285714,3,3.142857143,2,0,1,5.666666667,3,3.117647059,3,10.52737143,3,20.72,2,688.282,4,462.68,3,B23-SAV,Mission Bay,0.1449,open,U,U,U,,Zostera marina,1.49,32.7771,-117.2373,meadow,large_embayment,7,11/25/24,106,Merkel,cross-parallel,,targeted
1315,B23-SAV-908,48.97246377,3,33,2,31.14285714,3,3.142857143,2,0,1,5.666666667,3,3.117647059,3,10.52737143,3,20.72,2,688.282,4,462.68,3,B23-SAV,Mission Bay,0.1449,open,U,U,U,,Zostera marina,1.49,32.7771,-117.2373,meadow,large_embayment,7,11/25/24,106,Merkel,cross-parallel,,targeted
1316,B23-SAV-908,48.97246377,3,33,2,31.14285714,3,3.142857143,2,0,1,5.666666667,3,3.117647059,3,10.52737143,3,20.72,2,688.282,4,462.68,3,B23-SAV,Mission Bay,0.1449,open,U,U,U,,Zostera marina,1.49,32.7771,-117.2373,meadow,large_embayment,7,11/25/24,106,Merkel,cross-parallel,,targeted
1317,B23-SAV-908,48.97246377,3,33,2,31.14285714,3,3.142857143,2,0,1,5.666666667,3,3.117647059,3,10.52737143,3,20.72,2,688.282,4,462.68,3,B23-SAV,Mission Bay,0.1449,open,U,U,U,,Zostera marina,1.49,32.7771,-117.2373,meadow,large_embayment,7,11/25/24,106,Merkel,cross-parallel,,targeted
1318,B23-SAV-908,48.97246377,3,33,2,31.14285714,3,3.142857143,2,0,1,5.666666667,3,3.117647059,3,10.52737143,3,20.72,2,688.282,4,462.68,3,B23-SAV,Mission Bay,0.1449,open,U,U,U,,Zostera marina,1.49,32.7771,-117.2373,meadow,large_embayment,7,11/25/24,106,Merkel,cross-parallel,,targeted
1319,B23-SAV-908,48.97246377,3,33,2,31.14285714,3,3.142857143,2,0,1,5.666666667,3,3.117647059,3,10.52737143,3,20.72,2,688.282,4,462.68,3,B23-SAV,Mission Bay,0.1449,open,U,U,U,,Zostera marina,1.49,32.7771,-117.2373,meadow,large_embayment,7,11/25/24,106,Merkel,cross-parallel,,targeted
1320,B23-SAV-908,48.97246377,3,33,2,31.14285714,3,3.142857143,2,0,1,5.666666667,3,3.117647059,3,10.52737143,3,20.72,2,688.282,4,462.68,3,B23-SAV,Mission Bay,0.1449,open,U,U,U,,Zostera marina,1.49,32.7771,-117.2373,meadow,large_embayment,7,11/25/24,106,Merkel,cross-parallel,,targeted
1321,B23-SAV-908,48.97246377,3,33,2,31.14285714,3,3.142857143,2,0,1,5.666666667,3,3.117647059,3,10.52737143,3,20.72,2,688.282,4,462.68,3,B23-SAV,Mission Bay,0.1449,open,U,U,U,,Zostera marina,1.49,32.7771,-117.2373,meadow,large_embayment,7,11/25/24,106,Merkel,cross-parallel,,targeted
1322,B23-SAV-908,48.97246377,3,33,2,31.14285714,3,3.142857143,2,0,1,5.666666667,3,3.117647059,3,10.52737143,3,20.72,2,688.282,4,462.68,3,B23-SAV,Mission Bay,0.1449,open,U,U,U,,Zostera marina,1.49,32.7771,-117.2373,meadow,large_embayment,7,11/25/24,106,Merkel,cross-parallel,,targeted
1323,B23-SAV-908,48.97246377,3,33,2,31.14285714,3,3.142857143,2,0,1,5.666666667,3,3.117647059,3,10.52737143,3,20.72,2,688.282,4,462.68,3,B23-SAV,Mission Bay,0.1449,open,U,U,U,,Zostera marina,1.49,32.7771,-117.2373,meadow,large_embayment,7,11/25/24,106,Merkel,cross-parallel,,targeted
1324,B23-SAV-908,48.97246377,3,33,2,31.14285714,3,3.142857143,2,0,1,5.666666667,3,3.117647059,3,10.52737143,3,20.72,2,688.282,4,462.68,3,B23-SAV,Mission Bay,0.1449,open,U,U,U,,Zostera marina,1.49,32.7771,-117.2373,meadow,large_embayment,7,11/25/24,106,Merkel,cross-parallel,,targeted
1325,B23-SAV-908,48.97246377,3,33,2,31.14285714,3,3.142857143,2,0,1,5.666666667,3,3.117647059,3,10.52737143,3,20.72,2,688.282,4,462.68,3,B23-SAV,Mission Bay,0.1449,open,U,U,U,,Zostera marina,1.49,32.7771,-117.2373,meadow,large_embayment,7,11/25/24,106,Merkel,cross-parallel,,targeted
1326,B23-SAV-908,48.97246377,3,33,2,31.14285714,3,3.142857143,2,0,1,5.666666667,3,3.117647059,3,10.52737143,3,20.72,2,688.282,4,462.68,3,B23-SAV,Mission Bay,0.1449,open,U,U,U,,Zostera marina,1.49,32.7771,-117.2373,meadow,large_embayment,7,11/25/24,106,Merkel,cross-parallel,,targeted
1327,B23-SAV-908,48.97246377,3,33,2,31.14285714,3,3.142857143,2,0,1,5.666666667,3,3.117647059,3,10.52737143,3,20.72,2,688.282,4,462.68,3,B23-SAV,Mission Bay,0.1449,open,U,U,U,,Zostera marina,1.49,32.7771,-117.2373,meadow,large_embayment,7,11/25/24,106,Merkel,cross-parallel,,targeted
1328,B23-SAV-908,48.97246377,3,33,2,31.14285714,3,3.142857143,2,0,1,5.666666667,3,3.117647059,3,10.52737143,3,20.72,2,688.282,4,462.68,3,B23-SAV,Mission Bay,0.1449,open,U,U,U,,Zostera marina,1.49,32.7771,-117.2373,meadow,large_embayment,7,11/25/24,106,Merkel,cross-parallel,,targeted
1329,B23-SAV-908,48.97246377,3,33,2,31.14285714,3,3.142857143,2,0,1,5.666666667,3,3.117647059,3,10.52737143,3,20.72,2,688.282,4,462.68,3,B23-SAV,Mission Bay,0.1449,open,U,U,U,,Zostera marina,1.49,32.7771,-117.2373,meadow,large_embayment,7,11/25/24,106,Merkel,cross-parallel,,targeted
1330,B23-SAV-908,48.97246377,3,33,2,31.14285714,3,3.142857143,2,0,1,5.666666667,3,3.117647059,3,10.52737143,3,20.72,2,688.282,4,462.68,3,B23-SAV,Mission Bay,0.1449,open,U,U,U,,Zostera marina,1.49,32.7771,-117.2373,meadow,large_embayment,7,11/25/24,106,Merkel,cross-parallel,,targeted
1331,B23-SAV-908,48.97246377,3,33,2,31.14285714,3,3.142857143,2,0,1,5.666666667,3,3.117647059,3,10.52737143,3,20.72,2,688.282,4,462.68,3,B23-SAV,Mission Bay,0.1449,open,U,U,U,,Zostera marina,1.49,32.7771,-117.2373,meadow,large_embayment,7,11/25/24,106,Merkel,cross-parallel,,targeted
1332,B23-SAV-908,48.97246377,3,33,2,31.14285714,3,3.142857143,2,0,1,5.666666667,3,3.117647059,3,10.52737143,3,20.72,2,688.282,4,462.68,3,B23-SAV,Mission Bay,0.1449,open,U,U,U,,Zostera marina,1.49,32.7771,-117.2373,meadow,large_embayment,7,11/25/24,106,Merkel,cross-parallel,,targeted
1333,B23-SAV-908,48.97246377,3,33,2,31.14285714,3,3.142857143,2,0,1,5.666666667,3,3.117647059,3,10.52737143,3,20.72,2,688.282,4,462.68,3,B23-SAV,Mission Bay,0.1449,open,U,U,U,,Zostera marina,1.49,32.7771,-117.2373,meadow,large_embayment,7,11/25/24,106,Merkel,cross-parallel,,targeted
1334,B23-SAV-908,48.97246377,3,33,2,31.14285714,3,3.142857143,2,0,1,5.666666667,3,3.117647059,3,10.52737143,3,20.72,2,688.282,4,462.68,3,B23-SAV,Mission Bay,0.1449,open,U,U,U,,Zostera marina,1.49,32.7771,-117.2373,meadow,large_embayment,7,11/25/24,106,Merkel,cross-parallel,,targeted
1335,B23-SAV-908,48.97246377,3,33,2,31.14285714,3,3.142857143,2,0,1,5.666666667,3,3.117647059,3,10.52737143,3,20.72,2,688.282,4,462.68,3,B23-SAV,Mission Bay,0.1449,open,U,U,U,,Zostera marina,1.49,32.7771,-117.2373,meadow,large_embayment,7,11/25/24,106,Merkel,cross-parallel,,targeted
1336,B23-SAV-908,48.97246377,3,33,2,31.14285714,3,3.142857143,2,0,1,5.666666667,3,3.117647059,3,10.52737143,3,20.72,2,688.282,4,462.68,3,B23-SAV,Mission Bay,0.1449,open,U,U,U,,Zostera marina,1.49,32.7771,-117.2373,meadow,large_embayment,7,11/25/24,106,Merkel,cross-parallel,,targeted
1337,B23-SAV-908,48.97246377,3,33,2,31.14285714,3,3.142857143,2,0,1,5.666666667,3,3.117647059,3,10.52737143,3,20.72,2,688.282,4,462.68,3,B23-SAV,Mission Bay,0.1449,open,U,U,U,,Zostera marina,1.49,32.7771,-117.2373,meadow,large_embayment,7,11/25/24,106,Merkel,cross-parallel,,targeted
1338,B23-SAV-908,48.97246377,3,33,2,31.14285714,3,3.142857143,2,0,1,5.666666667,3,3.117647059,3,10.52737143,3,20.72,2,688.282,4,462.68,3,B23-SAV,Mission Bay,0.1449,open,U,U,U,,Zostera marina,1.49,32.7771,-117.2373,meadow,large_embayment,7,11/25/24,106,Merkel,cross-parallel,,targeted
1339,B23-SAV-908,48.97246377,3,33,2,31.14285714,3,3.142857143,2,0,1,5.666666667,3,3.117647059,3,10.52737143,3,20.72,2,688.282,4,462.68,3,B23-SAV,Mission Bay,0.1449,open,U,U,U,,Zostera marina,1.49,32.7771,-117.2373,meadow,large_embayment,7,11/25/24,106,Merkel,cross-parallel,,targeted
1340,B23-SAV-908,48.97246377,3,33,2,31.14285714,3,3.142857143,2,0,1,5.666666667,3,3.117647059,3,10.52737143,3,20.72,2,688.282,4,462.68,3,B23-SAV,Mission Bay,0.1449,open,U,U,U,,Zostera marina,1.49,32.7771,-117.2373,meadow,large_embayment,7,11/25/24,106,Merkel,cross-parallel,,targeted
1341,B23-SAV-908,48.97246377,3,33,2,31.14285714,3,3.142857143,2,0,1,5.666666667,3,3.117647059,3,10.52737143,3,20.72,2,688.282,4,462.68,3,B23-SAV,Mission Bay,0.1449,open,U,U,U,,Zostera marina,1.49,32.7771,-117.2373,meadow,large_embayment,7,11/25/24,106,Merkel,cross-parallel,,targeted
1342,B23-SAV-908,48.97246377,3,33,2,31.14285714,3,3.142857143,2,0,1,5.666666667,3,3.117647059,3,10.52737143,3,20.72,2,688.282,4,462.68,3,B23-SAV,Mission Bay,0.1449,open,U,U,U,,Zostera marina,1.49,32.7771,-117.2373,meadow,large_embayment,7,11/25/24,106,Merkel,cross-parallel,,targeted
1343,B23-SAV-908,48.97246377,3,33,2,31.14285714,3,3.142857143,2,0,1,5.666666667,3,3.117647059,3,10.52737143,3,20.72,2,688.282,4,462.68,3,B23-SAV,Mission Bay,0.1449,open,U,U,U,,Zostera marina,1.49,32.7771,-117.2373,meadow,large_embayment,7,11/25/24,106,Merkel,cross-parallel,,targeted
1344,B23-SAV-908,48.97246377,3,33,2,31.14285714,3,3.142857143,2,0,1,5.666666667,3,3.117647059,3,10.52737143,3,20.72,2,688.282,4,462.68,3,B23-SAV,Mission Bay,0.1449,open,U,U,U,,Zostera marina,1.49,32.7771,-117.2373,meadow,large_embayment,7,11/25/24,106,Merkel,cross-parallel,,targeted
1345,B23-SAV-908,48.97246377,3,33,2,31.14285714,3,3.142857143,2,0,1,5.666666667,3,3.117647059,3,10.52737143,3,20.72,2,688.282,4,462.68,3,B23-SAV,Mission Bay,0.1449,open,U,U,U,,Zostera marina,1.49,32.7771,-117.2373,meadow,large_embayment,7,11/25/24,106,Merkel,cross-parallel,,targeted
1346,B23-SAV-908,48.97246377,3,33,2,31.14285714,3,3.142857143,2,0,1,5.666666667,3,3.117647059,3,10.52737143,3,20.72,2,688.282,4,462.68,3,B23-SAV,Mission Bay,0.1449,open,U,U,U,,Zostera marina,1.49,32.7771,-117.2373,meadow,large_embayment,7,11/25/24,106,Merkel,cross-parallel,,targeted
1347,B23-SAV-908,48.97246377,3,33,2,31.14285714,3,3.142857143,2,0,1,5.666666667,3,3.117647059,3,10.52737143,3,20.72,2,688.282,4,462.68,3,B23-SAV,Mission Bay,0.1449,open,U,U,U,,Zostera marina,1.49,32.7771,-117.2373,meadow,large_embayment,7,11/25/24,106,Merkel,cross-parallel,,targeted
1348,B23-SAV-908,48.97246377,3,33,2,31.14285714,3,3.142857143,2,0,1,5.666666667,3,3.117647059,3,10.52737143,3,20.72,2,688.282,4,462.68,3,B23-SAV,Mission Bay,0.1449,open,U,U,U,,Zostera marina,1.49,32.7771,-117.2373,meadow,large_embayment,7,11/25/24,106,Merkel,cross-parallel,,targeted
1349,B23-SAV-908,48.97246377,3,33,2,31.14285714,3,3.142857143,2,0,1,5.666666667,3,3.117647059,3,10.52737143,3,20.72,2,688.282,4,462.68,3,B23-SAV,Mission Bay,0.1449,open,U,U,U,,Zostera marina,1.49,32.7771,-117.2373,meadow,large_embayment,7,11/25/24,106,Merkel,cross-parallel,,targeted
1350,B23-SAV-908,48.97246377,3,33,2,31.14285714,3,3.142857143,2,0,1,5.666666667,3,3.117647059,3,10.52737143,3,20.72,2,688.282,4,462.68,3,B23-SAV,Mission Bay,0.1449,open,U,U,U,,Zostera marina,1.49,32.7771,-117.2373,meadow,large_embayment,7,11/25/24,106,Merkel,cross-parallel,,targeted
1351,B23-SAV-908,48.97246377,3,33,2,31.14285714,3,3.142857143,2,0,1,5.666666667,3,3.117647059,3,10.52737143,3,20.72,2,688.282,4,462.68,3,B23-SAV,Mission Bay,0.1449,open,U,U,U,,Zostera marina,1.49,32.7771,-117.2373,meadow,large_embayment,7,11/25/24,106,Merkel,cross-parallel,,targeted
1352,B23-SAV-908,48.97246377,3,33,2,31.14285714,3,3.142857143,2,0,1,5.666666667,3,3.117647059,3,10.52737143,3,20.72,2,688.282,4,462.68,3,B23-SAV,Mission Bay,0.1449,open,U,U,U,,Zostera marina,1.49,32.7771,-117.2373,meadow,large_embayment,7,11/25/24,106,Merkel,cross-parallel,,targeted
1353,B23-SAV-908,48.97246377,3,33,2,31.14285714,3,3.142857143,2,0,1,5.666666667,3,3.117647059,3,10.52737143,3,20.72,2,688.282,4,462.68,3,B23-SAV,Mission Bay,0.1449,open,U,U,U,,Zostera marina,1.49,32.7771,-117.2373,meadow,large_embayment,7,11/25/24,106,Merkel,cross-parallel,,targeted
1354,B23-SAV-908,48.97246377,3,33,2,31.14285714,3,3.142857143,2,0,1,5.666666667,3,3.117647059,3,10.52737143,3,20.72,2,688.282,4,462.68,3,B23-SAV,Mission Bay,0.1449,open,U,U,U,,Zostera marina,1.49,32.7771,-117.2373,meadow,large_embayment,7,11/25/24,106,Merkel,cross-parallel,,targeted
1355,B23-SAV-908,48.97246377,3,33,2,31.14285714,3,3.142857143,2,0,1,5.666666667,3,3.117647059,3,10.52737143,3,20.72,2,688.282,4,462.68,3,B23-SAV,Mission Bay,0.1449,open,U,U,U,,Zostera marina,1.49,32.7771,-117.2373,meadow,large_embayment,7,11/25/24,106,Merkel,cross-parallel,,targeted
1356,B23-SAV-908,48.97246377,3,33,2,31.14285714,3,3.142857143,2,0,1,5.666666667,3,3.117647059,3,10.52737143,3,20.72,2,688.282,4,462.68,3,B23-SAV,Mission Bay,0.1449,open,U,U,U,,Zostera marina,1.49,32.7771,-117.2373,meadow,large_embayment,7,11/25/24,106,Merkel,cross-parallel,,targeted
1357,B23-SAV-908,48.97246377,3,33,2,31.14285714,3,3.142857143,2,0,1,5.666666667,3,3.117647059,3,10.52737143,3,20.72,2,688.282,4,462.68,3,B23-SAV,Mission Bay,0.1449,open,U,U,U,,Zostera marina,1.49,32.7771,-117.2373,meadow,large_embayment,7,11/25/24,106,Merkel,cross-parallel,,targeted
1358,B23-SAV-908,48.97246377,3,33,2,31.14285714,3,3.142857143,2,0,1,5.666666667,3,3.117647059,3,10.52737143,3,20.72,2,688.282,4,462.68,3,B23-SAV,Mission Bay,0.1449,open,U,U,U,,Zostera marina,1.49,32.7771,-117.2373,meadow,large_embayment,7,11/25/24,106,Merkel,cross-parallel,,targeted
1359,B23-SAV-908,48.97246377,3,33,2,31.14285714,3,3.142857143,2,0,1,5.666666667,3,3.117647059,3,10.52737143,3,20.72,2,688.282,4,462.68,3,B23-SAV,Mission Bay,0.1449,open,U,U,U,,Zostera marina,1.49,32.7771,-117.2373,meadow,large_embayment,7,11/25/24,106,Merkel,cross-parallel,,targeted
1360,B23-SAV-908,48.97246377,3,33,2,31.14285714,3,3.142857143,2,0,1,5.666666667,3,3.117647059,3,10.52737143,3,20.72,2,688.282,4,462.68,3,B23-SAV,Mission Bay,0.1449,open,U,U,U,,Zostera marina,1.49,32.7771,-117.2373,meadow,large_embayment,7,11/25/24,106,Merkel,cross-parallel,,targeted
1361,B23-SAV-908,48.97246377,3,33,2,31.14285714,3,3.142857143,2,0,1,5.666666667,3,3.117647059,3,10.52737143,3,20.72,2,688.282,4,462.68,3,B23-SAV,Mission Bay,0.1449,open,U,U,U,,Zostera marina,1.49,32.7771,-117.2373,meadow,large_embayment,7,11/25/24,106,Merkel,cross-parallel,,targeted
1362,B23-SAV-908,48.97246377,3,33,2,31.14285714,3,3.142857143,2,0,1,5.666666667,3,3.117647059,3,10.52737143,3,20.72,2,688.282,4,462.68,3,B23-SAV,Mission Bay,0.1449,open,U,U,U,,Zostera marina,1.49,32.7771,-117.2373,meadow,large_embayment,7,11/25/24,106,Merkel,cross-parallel,,targeted
1363,B23-SAV-908,48.97246377,3,33,2,31.14285714,3,3.142857143,2,0,1,5.666666667,3,3.117647059,3,10.52737143,3,20.72,2,688.282,4,462.68,3,B23-SAV,Mission Bay,0.1449,open,U,U,U,,Zostera marina,1.49,32.7771,-117.2373,meadow,large_embayment,7,11/25/24,106,Merkel,cross-parallel,,targeted
1364,B23-SAV-908,48.97246377,3,33,2,31.14285714,3,3.142857143,2,0,1,5.666666667,3,3.117647059,3,10.52737143,3,20.72,2,688.282,4,462.68,3,B23-SAV,Mission Bay,0.1449,open,U,U,U,,Zostera marina,1.49,32.7771,-117.2373,meadow,large_embayment,7,11/25/24,106,Merkel,cross-parallel,,targeted
1365,B23-SAV-908,48.97246377,3,33,2,31.14285714,3,3.142857143,2,0,1,5.666666667,3,3.117647059,3,10.52737143,3,20.72,2,688.282,4,462.68,3,B23-SAV,Mission Bay,0.1449,open,U,U,U,,Zostera marina,1.49,32.7771,-117.2373,meadow,large_embayment,7,11/25/24,106,Merkel,cross-parallel,,targeted
1366,B23-SAV-908,48.97246377,3,33,2,31.14285714,3,3.142857143,2,0,1,5.666666667,3,3.117647059,3,10.52737143,3,20.72,2,688.282,4,462.68,3,B23-SAV,Mission Bay,0.1449,open,U,U,U,,Zostera marina,1.49,32.7771,-117.2373,meadow,large_embayment,7,11/25/24,106,Merkel,cross-parallel,,targeted
1367,B23-SAV-908,48.97246377,3,33,2,31.14285714,3,3.142857143,2,0,1,5.666666667,3,3.117647059,3,10.52737143,3,20.72,2,688.282,4,462.68,3,B23-SAV,Mission Bay,0.1449,open,U,U,U,,Zostera marina,1.49,32.7771,-117.2373,meadow,large_embayment,7,11/25/24,106,Merkel,cross-parallel,,targeted
1368,B23-SAV-908,48.97246377,3,33,2,31.14285714,3,3.142857143,2,0,1,5.666666667,3,3.117647059,3,10.52737143,3,20.72,2,688.282,4,462.68,3,B23-SAV,Mission Bay,0.1449,open,U,U,U,,Zostera marina,1.49,32.7771,-117.2373,meadow,large_embayment,7,11/25/24,106,Merkel,cross-parallel,,targeted
1369,B23-SAV-908,48.97246377,3,33,2,31.14285714,3,3.142857143,2,0,1,5.666666667,3,3.117647059,3,10.52737143,3,20.72,2,688.282,4,462.68,3,B23-SAV,Mission Bay,0.1449,open,U,U,U,,Zostera marina,1.49,32.7771,-117.2373,meadow,large_embayment,7,11/25/24,106,Merkel,cross-parallel,,targeted
1370,B23-SAV-908,48.97246377,3,33,2,31.14285714,3,3.142857143,2,0,1,5.666666667,3,3.117647059,3,10.52737143,3,20.72,2,688.282,4,462.68,3,B23-SAV,Mission Bay,0.1449,open,U,U,U,,Zostera marina,1.49,32.7771,-117.2373,meadow,large_embayment,7,11/25/24,106,Merkel,cross-parallel,,targeted
1371,B23-SAV-908,48.97246377,3,33,2,31.14285714,3,3.142857143,2,0,1,5.666666667,3,3.117647059,3,10.52737143,3,20.72,2,688.282,4,462.68,3,B23-SAV,Mission Bay,0.1449,open,U,U,U,,Zostera marina,1.49,32.7771,-117.2373,meadow,large_embayment,7,11/25/24,106,Merkel,cross-parallel,,targeted
1372,B23-SAV-908,48.97246377,3,33,2,31.14285714,3,3.142857143,2,0,1,5.666666667,3,3.117647059,3,10.52737143,3,20.72,2,688.282,4,462.68,3,B23-SAV,Mission Bay,0.1449,open,U,U,U,,Zostera marina,1.49,32.7771,-117.2373,meadow,large_embayment,7,11/25/24,106,Merkel,cross-parallel,,targeted
1373,B23-SAV-908,48.97246377,3,33,2,31.14285714,3,3.142857143,2,0,1,5.666666667,3,3.117647059,3,10.52737143,3,20.72,2,688.282,4,462.68,3,B23-SAV,Mission Bay,0.1449,open,U,U,U,,Zostera marina,1.49,32.7771,-117.2373,meadow,large_embayment,7,11/25/24,106,Merkel,cross-parallel,,targeted
1374,B23-SAV-908,48.97246377,3,33,2,31.14285714,3,3.142857143,2,0,1,5.666666667,3,3.117647059,3,10.52737143,3,20.72,2,688.282,4,462.68,3,B23-SAV,Mission Bay,0.1449,open,U,U,U,,Zostera marina,1.49,32.7771,-117.2373,meadow,large_embayment,7,11/25/24,106,Merkel,cross-parallel,,targeted
1375,B23-SAV-908,48.97246377,3,33,2,31.14285714,3,3.142857143,2,0,1,5.666666667,3,3.117647059,3,10.52737143,3,20.72,2,688.282,4,462.68,3,B23-SAV,Mission Bay,0.1449,open,U,U,U,,Zostera marina,1.49,32.7771,-117.2373,meadow,large_embayment,7,11/25/24,106,Merkel,cross-parallel,,targeted
1376,B23-SAV-908,48.97246377,3,33,2,31.14285714,3,3.142857143,2,0,1,5.666666667,3,3.117647059,3,10.52737143,3,20.72,2,688.282,4,462.68,3,B23-SAV,Mission Bay,0.1449,open,U,U,U,,Zostera marina,1.49,32.7771,-117.2373,meadow,large_embayment,7,11/25/24,106,Merkel,cross-parallel,,targeted
1377,B23-SAV-908,48.97246377,3,33,2,31.14285714,3,3.142857143,2,0,1,5.666666667,3,3.117647059,3,10.52737143,3,20.72,2,688.282,4,462.68,3,B23-SAV,Mission Bay,0.1449,open,U,U,U,,Zostera marina,1.49,32.7771,-117.2373,meadow,large_embayment,7,11/25/24,106,Merkel,cross-parallel,,targeted
1378,B23-SAV-908,48.97246377,3,33,2,31.14285714,3,3.142857143,2,0,1,5.666666667,3,3.117647059,3,10.52737143,3,20.72,2,688.282,4,462.68,3,B23-SAV,Mission Bay,0.1449,open,U,U,U,,Zostera marina,1.49,32.7771,-117.2373,meadow,large_embayment,7,11/25/24,106,Merkel,cross-parallel,,targeted
1379,B23-SAV-908,48.97246377,3,33,2,31.14285714,3,3.142857143,2,0,1,5.666666667,3,3.117647059,3,10.52737143,3,20.72,2,688.282,4,462.68,3,B23-SAV,Mission Bay,0.1449,open,U,U,U,,Zostera marina,1.49,32.7771,-117.2373,meadow,large_embayment,7,11/25/24,106,Merkel,cross-parallel,,targeted
1380,B23-SAV-908,48.97246377,3,33,2,31.14285714,3,3.142857143,2,0,1,5.666666667,3,3.117647059,3,10.52737143,3,20.72,2,688.282,4,462.68,3,B23-SAV,Mission Bay,0.1449,open,U,U,U,,Zostera marina,1.49,32.7771,-117.2373,meadow,large_embayment,7,11/25/24,106,Merkel,cross-parallel,,targeted
1381,B23-SAV-908,48.97246377,3,33,2,31.14285714,3,3.142857143,2,0,1,5.666666667,3,3.117647059,3,10.52737143,3,20.72,2,688.282,4,462.68,3,B23-SAV,Mission Bay,0.1449,open,U,U,U,,Zostera marina,1.49,32.7771,-117.2373,meadow,large_embayment,7,11/25/24,106,Merkel,cross-parallel,,targeted
1382,B23-SAV-908,48.97246377,3,33,2,31.14285714,3,3.142857143,2,0,1,5.666666667,3,3.117647059,3,10.52737143,3,20.72,2,688.282,4,462.68,3,B23-SAV,Mission Bay,0.1449,open,U,U,U,,Zostera marina,1.49,32.7771,-117.2373,meadow,large_embayment,7,11/25/24,106,Merkel,cross-parallel,,targeted
1383,B23-SAV-908,48.97246377,3,33,2,31.14285714,3,3.142857143,2,0,1,5.666666667,3,3.117647059,3,10.52737143,3,20.72,2,688.282,4,462.68,3,B23-SAV,Mission Bay,0.1449,open,U,U,U,,Zostera marina,1.49,32.7771,-117.2373,meadow,large_embayment,7,11/25/24,106,Merkel,cross-parallel,,targeted
1384,B23-SAV-908,48.97246377,3,33,2,31.14285714,3,3.142857143,2,0,1,5.666666667,3,3.117647059,3,10.52737143,3,20.72,2,688.282,4,462.68,3,B23-SAV,Mission Bay,0.1449,open,U,U,U,,Zostera marina,1.49,32.7771,-117.2373,meadow,large_embayment,7,11/25/24,106,Merkel,cross-parallel,,targeted
1385,B23-SAV-908,48.97246377,3,33,2,31.14285714,3,3.142857143,2,0,1,5.666666667,3,3.117647059,3,10.52737143,3,20.72,2,688.282,4,462.68,3,B23-SAV,Mission Bay,0.1449,open,U,U,U,,Zostera marina,1.49,32.7771,-117.2373,meadow,large_embayment,7,11/25/24,106,Merkel,cross-parallel,,targeted
1386,B23-SAV-908,48.97246377,3,33,2,31.14285714,3,3.142857143,2,0,1,5.666666667,3,3.117647059,3,10.52737143,3,20.72,2,688.282,4,462.68,3,B23-SAV,Mission Bay,0.1449,open,U,U,U,,Zostera marina,1.49,32.7771,-117.2373,meadow,large_embayment,7,11/25/24,106,Merkel,cross-parallel,,targeted
1387,B23-SAV-908,48.97246377,3,33,2,31.14285714,3,3.142857143,2,0,1,5.666666667,3,3.117647059,3,10.52737143,3,20.72,2,688.282,4,462.68,3,B23-SAV,Mission Bay,0.1449,open,U,U,U,,Zostera marina,1.49,32.7771,-117.2373,meadow,large_embayment,7,11/25/24,106,Merkel,cross-parallel,,targeted
1388,B23-SAV-908,48.97246377,3,33,2,31.14285714,3,3.142857143,2,0,1,5.666666667,3,3.117647059,3,10.52737143,3,20.72,2,688.282,4,462.68,3,B23-SAV,Mission Bay,0.1449,open,U,U,U,,Zostera marina,1.49,32.7771,-117.2373,meadow,large_embayment,7,11/25/24,106,Merkel,cross-parallel,,targeted
1389,B23-SAV-908,48.97246377,3,33,2,31.14285714,3,3.142857143,2,0,1,5.666666667,3,3.117647059,3,10.52737143,3,20.72,2,688.282,4,462.68,3,B23-SAV,Mission Bay,0.1449,open,U,U,U,,Zostera marina,1.49,32.7771,-117.2373,meadow,large_embayment,7,11/25/24,106,Merkel,cross-parallel,,targeted
1390,B23-SAV-908,48.97246377,3,33,2,31.14285714,3,3.142857143,2,0,1,5.666666667,3,3.117647059,3,10.52737143,3,20.72,2,688.282,4,462.68,3,B23-SAV,Mission Bay,0.1449,open,U,U,U,,Zostera marina,1.49,32.7771,-117.2373,meadow,large_embayment,7,11/25/24,106,Merkel,cross-parallel,,targeted
1391,B23-SAV-908,48.97246377,3,33,2,31.14285714,3,3.142857143,2,0,1,5.666666667,3,3.117647059,3,10.52737143,3,20.72,2,688.282,4,462.68,3,B23-SAV,Mission Bay,0.1449,open,U,U,U,,Zostera marina,1.49,32.7771,-117.2373,meadow,large_embayment,7,11/25/24,106,Merkel,cross-parallel,,targeted
1392,B23-SAV-908,48.97246377,3,33,2,31.14285714,3,3.142857143,2,0,1,5.666666667,3,3.117647059,3,10.52737143,3,20.72,2,688.282,4,462.68,3,B23-SAV,Mission Bay,0.1449,open,U,U,U,,Zostera marina,1.49,32.7771,-117.2373,meadow,large_embayment,7,11/25/24,106,Merkel,cross-parallel,,targeted
1393,B23-SAV-908,48.97246377,3,33,2,31.14285714,3,3.142857143,2,0,1,5.666666667,3,3.117647059,3,10.52737143,3,20.72,2,688.282,4,462.68,3,B23-SAV,Mission Bay,0.1449,open,U,U,U,,Zostera marina,1.49,32.7771,-117.2373,meadow,large_embayment,7,11/25/24,106,Merkel,cross-parallel,,targeted
1394,B23-SAV-908,48.97246377,3,33,2,31.14285714,3,3.142857143,2,0,1,5.666666667,3,3.117647059,3,10.52737143,3,20.72,2,688.282,4,462.68,3,B23-SAV,Mission Bay,0.1449,open,U,U,U,,Zostera marina,1.49,32.7771,-117.2373,meadow,large_embayment,7,11/25/24,106,Merkel,cross-parallel,,targeted
1395,B23-SAV-908,48.97246377,3,33,2,31.14285714,3,3.142857143,2,0,1,5.666666667,3,3.117647059,3,10.52737143,3,20.72,2,688.282,4,462.68,3,B23-SAV,Mission Bay,0.1449,open,U,U,U,,Zostera marina,1.49,32.7771,-117.2373,meadow,large_embayment,7,11/25/24,106,Merkel,cross-parallel,,targeted
1396,B23-SAV-908,48.97246377,3,33,2,31.14285714,3,3.142857143,2,0,1,5.666666667,3,3.117647059,3,10.52737143,3,20.72,2,688.282,4,462.68,3,B23-SAV,Mission Bay,0.1449,open,U,U,U,,Zostera marina,1.49,32.7771,-117.2373,meadow,large_embayment,7,11/25/24,106,Merkel,cross-parallel,,targeted
1397,B23-SAV-908,48.97246377,3,33,2,31.14285714,3,3.142857143,2,0,1,5.666666667,3,3.117647059,3,10.52737143,3,20.72,2,688.282,4,462.68,3,B23-SAV,Mission Bay,0.1449,open,U,U,U,,Zostera marina,1.49,32.7771,-117.2373,meadow,large_embayment,7,11/25/24,106,Merkel,cross-parallel,,targeted
1398,B23-SAV-908,48.97246377,3,33,2,31.14285714,3,3.142857143,2,0,1,5.666666667,3,3.117647059,3,10.52737143,3,20.72,2,688.282,4,462.68,3,B23-SAV,Mission Bay,0.1449,open,U,U,U,,Zostera marina,1.49,32.7771,-117.2373,meadow,large_embayment,7,11/25/24,106,Merkel,cross-parallel,,targeted
1399,B23-SAV-908,48.97246377,3,33,2,31.14285714,3,3.142857143,2,0,1,5.666666667,3,3.117647059,3,10.52737143,3,20.72,2,688.282,4,462.68,3,B23-SAV,Mission Bay,0.1449,open,U,U,U,,Zostera marina,1.49,32.7771,-117.2373,meadow,large_embayment,7,11/25/24,106,Merkel,cross-parallel,,targeted
1400,B23-SAV-908,48.97246377,3,33,2,31.14285714,3,3.142857143,2,0,1,5.666666667,3,3.117647059,3,10.52737143,3,20.72,2,688.282,4,462.68,3,B23-SAV,Mission Bay,0.1449,open,U,U,U,,Zostera marina,1.49,32.7771,-117.2373,meadow,large_embayment,7,11/25/24,106,Merkel,cross-parallel,,targeted
1401,B23-SAV-908,48.97246377,3,33,2,31.14285714,3,3.142857143,2,0,1,5.666666667,3,3.117647059,3,10.52737143,3,20.72,2,688.282,4,462.68,3,B23-SAV,Mission Bay,0.1449,open,U,U,U,,Zostera marina,1.49,32.7771,-117.2373,meadow,large_embayment,7,11/25/24,106,Merkel,cross-parallel,,targeted
1402,B23-SAV-908,48.97246377,3,33,2,31.14285714,3,3.142857143,2,0,1,5.666666667,3,3.117647059,3,10.52737143,3,20.72,2,688.282,4,462.68,3,B23-SAV,Mission Bay,0.1449,open,U,U,U,,Zostera marina,1.49,32.7771,-117.2373,meadow,large_embayment,7,11/25/24,106,Merkel,cross-parallel,,targeted
1403,B23-SAV-908,48.97246377,3,33,2,31.14285714,3,3.142857143,2,0,1,5.666666667,3,3.117647059,3,10.52737143,3,20.72,2,688.282,4,462.68,3,B23-SAV,Mission Bay,0.1449,open,U,U,U,,Zostera marina,1.49,32.7771,-117.2373,meadow,large_embayment,7,11/25/24,106,Merkel,cross-parallel,,targeted
1404,B23-SAV-908,48.97246377,3,33,2,31.14285714,3,3.142857143,2,0,1,5.666666667,3,3.117647059,3,10.52737143,3,20.72,2,688.282,4,462.68,3,B23-SAV,Mission Bay,0.1449,open,U,U,U,,Zostera marina,1.49,32.7771,-117.2373,meadow,large_embayment,7,11/25/24,106,Merkel,cross-parallel,,targeted
1405,B23-SAV-908,48.97246377,3,33,2,31.14285714,3,3.142857143,2,0,1,5.666666667,3,3.117647059,3,10.52737143,3,20.72,2,688.282,4,462.68,3,B23-SAV,Mission Bay,0.1449,open,U,U,U,,Zostera marina,1.49,32.7771,-117.2373,meadow,large_embayment,7,11/25/24,106,Merkel,cross-parallel,,targeted
1406,B23-SAV-908,48.97246377,3,33,2,31.14285714,3,3.142857143,2,0,1,5.666666667,3,3.117647059,3,10.52737143,3,20.72,2,688.282,4,462.68,3,B23-SAV,Mission Bay,0.1449,open,U,U,U,,Zostera marina,1.49,32.7771,-117.2373,meadow,large_embayment,7,11/25/24,106,Merkel,cross-parallel,,targeted
1407,B23-SAV-908,48.97246377,3,33,2,31.14285714,3,3.142857143,2,0,1,5.666666667,3,3.117647059,3,10.52737143,3,20.72,2,688.282,4,462.68,3,B23-SAV,Mission Bay,0.1449,open,U,U,U,,Zostera marina,1.49,32.7771,-117.2373,meadow,large_embayment,7,11/25/24,106,Merkel,cross-parallel,,targeted
1408,B23-SAV-908,48.97246377,3,33,2,31.14285714,3,3.142857143,2,0,1,5.666666667,3,3.117647059,3,10.52737143,3,20.72,2,688.282,4,462.68,3,B23-SAV,Mission Bay,0.1449,open,U,U,U,,Zostera marina,1.49,32.7771,-117.2373,meadow,large_embayment,7,11/25/24,106,Merkel,cross-parallel,,targeted
1409,B23-SAV-908,48.97246377,3,33,2,31.14285714,3,3.142857143,2,0,1,5.666666667,3,3.117647059,3,10.52737143,3,20.72,2,688.282,4,462.68,3,B23-SAV,Mission Bay,0.1449,open,U,U,U,,Zostera marina,1.49,32.7771,-117.2373,meadow,large_embayment,7,11/25/24,106,Merkel,cross-parallel,,targeted
1410,B23-SAV-908,48.97246377,3,33,2,31.14285714,3,3.142857143,2,0,1,5.666666667,3,3.117647059,3,10.52737143,3,20.72,2,688.282,4,462.68,3,B23-SAV,Mission Bay,0.1449,open,U,U,U,,Zostera marina,1.49,32.7771,-117.2373,meadow,large_embayment,7,11/25/24,106,Merkel,cross-parallel,,targeted
1411,B23-SAV-908,48.97246377,3,33,2,31.14285714,3,3.142857143,2,0,1,5.666666667,3,3.117647059,3,10.52737143,3,20.72,2,688.282,4,462.68,3,B23-SAV,Mission Bay,0.1449,open,U,U,U,,Zostera marina,1.49,32.7771,-117.2373,meadow,large_embayment,7,11/25/24,106,Merkel,cross-parallel,,targeted
1412,B23-SAV-908,48.97246377,3,33,2,31.14285714,3,3.142857143,2,0,1,5.666666667,3,3.117647059,3,10.52737143,3,20.72,2,688.282,4,462.68,3,B23-SAV,Mission Bay,0.1449,open,U,U,U,,Zostera marina,1.49,32.7771,-117.2373,meadow,large_embayment,7,11/25/24,106,Merkel,cross-parallel,,targeted
1413,B23-SAV-908,48.97246377,3,33,2,31.14285714,3,3.142857143,2,0,1,5.666666667,3,3.117647059,3,10.52737143,3,20.72,2,688.282,4,462.68,3,B23-SAV,Mission Bay,0.1449,open,U,U,U,,Zostera marina,1.49,32.7771,-117.2373,meadow,large_embayment,7,11/25/24,106,Merkel,cross-parallel,,targeted
1414,B23-SAV-908,48.97246377,3,33,2,31.14285714,3,3.142857143,2,0,1,5.666666667,3,3.117647059,3,10.52737143,3,20.72,2,688.282,4,462.68,3,B23-SAV,Mission Bay,0.1449,open,U,U,U,,Zostera marina,1.49,32.7771,-117.2373,meadow,large_embayment,7,11/25/24,106,Merkel,cross-parallel,,targeted
1415,B23-SAV-908,48.97246377,3,33,2,31.14285714,3,3.142857143,2,0,1,5.666666667,3,3.117647059,3,10.52737143,3,20.72,2,688.282,4,462.68,3,B23-SAV,Mission Bay,0.1449,open,U,U,U,,Zostera marina,1.49,32.7771,-117.2373,meadow,large_embayment,7,11/25/24,106,Merkel,cross-parallel,,targeted
1416,B23-SAV-908,48.97246377,3,33,2,31.14285714,3,3.142857143,2,0,1,5.666666667,3,3.117647059,3,10.52737143,3,20.72,2,688.282,4,462.68,3,B23-SAV,Mission Bay,0.1449,open,U,U,U,,Zostera marina,1.49,32.7771,-117.2373,meadow,large_embayment,7,11/25/24,106,Merkel,cross-parallel,,targeted
1417,B23-SAV-908,48.97246377,3,33,2,31.14285714,3,3.142857143,2,0,1,5.666666667,3,3.117647059,3,10.52737143,3,20.72,2,688.282,4,462.68,3,B23-SAV,Mission Bay,0.1449,open,U,U,U,,Zostera marina,1.49,32.7771,-117.2373,meadow,large_embayment,7,11/25/24,106,Merkel,cross-parallel,,targeted
1418,B23-SAV-908,48.97246377,3,33,2,31.14285714,3,3.142857143,2,0,1,5.666666667,3,3.117647059,3,10.52737143,3,20.72,2,688.282,4,462.68,3,B23-SAV,Mission Bay,0.1449,open,U,U,U,,Zostera marina,1.49,32.7771,-117.2373,meadow,large_embayment,7,11/25/24,106,Merkel,cross-parallel,,targeted
1419,B23-SAV-908,48.97246377,3,33,2,31.14285714,3,3.142857143,2,0,1,5.666666667,3,3.117647059,3,10.52737143,3,20.72,2,688.282,4,462.68,3,B23-SAV,Mission Bay,0.1449,open,U,U,U,,Zostera marina,1.49,32.7771,-117.2373,meadow,large_embayment,7,11/25/24,106,Merkel,cross-parallel,,targeted
1420,B23-SAV-908,48.97246377,3,33,2,31.14285714,3,3.142857143,2,0,1,5.666666667,3,3.117647059,3,10.52737143,3,20.72,2,688.282,4,462.68,3,B23-SAV,Mission Bay,0.1449,open,U,U,U,,Zostera marina,1.49,32.7771,-117.2373,meadow,large_embayment,7,11/25/24,106,Merkel,cross-parallel,,targeted
1421,B23-SAV-908,48.97246377,3,33,2,31.14285714,3,3.142857143,2,0,1,5.666666667,3,3.117647059,3,10.52737143,3,20.72,2,688.282,4,462.68,3,B23-SAV,Mission Bay,0.1449,open,U,U,U,,Zostera marina,1.49,32.7771,-117.2373,meadow,large_embayment,7,11/25/24,106,Merkel,cross-parallel,,targeted
1422,B23-SAV-908,48.97246377,3,33,2,31.14285714,3,3.142857143,2,0,1,5.666666667,3,3.117647059,3,10.52737143,3,20.72,2,688.282,4,462.68,3,B23-SAV,Mission Bay,0.1449,open,U,U,U,,Zostera marina,1.49,32.7771,-117.2373,meadow,large_embayment,7,11/25/24,106,Merkel,cross-parallel,,targeted
1423,B23-SAV-908,48.97246377,3,33,2,31.14285714,3,3.142857143,2,0,1,5.666666667,3,3.117647059,3,10.52737143,3,20.72,2,688.282,4,462.68,3,B23-SAV,Mission Bay,0.1449,open,U,U,U,,Zostera marina,1.49,32.7771,-117.2373,meadow,large_embayment,7,11/25/24,106,Merkel,cross-parallel,,targeted
1424,B23-SAV-908,48.97246377,3,33,2,31.14285714,3,3.142857143,2,0,1,5.666666667,3,3.117647059,3,10.52737143,3,20.72,2,688.282,4,462.68,3,B23-SAV,Mission Bay,0.1449,open,U,U,U,,Zostera marina,1.49,32.7771,-117.2373,meadow,large_embayment,7,11/25/24,106,Merkel,cross-parallel,,targeted
1425,B23-SAV-908,48.97246377,3,33,2,31.14285714,3,3.142857143,2,0,1,5.666666667,3,3.117647059,3,10.52737143,3,20.72,2,688.282,4,462.68,3,B23-SAV,Mission Bay,0.1449,open,U,U,U,,Zostera marina,1.49,32.7771,-117.2373,meadow,large_embayment,7,11/25/24,106,Merkel,cross-parallel,,targeted
1426,B23-SAV-908,48.97246377,3,33,2,31.14285714,3,3.142857143,2,0,1,5.666666667,3,3.117647059,3,10.52737143,3,20.72,2,688.282,4,462.68,3,B23-SAV,Mission Bay,0.1449,open,U,U,U,,Zostera marina,1.49,32.7771,-117.2373,meadow,large_embayment,7,11/25/24,106,Merkel,cross-parallel,,targeted
1427,B23-SAV-908,48.97246377,3,33,2,31.14285714,3,3.142857143,2,0,1,5.666666667,3,3.117647059,3,10.52737143,3,20.72,2,688.282,4,462.68,3,B23-SAV,Mission Bay,0.1449,open,U,U,U,,Zostera marina,1.49,32.7771,-117.2373,meadow,large_embayment,7,11/25/24,106,Merkel,cross-parallel,,targeted
1428,B23-SAV-908,48.97246377,3,33,2,31.14285714,3,3.142857143,2,0,1,5.666666667,3,3.117647059,3,10.52737143,3,20.72,2,688.282,4,462.68,3,B23-SAV,Mission Bay,0.1449,open,U,U,U,,Zostera marina,1.49,32.7771,-117.2373,meadow,large_embayment,7,11/25/24,106,Merkel,cross-parallel,,targeted
1429,B23-SAV-908,48.97246377,3,33,2,31.14285714,3,3.142857143,2,0,1,5.666666667,3,3.117647059,3,10.52737143,3,20.72,2,688.282,4,462.68,3,B23-SAV,Mission Bay,0.1449,open,U,U,U,,Zostera marina,1.49,32.7771,-117.2373,meadow,large_embayment,7,11/25/24,106,Merkel,cross-parallel,,targeted
1430,B23-SAV-908,48.97246377,3,33,2,31.14285714,3,3.142857143,2,0,1,5.666666667,3,3.117647059,3,10.52737143,3,20.72,2,688.282,4,462.68,3,B23-SAV,Mission Bay,0.1449,open,U,U,U,,Zostera marina,1.49,32.7771,-117.2373,meadow,large_embayment,7,11/25/24,106,Merkel,cross-parallel,,targeted
1431,B23-SAV-908,48.97246377,3,33,2,31.14285714,3,3.142857143,2,0,1,5.666666667,3,3.117647059,3,10.52737143,3,20.72,2,688.282,4,462.68,3,B23-SAV,Mission Bay,0.1449,open,U,U,U,,Zostera marina,1.49,32.7771,-117.2373,meadow,large_embayment,7,11/25/24,106,Merkel,cross-parallel,,targeted
1432,B23-SAV-908,48.97246377,3,33,2,31.14285714,3,3.142857143,2,0,1,5.666666667,3,3.117647059,3,10.52737143,3,20.72,2,688.282,4,462.68,3,B23-SAV,Mission Bay,0.1449,open,U,U,U,,Zostera marina,1.49,32.7771,-117.2373,meadow,large_embayment,7,11/25/24,106,Merkel,cross-parallel,,targeted
1433,B23-SAV-908,48.97246377,3,33,2,31.14285714,3,3.142857143,2,0,1,5.666666667,3,3.117647059,3,10.52737143,3,20.72,2,688.282,4,462.68,3,B23-SAV,Mission Bay,0.1449,open,U,U,U,,Zostera marina,1.49,32.7771,-117.2373,meadow,large_embayment,7,11/25/24,106,Merkel,cross-parallel,,targeted
1434,B23-SAV-908,48.97246377,3,33,2,31.14285714,3,3.142857143,2,0,1,5.666666667,3,3.117647059,3,10.52737143,3,20.72,2,688.282,4,462.68,3,B23-SAV,Mission Bay,0.1449,open,U,U,U,,Zostera marina,1.49,32.7771,-117.2373,meadow,large_embayment,7,11/25/24,106,Merkel,cross-parallel,,targeted
1435,B23-SAV-908,48.97246377,3,33,2,31.14285714,3,3.142857143,2,0,1,5.666666667,3,3.117647059,3,10.52737143,3,20.72,2,688.282,4,462.68,3,B23-SAV,Mission Bay,0.1449,open,U,U,U,,Zostera marina,1.49,32.7771,-117.2373,meadow,large_embayment,7,11/25/24,106,Merkel,cross-parallel,,targeted
1436,B23-SAV-908,48.97246377,3,33,2,31.14285714,3,3.142857143,2,0,1,5.666666667,3,3.117647059,3,10.52737143,3,20.72,2,688.282,4,462.68,3,B23-SAV,Mission Bay,0.1449,open,U,U,U,,Zostera marina,1.49,32.7771,-117.2373,meadow,large_embayment,7,11/25/24,106,Merkel,cross-parallel,,targeted
1437,B23-SAV-908,48.97246377,3,33,2,31.14285714,3,3.142857143,2,0,1,5.666666667,3,3.117647059,3,10.52737143,3,20.72,2,688.282,4,462.68,3,B23-SAV,Mission Bay,0.1449,open,U,U,U,,Zostera marina,1.49,32.7771,-117.2373,meadow,large_embayment,7,11/25/24,106,Merkel,cross-parallel,,targeted
1438,B23-SAV-908,48.97246377,3,33,2,31.14285714,3,3.142857143,2,0,1,5.666666667,3,3.117647059,3,10.52737143,3,20.72,2,688.282,4,462.68,3,B23-SAV,Mission Bay,0.1449,open,U,U,U,,Zostera marina,1.49,32.7771,-117.2373,meadow,large_embayment,7,11/25/24,106,Merkel,cross-parallel,,targeted
1439,B23-SAV-908,48.97246377,3,33,2,31.14285714,3,3.142857143,2,0,1,5.666666667,3,3.117647059,3,10.52737143,3,20.72,2,688.282,4,462.68,3,B23-SAV,Mission Bay,0.1449,open,U,U,U,,Zostera marina,1.49,32.7771,-117.2373,meadow,large_embayment,7,11/25/24,106,Merkel,cross-parallel,,targeted
1440,B23-SAV-908,48.97246377,3,33,2,31.14285714,3,3.142857143,2,0,1,5.666666667,3,3.117647059,3,10.52737143,3,20.72,2,688.282,4,462.68,3,B23-SAV,Mission Bay,0.1449,open,U,U,U,,Zostera marina,1.49,32.7771,-117.2373,meadow,large_embayment,7,11/25/24,106,Merkel,cross-parallel,,targeted
1441,B23-SAV-908,48.97246377,3,33,2,31.14285714,3,3.142857143,2,0,1,5.666666667,3,3.117647059,3,10.52737143,3,20.72,2,688.282,4,462.68,3,B23-SAV,Mission Bay,0.1449,open,U,U,U,,Zostera marina,1.49,32.7771,-117.2373,meadow,large_embayment,7,11/25/24,106,Merkel,cross-parallel,,targeted
1442,B23-SAV-908,48.97246377,3,33,2,31.14285714,3,3.142857143,2,0,1,5.666666667,3,3.117647059,3,10.52737143,3,20.72,2,688.282,4,462.68,3,B23-SAV,Mission Bay,0.1449,open,U,U,U,,Zostera marina,1.49,32.7771,-117.2373,meadow,large_embayment,7,11/25/24,106,Merkel,cross-parallel,,targeted
1443,B23-SAV-908,48.97246377,3,33,2,31.14285714,3,3.142857143,2,0,1,5.666666667,3,3.117647059,3,10.52737143,3,20.72,2,688.282,4,462.68,3,B23-SAV,Mission Bay,0.1449,open,U,U,U,,Zostera marina,1.49,32.7771,-117.2373,meadow,large_embayment,7,11/25/24,106,Merkel,cross-parallel,,targeted
1444,B23-SAV-908,48.97246377,3,33,2,31.14285714,3,3.142857143,2,0,1,5.666666667,3,3.117647059,3,10.52737143,3,20.72,2,688.282,4,462.68,3,B23-SAV,Mission Bay,0.1449,open,U,U,U,,Zostera marina,1.49,32.7771,-117.2373,meadow,large_embayment,7,11/25/24,106,Merkel,cross-parallel,,targeted
1445,B23-SAV-908,48.97246377,3,33,2,31.14285714,3,3.142857143,2,0,1,5.666666667,3,3.117647059,3,10.52737143,3,20.72,2,688.282,4,462.68,3,B23-SAV,Mission Bay,0.1449,open,U,U,U,,Zostera marina,1.49,32.7771,-117.2373,meadow,large_embayment,7,11/25/24,106,Merkel,cross-parallel,,targeted
1446,B23-SAV-908,48.97246377,3,33,2,31.14285714,3,3.142857143,2,0,1,5.666666667,3,3.117647059,3,10.52737143,3,20.72,2,688.282,4,462.68,3,B23-SAV,Mission Bay,0.1449,open,U,U,U,,Zostera marina,1.49,32.7771,-117.2373,meadow,large_embayment,7,11/25/24,106,Merkel,cross-parallel,,targeted
1447,B23-SAV-908,48.97246377,3,33,2,31.14285714,3,3.142857143,2,0,1,5.666666667,3,3.117647059,3,10.52737143,3,20.72,2,688.282,4,462.68,3,B23-SAV,Mission Bay,0.1449,open,U,U,U,,Zostera marina,1.49,32.7771,-117.2373,meadow,large_embayment,7,11/25/24,106,Merkel,cross-parallel,,targeted
1448,B23-SAV-908,48.97246377,3,33,2,31.14285714,3,3.142857143,2,0,1,5.666666667,3,3.117647059,3,10.52737143,3,20.72,2,688.282,4,462.68,3,B23-SAV,Mission Bay,0.1449,open,U,U,U,,Zostera marina,1.49,32.7771,-117.2373,meadow,large_embayment,7,11/25/24,106,Merkel,cross-parallel,,targeted
1449,B23-SAV-908,48.97246377,3,33,2,31.14285714,3,3.142857143,2,0,1,5.666666667,3,3.117647059,3,10.52737143,3,20.72,2,688.282,4,462.68,3,B23-SAV,Mission Bay,0.1449,open,U,U,U,,Zostera marina,1.49,32.7771,-117.2373,meadow,large_embayment,7,11/25/24,106,Merkel,cross-parallel,,targeted
1450,B23-SAV-908,48.97246377,3,33,2,31.14285714,3,3.142857143,2,0,1,5.666666667,3,3.117647059,3,10.52737143,3,20.72,2,688.282,4,462.68,3,B23-SAV,Mission Bay,0.1449,open,U,U,U,,Zostera marina,1.49,32.7771,-117.2373,meadow,large_embayment,7,11/25/24,106,Merkel,cross-parallel,,targeted
1451,B23-SAV-908,48.97246377,3,33,2,31.14285714,3,3.142857143,2,0,1,5.666666667,3,3.117647059,3,10.52737143,3,20.72,2,688.282,4,462.68,3,B23-SAV,Mission Bay,0.1449,open,U,U,U,,Zostera marina,1.49,32.7771,-117.2373,meadow,large_embayment,7,11/25/24,106,Merkel,cross-parallel,,targeted
1452,B23-SAV-908,48.97246377,3,33,2,31.14285714,3,3.142857143,2,0,1,5.666666667,3,3.117647059,3,10.52737143,3,20.72,2,688.282,4,462.68,3,B23-SAV,Mission Bay,0.1449,open,U,U,U,,Zostera marina,1.49,32.7771,-117.2373,meadow,large_embayment,7,11/25/24,106,Merkel,cross-parallel,,targeted
1453,B23-SAV-908,48.97246377,3,33,2,31.14285714,3,3.142857143,2,0,1,5.666666667,3,3.117647059,3,10.52737143,3,20.72,2,688.282,4,462.68,3,B23-SAV,Mission Bay,0.1449,open,U,U,U,,Zostera marina,1.49,32.7771,-117.2373,meadow,large_embayment,7,11/25/24,106,Merkel,cross-parallel,,targeted
1454,B23-SAV-908,48.97246377,3,33,2,31.14285714,3,3.142857143,2,0,1,5.666666667,3,3.117647059,3,10.52737143,3,20.72,2,688.282,4,462.68,3,B23-SAV,Mission Bay,0.1449,open,U,U,U,,Zostera marina,1.49,32.7771,-117.2373,meadow,large_embayment,7,11/25/24,106,Merkel,cross-parallel,,targeted
1455,B23-SAV-908,48.97246377,3,33,2,31.14285714,3,3.142857143,2,0,1,5.666666667,3,3.117647059,3,10.52737143,3,20.72,2,688.282,4,462.68,3,B23-SAV,Mission Bay,0.1449,open,U,U,U,,Zostera marina,1.49,32.7771,-117.2373,meadow,large_embayment,7,11/25/24,106,Merkel,cross-parallel,,targeted
1456,B23-SAV-908,48.97246377,3,33,2,31.14285714,3,3.142857143,2,0,1,5.666666667,3,3.117647059,3,10.52737143,3,20.72,2,688.282,4,462.68,3,B23-SAV,Mission Bay,0.1449,open,U,U,U,,Zostera marina,1.49,32.7771,-117.2373,meadow,large_embayment,7,11/25/24,106,Merkel,cross-parallel,,targeted
1457,B23-SAV-908,48.97246377,3,33,2,31.14285714,3,3.142857143,2,0,1,5.666666667,3,3.117647059,3,10.52737143,3,20.72,2,688.282,4,462.68,3,B23-SAV,Mission Bay,0.1449,open,U,U,U,,Zostera marina,1.49,32.7771,-117.2373,meadow,large_embayment,7,11/25/24,106,Merkel,cross-parallel,,targeted
1458,B23-SAV-908,48.97246377,3,33,2,31.14285714,3,3.142857143,2,0,1,5.666666667,3,3.117647059,3,10.52737143,3,20.72,2,688.282,4,462.68,3,B23-SAV,Mission Bay,0.1449,open,U,U,U,,Zostera marina,1.49,32.7771,-117.2373,meadow,large_embayment,7,11/25/24,106,Merkel,cross-parallel,,targeted
1459,B23-SAV-908,48.97246377,3,33,2,31.14285714,3,3.142857143,2,0,1,5.666666667,3,3.117647059,3,10.52737143,3,20.72,2,688.282,4,462.68,3,B23-SAV,Mission Bay,0.1449,open,U,U,U,,Zostera marina,1.49,32.7771,-117.2373,meadow,large_embayment,7,11/25/24,106,Merkel,cross-parallel,,targeted
1460,B23-SAV-908,48.97246377,3,33,2,31.14285714,3,3.142857143,2,0,1,5.666666667,3,3.117647059,3,10.52737143,3,20.72,2,688.282,4,462.68,3,B23-SAV,Mission Bay,0.1449,open,U,U,U,,Zostera marina,1.49,32.7771,-117.2373,meadow,large_embayment,7,11/25/24,106,Merkel,cross-parallel,,targeted
1461,B23-SAV-908,48.97246377,3,33,2,31.14285714,3,3.142857143,2,0,1,5.666666667,3,3.117647059,3,10.52737143,3,20.72,2,688.282,4,462.68,3,B23-SAV,Mission Bay,0.1449,open,U,U,U,,Zostera marina,1.49,32.7771,-117.2373,meadow,large_embayment,7,11/25/24,106,Merkel,cross-parallel,,targeted
1462,B23-SAV-908,48.97246377,3,33,2,31.14285714,3,3.142857143,2,0,1,5.666666667,3,3.117647059,3,10.52737143,3,20.72,2,688.282,4,462.68,3,B23-SAV,Mission Bay,0.1449,open,U,U,U,,Zostera marina,1.49,32.7771,-117.2373,meadow,large_embayment,7,11/25/24,106,Merkel,cross-parallel,,targeted
1463,B23-SAV-908,48.97246377,3,33,2,31.14285714,3,3.142857143,2,0,1,5.666666667,3,3.117647059,3,10.52737143,3,20.72,2,688.282,4,462.68,3,B23-SAV,Mission Bay,0.1449,open,U,U,U,,Zostera marina,1.49,32.7771,-117.2373,meadow,large_embayment,7,11/25/24,106,Merkel,cross-parallel,,targeted
1464,B23-SAV-908,48.97246377,3,33,2,31.14285714,3,3.142857143,2,0,1,5.666666667,3,3.117647059,3,10.52737143,3,20.72,2,688.282,4,462.68,3,B23-SAV,Mission Bay,0.1449,open,U,U,U,,Zostera marina,1.49,32.7771,-117.2373,meadow,large_embayment,7,11/25/24,106,Merkel,cross-parallel,,targeted
1465,B23-SAV-908,48.97246377,3,33,2,31.14285714,3,3.142857143,2,0,1,5.666666667,3,3.117647059,3,10.52737143,3,20.72,2,688.282,4,462.68,3,B23-SAV,Mission Bay,0.1449,open,U,U,U,,Zostera marina,1.49,32.7771,-117.2373,meadow,large_embayment,7,11/25/24,106,Merkel,cross-parallel,,targeted
1466,B23-SAV-908,48.97246377,3,33,2,31.14285714,3,3.142857143,2,0,1,5.666666667,3,3.117647059,3,10.52737143,3,20.72,2,688.282,4,462.68,3,B23-SAV,Mission Bay,0.1449,open,U,U,U,,Zostera marina,1.49,32.7771,-117.2373,meadow,large_embayment,7,11/25/24,106,Merkel,cross-parallel,,targeted
1467,B23-SAV-908,48.97246377,3,33,2,31.14285714,3,3.142857143,2,0,1,5.666666667,3,3.117647059,3,10.52737143,3,20.72,2,688.282,4,462.68,3,B23-SAV,Mission Bay,0.1449,open,U,U,U,,Zostera marina,1.49,32.7771,-117.2373,meadow,large_embayment,7,11/25/24,106,Merkel,cross-parallel,,targeted
1468,B23-SAV-908,48.97246377,3,33,2,31.14285714,3,3.142857143,2,0,1,5.666666667,3,3.117647059,3,10.52737143,3,20.72,2,688.282,4,462.68,3,B23-SAV,Mission Bay,0.1449,open,U,U,U,,Zostera marina,1.49,32.7771,-117.2373,meadow,large_embayment,7,11/25/24,106,Merkel,cross-parallel,,targeted
1469,B23-SAV-908,48.97246377,3,33,2,31.14285714,3,3.142857143,2,0,1,5.666666667,3,3.117647059,3,10.52737143,3,20.72,2,688.282,4,462.68,3,B23-SAV,Mission Bay,0.1449,open,U,U,U,,Zostera marina,1.49,32.7771,-117.2373,meadow,large_embayment,7,11/25/24,106,Merkel,cross-parallel,,targeted
1470,B23-SAV-908,48.97246377,3,33,2,31.14285714,3,3.142857143,2,0,1,5.666666667,3,3.117647059,3,10.52737143,3,20.72,2,688.282,4,462.68,3,B23-SAV,Mission Bay,0.1449,open,U,U,U,,Zostera marina,1.49,32.7771,-117.2373,meadow,large_embayment,7,11/25/24,106,Merkel,cross-parallel,,targeted
1471,B23-SAV-908,48.97246377,3,33,2,31.14285714,3,3.142857143,2,0,1,5.666666667,3,3.117647059,3,10.52737143,3,20.72,2,688.282,4,462.68,3,B23-SAV,Mission Bay,0.1449,open,U,U,U,,Zostera marina,1.49,32.7771,-117.2373,meadow,large_embayment,7,11/25/24,106,Merkel,cross-parallel,,targeted
1472,B23-SAV-908,48.97246377,3,33,2,31.14285714,3,3.142857143,2,0,1,5.666666667,3,3.117647059,3,10.52737143,3,20.72,2,688.282,4,462.68,3,B23-SAV,Mission Bay,0.1449,open,U,U,U,,Zostera marina,1.49,32.7771,-117.2373,meadow,large_embayment,7,11/25/24,106,Merkel,cross-parallel,,targeted
1473,B23-SAV-908,48.97246377,3,33,2,31.14285714,3,3.142857143,2,0,1,5.666666667,3,3.117647059,3,10.52737143,3,20.72,2,688.282,4,462.68,3,B23-SAV,Mission Bay,0.1449,open,U,U,U,,Zostera marina,1.49,32.7771,-117.2373,meadow,large_embayment,7,11/25/24,106,Merkel,cross-parallel,,targeted
1474,B23-SAV-908,48.97246377,3,33,2,31.14285714,3,3.142857143,2,0,1,5.666666667,3,3.117647059,3,10.52737143,3,20.72,2,688.282,4,462.68,3,B23-SAV,Mission Bay,0.1449,open,U,U,U,,Zostera marina,1.49,32.7771,-117.2373,meadow,large_embayment,7,11/25/24,106,Merkel,cross-parallel,,targeted
1475,B23-SAV-908,48.97246377,3,33,2,31.14285714,3,3.142857143,2,0,1,5.666666667,3,3.117647059,3,10.52737143,3,20.72,2,688.282,4,462.68,3,B23-SAV,Mission Bay,0.1449,open,U,U,U,,Zostera marina,1.49,32.7771,-117.2373,meadow,large_embayment,7,11/25/24,106,Merkel,cross-parallel,,targeted
1476,B23-SAV-908,48.97246377,3,33,2,31.14285714,3,3.142857143,2,0,1,5.666666667,3,3.117647059,3,10.52737143,3,20.72,2,688.282,4,462.68,3,B23-SAV,Mission Bay,0.1449,open,U,U,U,,Zostera marina,1.49,32.7771,-117.2373,meadow,large_embayment,7,11/25/24,106,Merkel,cross-parallel,,targeted
1477,B23-SAV-909,43.20769231,3,11,1,7.5,1,22.5,3,0,1,1.5,1,1.666666667,1,20.75315789,4,15.55,2,540.765,3,148.81,1,B23-SAV,King Harbor,0.48,open,U,U,U,,Zostera pacifica,10.409,33.8421,-118.3963,patch,small_embayment,2,11/25/24,14,Merkel,patch,NA,targeted
1478,B23-SAV-909,43.20769231,3,11,1,7.5,1,22.5,3,0,1,1.5,1,1.666666667,1,20.75315789,4,15.55,2,540.765,3,148.81,1,B23-SAV,King Harbor,0.48,open,U,U,U,,Zostera pacifica,10.409,33.8421,-118.3963,patch,small_embayment,2,11/25/24,14,Merkel,patch,NA,targeted
1479,B23-SAV-909,43.20769231,3,11,1,7.5,1,22.5,3,0,1,1.5,1,1.666666667,1,20.75315789,4,15.55,2,540.765,3,148.81,1,B23-SAV,King Harbor,0.48,open,U,U,U,,Zostera pacifica,10.409,33.8421,-118.3963,patch,small_embayment,2,11/25/24,14,Merkel,patch,NA,targeted
1480,B23-SAV-909,43.20769231,3,11,1,7.5,1,22.5,3,0,1,1.5,1,1.666666667,1,20.75315789,4,15.55,2,540.765,3,148.81,1,B23-SAV,King Harbor,0.48,open,U,U,U,,Zostera pacifica,10.409,33.8421,-118.3963,patch,small_embayment,2,11/25/24,14,Merkel,patch,NA,targeted
1481,B23-SAV-909,43.20769231,3,11,1,7.5,1,22.5,3,0,1,1.5,1,1.666666667,1,20.75315789,4,15.55,2,540.765,3,148.81,1,B23-SAV,King Harbor,0.48,open,U,U,U,,Zostera pacifica,10.409,33.8421,-118.3963,patch,small_embayment,2,11/25/24,14,Merkel,patch,NA,targeted
1482,B23-SAV-909,43.20769231,3,11,1,7.5,1,22.5,3,0,1,1.5,1,1.666666667,1,20.75315789,4,15.55,2,540.765,3,148.81,1,B23-SAV,King Harbor,0.48,open,U,U,U,,Zostera pacifica,10.409,33.8421,-118.3963,patch,small_embayment,2,11/25/24,14,Merkel,patch,NA,targeted
1483,B23-SAV-909,43.20769231,3,11,1,7.5,1,22.5,3,0,1,1.5,1,1.666666667,1,20.75315789,4,15.55,2,540.765,3,148.81,1,B23-SAV,King Harbor,0.48,open,U,U,U,,Zostera pacifica,10.409,33.8421,-118.3963,patch,small_embayment,2,11/25/24,14,Merkel,patch,NA,targeted
1484,B23-SAV-909,43.20769231,3,11,1,7.5,1,22.5,3,0,1,1.5,1,1.666666667,1,20.75315789,4,15.55,2,540.765,3,148.81,1,B23-SAV,King Harbor,0.48,open,U,U,U,,Zostera pacifica,10.409,33.8421,-118.3963,patch,small_embayment,2,11/25/24,14,Merkel,patch,NA,targeted
1485,B23-SAV-909,43.20769231,3,11,1,7.5,1,22.5,3,0,1,1.5,1,1.666666667,1,20.75315789,4,15.55,2,540.765,3,148.81,1,B23-SAV,King Harbor,0.48,open,U,U,U,,Zostera pacifica,10.409,33.8421,-118.3963,patch,small_embayment,2,11/25/24,14,Merkel,patch,NA,targeted
1486,B23-SAV-909,43.20769231,3,11,1,7.5,1,22.5,3,0,1,1.5,1,1.666666667,1,20.75315789,4,15.55,2,540.765,3,148.81,1,B23-SAV,King Harbor,0.48,open,U,U,U,,Zostera pacifica,10.409,33.8421,-118.3963,patch,small_embayment,2,11/25/24,14,Merkel,patch,NA,targeted
1487,B23-SAV-909,43.20769231,3,11,1,7.5,1,22.5,3,0,1,1.5,1,1.666666667,1,20.75315789,4,15.55,2,540.765,3,148.81,1,B23-SAV,King Harbor,0.48,open,U,U,U,,Zostera pacifica,10.409,33.8421,-118.3963,patch,small_embayment,2,11/25/24,14,Merkel,patch,NA,targeted
1488,B23-SAV-909,43.20769231,3,11,1,7.5,1,22.5,3,0,1,1.5,1,1.666666667,1,20.75315789,4,15.55,2,540.765,3,148.81,1,B23-SAV,King Harbor,0.48,open,U,U,U,,Zostera pacifica,10.409,33.8421,-118.3963,patch,small_embayment,2,11/25/24,14,Merkel,patch,NA,targeted
1489,B23-SAV-909,43.20769231,3,11,1,7.5,1,22.5,3,0,1,1.5,1,1.666666667,1,20.75315789,4,15.55,2,540.765,3,148.81,1,B23-SAV,King Harbor,0.48,open,U,U,U,,Zostera pacifica,10.409,33.8421,-118.3963,patch,small_embayment,2,11/25/24,14,Merkel,patch,NA,targeted
1490,B23-SAV-909,43.20769231,3,11,1,7.5,1,22.5,3,0,1,1.5,1,1.666666667,1,20.75315789,4,15.55,2,540.765,3,148.81,1,B23-SAV,King Harbor,0.48,open,U,U,U,,Zostera pacifica,10.409,33.8421,-118.3963,patch,small_embayment,2,11/25/24,14,Merkel,patch,NA,targeted
1491,B23-SAV-909,43.20769231,3,11,1,7.5,1,22.5,3,0,1,1.5,1,1.666666667,1,20.75315789,4,15.55,2,540.765,3,148.81,1,B23-SAV,King Harbor,0.48,open,U,U,U,,Zostera pacifica,10.409,33.8421,-118.3963,patch,small_embayment,2,11/25/24,14,Merkel,patch,NA,targeted
1492,B23-SAV-909,43.20769231,3,11,1,7.5,1,22.5,3,0,1,1.5,1,1.666666667,1,20.75315789,4,15.55,2,540.765,3,148.81,1,B23-SAV,King Harbor,0.48,open,U,U,U,,Zostera pacifica,10.409,33.8421,-118.3963,patch,small_embayment,2,11/25/24,14,Merkel,patch,NA,targeted
1493,B23-SAV-909,43.20769231,3,11,1,7.5,1,22.5,3,0,1,1.5,1,1.666666667,1,20.75315789,4,15.55,2,540.765,3,148.81,1,B23-SAV,King Harbor,0.48,open,U,U,U,,Zostera pacifica,10.409,33.8421,-118.3963,patch,small_embayment,2,11/25/24,14,Merkel,patch,NA,targeted
1494,B23-SAV-909,43.20769231,3,11,1,7.5,1,22.5,3,0,1,1.5,1,1.666666667,1,20.75315789,4,15.55,2,540.765,3,148.81,1,B23-SAV,King Harbor,0.48,open,U,U,U,,Zostera pacifica,10.409,33.8421,-118.3963,patch,small_embayment,2,11/25/24,14,Merkel,patch,NA,targeted
1495,B23-SAV-909,43.20769231,3,11,1,7.5,1,22.5,3,0,1,1.5,1,1.666666667,1,20.75315789,4,15.55,2,540.765,3,148.81,1,B23-SAV,King Harbor,0.48,open,U,U,U,,Zostera pacifica,10.409,33.8421,-118.3963,patch,small_embayment,2,11/25/24,14,Merkel,patch,,targeted
1496,B23-SAV-909,43.20769231,3,11,1,7.5,1,22.5,3,0,1,1.5,1,1.666666667,1,20.75315789,4,15.55,2,540.765,3,148.81,1,B23-SAV,King Harbor,0.48,open,U,U,U,,Zostera pacifica,10.409,33.8421,-118.3963,patch,small_embayment,2,11/25/24,14,Merkel,patch,,targeted
1497,B23-SAV-909,43.20769231,3,11,1,7.5,1,22.5,3,0,1,1.5,1,1.666666667,1,20.75315789,4,15.55,2,540.765,3,148.81,1,B23-SAV,King Harbor,0.48,open,U,U,U,,Zostera pacifica,10.409,33.8421,-118.3963,patch,small_embayment,2,11/25/24,14,Merkel,patch,,targeted
1498,B23-SAV-909,43.20769231,3,11,1,7.5,1,22.5,3,0,1,1.5,1,1.666666667,1,20.75315789,4,15.55,2,540.765,3,148.81,1,B23-SAV,King Harbor,0.48,open,U,U,U,,Zostera pacifica,10.409,33.8421,-118.3963,patch,small_embayment,2,11/25/24,14,Merkel,patch,,targeted
1499,B23-SAV-909,43.20769231,3,11,1,7.5,1,22.5,3,0,1,1.5,1,1.666666667,1,20.75315789,4,15.55,2,540.765,3,148.81,1,B23-SAV,King Harbor,0.48,open,U,U,U,,Zostera pacifica,10.409,33.8421,-118.3963,patch,small_embayment,2,11/25/24,14,Merkel,patch,,targeted
1500,B23-SAV-909,43.20769231,3,11,1,7.5,1,22.5,3,0,1,1.5,1,1.666666667,1,20.75315789,4,15.55,2,540.765,3,148.81,1,B23-SAV,King Harbor,0.48,open,U,U,U,,Zostera pacifica,10.409,33.8421,-118.3963,patch,small_embayment,2,11/25/24,14,Merkel,patch,,targeted
1501,B23-SAV-909,43.20769231,3,11,1,7.5,1,22.5,3,0,1,1.5,1,1.666666667,1,20.75315789,4,15.55,2,540.765,3,148.81,1,B23-SAV,King Harbor,0.48,open,U,U,U,,Zostera pacifica,10.409,33.8421,-118.3963,patch,small_embayment,2,11/25/24,14,Merkel,patch,,targeted
1502,B23-SAV-909,43.20769231,3,11,1,7.5,1,22.5,3,0,1,1.5,1,1.666666667,1,20.75315789,4,15.55,2,540.765,3,148.81,1,B23-SAV,King Harbor,0.48,open,U,U,U,,Zostera pacifica,10.409,33.8421,-118.3963,patch,small_embayment,2,11/25/24,14,Merkel,patch,,targeted
1503,B23-SAV-909,43.20769231,3,11,1,7.5,1,22.5,3,0,1,1.5,1,1.666666667,1,20.75315789,4,15.55,2,540.765,3,148.81,1,B23-SAV,King Harbor,0.48,open,U,U,U,,Zostera pacifica,10.409,33.8421,-118.3963,patch,small_embayment,2,11/25/24,14,Merkel,patch,,targeted
1504,B23-SAV-909,43.20769231,3,11,1,7.5,1,22.5,3,0,1,1.5,1,1.666666667,1,20.75315789,4,15.55,2,540.765,3,148.81,1,B23-SAV,King Harbor,0.48,open,U,U,U,,Zostera pacifica,10.409,33.8421,-118.3963,patch,small_embayment,2,11/25/24,14,Merkel,patch,,targeted
1505,B23-SAV-909,43.20769231,3,11,1,7.5,1,22.5,3,0,1,1.5,1,1.666666667,1,20.75315789,4,15.55,2,540.765,3,148.81,1,B23-SAV,King Harbor,0.48,open,U,U,U,,Zostera pacifica,10.409,33.8421,-118.3963,patch,small_embayment,2,11/25/24,14,Merkel,patch,,targeted
1506,B23-SAV-909,43.20769231,3,11,1,7.5,1,22.5,3,0,1,1.5,1,1.666666667,1,20.75315789,4,15.55,2,540.765,3,148.81,1,B23-SAV,King Harbor,0.48,open,U,U,U,,Zostera pacifica,10.409,33.8421,-118.3963,patch,small_embayment,2,11/25/24,14,Merkel,patch,,targeted
1507,B23-SAV-909,43.20769231,3,11,1,7.5,1,22.5,3,0,1,1.5,1,1.666666667,1,20.75315789,4,15.55,2,540.765,3,148.81,1,B23-SAV,King Harbor,0.48,open,U,U,U,,Zostera pacifica,10.409,33.8421,-118.3963,patch,small_embayment,2,11/25/24,14,Merkel,patch,,targeted
1508,B23-SAV-909,43.20769231,3,11,1,7.5,1,22.5,3,0,1,1.5,1,1.666666667,1,20.75315789,4,15.55,2,540.765,3,148.81,1,B23-SAV,King Harbor,0.48,open,U,U,U,,Zostera pacifica,10.409,33.8421,-118.3963,patch,small_embayment,2,11/25/24,14,Merkel,patch,,targeted
1509,B23-SAV-909,43.20769231,3,11,1,7.5,1,22.5,3,0,1,1.5,1,1.666666667,1,20.75315789,4,15.55,2,540.765,3,148.81,1,B23-SAV,King Harbor,0.48,open,U,U,U,,Zostera pacifica,10.409,33.8421,-118.3963,patch,small_embayment,2,11/25/24,14,Merkel,patch,,targeted
1510,B23-SAV-909,43.20769231,3,11,1,7.5,1,22.5,3,0,1,1.5,1,1.666666667,1,20.75315789,4,15.55,2,540.765,3,148.81,1,B23-SAV,King Harbor,0.48,open,U,U,U,,Zostera pacifica,10.409,33.8421,-118.3963,patch,small_embayment,2,11/25/24,14,Merkel,patch,,targeted
1511,B23-SAV-909,43.20769231,3,11,1,7.5,1,22.5,3,0,1,1.5,1,1.666666667,1,20.75315789,4,15.55,2,540.765,3,148.81,1,B23-SAV,King Harbor,0.48,open,U,U,U,,Zostera pacifica,10.409,33.8421,-118.3963,patch,small_embayment,2,11/25/24,14,Merkel,patch,,targeted
1512,B23-SAV-909,43.20769231,3,11,1,7.5,1,22.5,3,0,1,1.5,1,1.666666667,1,20.75315789,4,15.55,2,540.765,3,148.81,1,B23-SAV,King Harbor,0.48,open,U,U,U,,Zostera pacifica,10.409,33.8421,-118.3963,patch,small_embayment,2,11/25/24,14,Merkel,patch,,targeted
1513,B23-SAV-909,43.20769231,3,11,1,7.5,1,22.5,3,0,1,1.5,1,1.666666667,1,20.75315789,4,15.55,2,540.765,3,148.81,1,B23-SAV,King Harbor,0.48,open,U,U,U,,Zostera pacifica,10.409,33.8421,-118.3963,patch,small_embayment,2,11/25/24,14,Merkel,patch,,targeted
1514,B23-SAV-909,43.20769231,3,11,1,7.5,1,22.5,3,0,1,1.5,1,1.666666667,1,20.75315789,4,15.55,2,540.765,3,148.81,1,B23-SAV,King Harbor,0.48,open,U,U,U,,Zostera pacifica,10.409,33.8421,-118.3963,patch,small_embayment,2,11/25/24,14,Merkel,patch,,targeted
1515,B23-SAV-909,43.20769231,3,11,1,7.5,1,22.5,3,0,1,1.5,1,1.666666667,1,20.75315789,4,15.55,2,540.765,3,148.81,1,B23-SAV,King Harbor,0.48,open,U,U,U,,Zostera pacifica,10.409,33.8421,-118.3963,patch,small_embayment,2,11/25/24,14,Merkel,patch,,targeted
1516,B23-SAV-909,43.20769231,3,11,1,7.5,1,22.5,3,0,1,1.5,1,1.666666667,1,20.75315789,4,15.55,2,540.765,3,148.81,1,B23-SAV,King Harbor,0.48,open,U,U,U,,Zostera pacifica,10.409,33.8421,-118.3963,patch,small_embayment,2,11/25/24,14,Merkel,patch,,targeted
1517,B23-SAV-909,43.20769231,3,11,1,7.5,1,22.5,3,0,1,1.5,1,1.666666667,1,20.75315789,4,15.55,2,540.765,3,148.81,1,B23-SAV,King Harbor,0.48,open,U,U,U,,Zostera pacifica,10.409,33.8421,-118.3963,patch,small_embayment,2,11/25/24,14,Merkel,patch,,targeted
1518,B23-SAV-909,43.20769231,3,11,1,7.5,1,22.5,3,0,1,1.5,1,1.666666667,1,20.75315789,4,15.55,2,540.765,3,148.81,1,B23-SAV,King Harbor,0.48,open,U,U,U,,Zostera pacifica,10.409,33.8421,-118.3963,patch,small_embayment,2,11/25/24,14,Merkel,patch,,targeted
1519,B23-SAV-909,43.20769231,3,11,1,7.5,1,22.5,3,0,1,1.5,1,1.666666667,1,20.75315789,4,15.55,2,540.765,3,148.81,1,B23-SAV,King Harbor,0.48,open,U,U,U,,Zostera pacifica,10.409,33.8421,-118.3963,patch,small_embayment,2,11/25/24,14,Merkel,patch,,targeted
1520,B23-SAV-909,43.20769231,3,11,1,7.5,1,22.5,3,0,1,1.5,1,1.666666667,1,20.75315789,4,15.55,2,540.765,3,148.81,1,B23-SAV,King Harbor,0.48,open,U,U,U,,Zostera pacifica,10.409,33.8421,-118.3963,patch,small_embayment,2,11/25/24,14,Merkel,patch,,targeted
1521,B23-SAV-909,43.20769231,3,11,1,7.5,1,22.5,3,0,1,1.5,1,1.666666667,1,20.75315789,4,15.55,2,540.765,3,148.81,1,B23-SAV,King Harbor,0.48,open,U,U,U,,Zostera pacifica,10.409,33.8421,-118.3963,patch,small_embayment,2,11/25/24,14,Merkel,patch,,targeted
1522,B23-SAV-909,43.20769231,3,11,1,7.5,1,22.5,3,0,1,1.5,1,1.666666667,1,20.75315789,4,15.55,2,540.765,3,148.81,1,B23-SAV,King Harbor,0.48,open,U,U,U,,Zostera pacifica,10.409,33.8421,-118.3963,patch,small_embayment,2,11/25/24,14,Merkel,patch,,targeted
1523,B23-SAV-909,43.20769231,3,11,1,7.5,1,22.5,3,0,1,1.5,1,1.666666667,1,20.75315789,4,15.55,2,540.765,3,148.81,1,B23-SAV,King Harbor,0.48,open,U,U,U,,Zostera pacifica,10.409,33.8421,-118.3963,patch,small_embayment,2,11/25/24,14,Merkel,patch,,targeted
1524,B23-SAV-909,43.20769231,3,11,1,7.5,1,22.5,3,0,1,1.5,1,1.666666667,1,20.75315789,4,15.55,2,540.765,3,148.81,1,B23-SAV,King Harbor,0.48,open,U,U,U,,Zostera pacifica,10.409,33.8421,-118.3963,patch,small_embayment,2,11/25/24,14,Merkel,patch,,targeted
1525,B23-SAV-909,43.20769231,3,11,1,7.5,1,22.5,3,0,1,1.5,1,1.666666667,1,20.75315789,4,15.55,2,540.765,3,148.81,1,B23-SAV,King Harbor,0.48,open,U,U,U,,Zostera pacifica,10.409,33.8421,-118.3963,patch,small_embayment,2,11/25/24,14,Merkel,patch,,targeted
1526,B23-SAV-909,43.20769231,3,11,1,7.5,1,22.5,3,0,1,1.5,1,1.666666667,1,20.75315789,4,15.55,2,540.765,3,148.81,1,B23-SAV,King Harbor,0.48,open,U,U,U,,Zostera pacifica,10.409,33.8421,-118.3963,patch,small_embayment,2,11/25/24,14,Merkel,patch,,targeted
1527,B23-SAV-909,43.20769231,3,11,1,7.5,1,22.5,3,0,1,1.5,1,1.666666667,1,20.75315789,4,15.55,2,540.765,3,148.81,1,B23-SAV,King Harbor,0.48,open,U,U,U,,Zostera pacifica,10.409,33.8421,-118.3963,patch,small_embayment,2,11/25/24,14,Merkel,patch,,targeted
1528,B23-SAV-909,43.20769231,3,11,1,7.5,1,22.5,3,0,1,1.5,1,1.666666667,1,20.75315789,4,15.55,2,540.765,3,148.81,1,B23-SAV,King Harbor,0.48,open,U,U,U,,Zostera pacifica,10.409,33.8421,-118.3963,patch,small_embayment,2,11/25/24,14,Merkel,patch,,targeted
1529,B23-SAV-909,43.20769231,3,11,1,7.5,1,22.5,3,0,1,1.5,1,1.666666667,1,20.75315789,4,15.55,2,540.765,3,148.81,1,B23-SAV,King Harbor,0.48,open,U,U,U,,Zostera pacifica,10.409,33.8421,-118.3963,patch,small_embayment,2,11/25/24,14,Merkel,patch,,targeted
1530,B23-SAV-909,43.20769231,3,11,1,7.5,1,22.5,3,0,1,1.5,1,1.666666667,1,20.75315789,4,15.55,2,540.765,3,148.81,1,B23-SAV,King Harbor,0.48,open,U,U,U,,Zostera pacifica,10.409,33.8421,-118.3963,patch,small_embayment,2,11/25/24,14,Merkel,patch,,targeted
1531,B23-SAV-909,43.20769231,3,11,1,7.5,1,22.5,3,0,1,1.5,1,1.666666667,1,20.75315789,4,15.55,2,540.765,3,148.81,1,B23-SAV,King Harbor,0.48,open,U,U,U,,Zostera pacifica,10.409,33.8421,-118.3963,patch,small_embayment,2,11/25/24,14,Merkel,patch,,targeted
1532,B23-SAV-909,43.20769231,3,11,1,7.5,1,22.5,3,0,1,1.5,1,1.666666667,1,20.75315789,4,15.55,2,540.765,3,148.81,1,B23-SAV,King Harbor,0.48,open,U,U,U,,Zostera pacifica,10.409,33.8421,-118.3963,patch,small_embayment,2,11/25/24,14,Merkel,patch,,targeted
1533,B23-SAV-909,43.20769231,3,11,1,7.5,1,22.5,3,0,1,1.5,1,1.666666667,1,20.75315789,4,15.55,2,540.765,3,148.81,1,B23-SAV,King Harbor,0.48,open,U,U,U,,Zostera pacifica,10.409,33.8421,-118.3963,patch,small_embayment,2,11/25/24,14,Merkel,patch,,targeted
1534,B23-SAV-909,43.20769231,3,11,1,7.5,1,22.5,3,0,1,1.5,1,1.666666667,1,20.75315789,4,15.55,2,540.765,3,148.81,1,B23-SAV,King Harbor,0.48,open,U,U,U,,Zostera pacifica,10.409,33.8421,-118.3963,patch,small_embayment,2,11/25/24,14,Merkel,patch,,targeted
1535,B23-SAV-909,43.20769231,3,11,1,7.5,1,22.5,3,0,1,1.5,1,1.666666667,1,20.75315789,4,15.55,2,540.765,3,148.81,1,B23-SAV,King Harbor,0.48,open,U,U,U,,Zostera pacifica,10.409,33.8421,-118.3963,patch,small_embayment,2,11/25/24,14,Merkel,patch,,targeted
1536,B23-SAV-909,43.20769231,3,11,1,7.5,1,22.5,3,0,1,1.5,1,1.666666667,1,20.75315789,4,15.55,2,540.765,3,148.81,1,B23-SAV,King Harbor,0.48,open,U,U,U,,Zostera pacifica,10.409,33.8421,-118.3963,patch,small_embayment,2,11/25/24,14,Merkel,patch,,targeted
1537,B23-SAV-909,43.20769231,3,11,1,7.5,1,22.5,3,0,1,1.5,1,1.666666667,1,20.75315789,4,15.55,2,540.765,3,148.81,1,B23-SAV,King Harbor,0.48,open,U,U,U,,Zostera pacifica,10.409,33.8421,-118.3963,patch,small_embayment,2,11/25/24,14,Merkel,patch,,targeted
1538,B23-SAV-909,43.20769231,3,11,1,7.5,1,22.5,3,0,1,1.5,1,1.666666667,1,20.75315789,4,15.55,2,540.765,3,148.81,1,B23-SAV,King Harbor,0.48,open,U,U,U,,Zostera pacifica,10.409,33.8421,-118.3963,patch,small_embayment,2,11/25/24,14,Merkel,patch,,targeted
1539,B23-SAV-909,43.20769231,3,11,1,7.5,1,22.5,3,0,1,1.5,1,1.666666667,1,20.75315789,4,15.55,2,540.765,3,148.81,1,B23-SAV,King Harbor,0.48,open,U,U,U,,Zostera pacifica,10.409,33.8421,-118.3963,patch,small_embayment,2,11/25/24,14,Merkel,patch,,targeted
1540,B23-SAV-910,59.49444444,4,10.66666667,1,13.33333333,1,0,1,0,1,1.5,1,2.666666667,2,25.76366667,4,477.65,4,1222.865,4,379.56,3,B23-SAV,Oceanside Harbor,9.5694,open,U,U,U,natural,Zostera marina,4.768,33.2105,-117.4031,patch,small_embayment,3,11/26/24,12,Merkel,patch,NA,targeted
1541,B23-SAV-910,59.49444444,4,10.66666667,1,13.33333333,1,0,1,0,1,1.5,1,2.666666667,2,25.76366667,4,477.65,4,1222.865,4,379.56,3,B23-SAV,Oceanside Harbor,9.5694,open,U,U,U,natural,Zostera marina,4.768,33.2105,-117.4031,patch,small_embayment,3,11/26/24,12,Merkel,patch,NA,targeted
1542,B23-SAV-910,59.49444444,4,10.66666667,1,13.33333333,1,0,1,0,1,1.5,1,2.666666667,2,25.76366667,4,477.65,4,1222.865,4,379.56,3,B23-SAV,Oceanside Harbor,9.5694,open,U,U,U,natural,Zostera marina,4.768,33.2105,-117.4031,patch,small_embayment,3,11/26/24,12,Merkel,patch,NA,targeted
1543,B23-SAV-910,59.49444444,4,10.66666667,1,13.33333333,1,0,1,0,1,1.5,1,2.666666667,2,25.76366667,4,477.65,4,1222.865,4,379.56,3,B23-SAV,Oceanside Harbor,9.5694,open,U,U,U,natural,Zostera marina,4.768,33.2105,-117.4031,patch,small_embayment,3,11/26/24,12,Merkel,patch,NA,targeted
1544,B23-SAV-910,59.49444444,4,10.66666667,1,13.33333333,1,0,1,0,1,1.5,1,2.666666667,2,25.76366667,4,477.65,4,1222.865,4,379.56,3,B23-SAV,Oceanside Harbor,9.5694,open,U,U,U,natural,Zostera marina,4.768,33.2105,-117.4031,patch,small_embayment,3,11/26/24,12,Merkel,patch,NA,targeted
1545,B23-SAV-910,59.49444444,4,10.66666667,1,13.33333333,1,0,1,0,1,1.5,1,2.666666667,2,25.76366667,4,477.65,4,1222.865,4,379.56,3,B23-SAV,Oceanside Harbor,9.5694,open,U,U,U,natural,Zostera marina,4.768,33.2105,-117.4031,patch,small_embayment,3,11/26/24,12,Merkel,patch,NA,targeted
1546,B23-SAV-910,59.49444444,4,10.66666667,1,13.33333333,1,0,1,0,1,1.5,1,2.666666667,2,25.76366667,4,477.65,4,1222.865,4,379.56,3,B23-SAV,Oceanside Harbor,9.5694,open,U,U,U,natural,Zostera marina,4.768,33.2105,-117.4031,patch,small_embayment,3,11/26/24,12,Merkel,patch,NA,targeted
1547,B23-SAV-910,59.49444444,4,10.66666667,1,13.33333333,1,0,1,0,1,1.5,1,2.666666667,2,25.76366667,4,477.65,4,1222.865,4,379.56,3,B23-SAV,Oceanside Harbor,9.5694,open,U,U,U,natural,Zostera marina,4.768,33.2105,-117.4031,patch,small_embayment,3,11/26/24,12,Merkel,patch,NA,targeted
1548,B23-SAV-910,59.49444444,4,10.66666667,1,13.33333333,1,0,1,0,1,1.5,1,2.666666667,2,25.76366667,4,477.65,4,1222.865,4,379.56,3,B23-SAV,Oceanside Harbor,9.5694,open,U,U,U,natural,Zostera marina,4.768,33.2105,-117.4031,patch,small_embayment,3,11/26/24,12,Merkel,patch,NA,targeted
1549,B23-SAV-910,59.49444444,4,10.66666667,1,13.33333333,1,0,1,0,1,1.5,1,2.666666667,2,25.76366667,4,477.65,4,1222.865,4,379.56,3,B23-SAV,Oceanside Harbor,9.5694,open,U,U,U,natural,Zostera marina,4.768,33.2105,-117.4031,patch,small_embayment,3,11/26/24,12,Merkel,patch,NA,targeted
1550,B23-SAV-910,59.49444444,4,10.66666667,1,13.33333333,1,0,1,0,1,1.5,1,2.666666667,2,25.76366667,4,477.65,4,1222.865,4,379.56,3,B23-SAV,Oceanside Harbor,9.5694,open,U,U,U,natural,Zostera marina,4.768,33.2105,-117.4031,patch,small_embayment,3,11/26/24,12,Merkel,patch,NA,targeted
1551,B23-SAV-910,59.49444444,4,10.66666667,1,13.33333333,1,0,1,0,1,1.5,1,2.666666667,2,25.76366667,4,477.65,4,1222.865,4,379.56,3,B23-SAV,Oceanside Harbor,9.5694,open,U,U,U,natural,Zostera marina,4.768,33.2105,-117.4031,patch,small_embayment,3,11/26/24,12,Merkel,patch,NA,targeted
1552,B23-SAV-910,59.49444444,4,10.66666667,1,13.33333333,1,0,1,0,1,1.5,1,2.666666667,2,25.76366667,4,477.65,4,1222.865,4,379.56,3,B23-SAV,Oceanside Harbor,9.5694,open,U,U,U,natural,Zostera marina,4.768,33.2105,-117.4031,patch,small_embayment,3,11/26/24,12,Merkel,patch,NA,targeted
1553,B23-SAV-910,59.49444444,4,10.66666667,1,13.33333333,1,0,1,0,1,1.5,1,2.666666667,2,25.76366667,4,477.65,4,1222.865,4,379.56,3,B23-SAV,Oceanside Harbor,9.5694,open,U,U,U,natural,Zostera marina,4.768,33.2105,-117.4031,patch,small_embayment,3,11/26/24,12,Merkel,patch,NA,targeted
1554,B23-SAV-910,59.49444444,4,10.66666667,1,13.33333333,1,0,1,0,1,1.5,1,2.666666667,2,25.76366667,4,477.65,4,1222.865,4,379.56,3,B23-SAV,Oceanside Harbor,9.5694,open,U,U,U,natural,Zostera marina,4.768,33.2105,-117.4031,patch,small_embayment,3,11/26/24,12,Merkel,patch,NA,targeted
1555,B23-SAV-910,59.49444444,4,10.66666667,1,13.33333333,1,0,1,0,1,1.5,1,2.666666667,2,25.76366667,4,477.65,4,1222.865,4,379.56,3,B23-SAV,Oceanside Harbor,9.5694,open,U,U,U,natural,Zostera marina,4.768,33.2105,-117.4031,patch,small_embayment,3,11/26/24,12,Merkel,patch,NA,targeted
1556,B23-SAV-910,59.49444444,4,10.66666667,1,13.33333333,1,0,1,0,1,1.5,1,2.666666667,2,25.76366667,4,477.65,4,1222.865,4,379.56,3,B23-SAV,Oceanside Harbor,9.5694,open,U,U,U,natural,Zostera marina,4.768,33.2105,-117.4031,patch,small_embayment,3,11/26/24,12,Merkel,patch,NA,targeted
1557,B23-SAV-910,59.49444444,4,10.66666667,1,13.33333333,1,0,1,0,1,1.5,1,2.666666667,2,25.76366667,4,477.65,4,1222.865,4,379.56,3,B23-SAV,Oceanside Harbor,9.5694,open,U,U,U,natural,Zostera marina,4.768,33.2105,-117.4031,patch,small_embayment,3,11/26/24,12,Merkel,patch,NA,targeted
1558,B23-SAV-910,59.49444444,4,10.66666667,1,13.33333333,1,0,1,0,1,1.5,1,2.666666667,2,25.76366667,4,477.65,4,1222.865,4,379.56,3,B23-SAV,Oceanside Harbor,9.5694,open,U,U,U,natural,Zostera marina,4.768,33.2105,-117.4031,patch,small_embayment,3,11/26/24,12,Merkel,patch,NA,targeted
1559,B23-SAV-910,59.49444444,4,10.66666667,1,13.33333333,1,0,1,0,1,1.5,1,2.666666667,2,25.76366667,4,477.65,4,1222.865,4,379.56,3,B23-SAV,Oceanside Harbor,9.5694,open,U,U,U,natural,Zostera marina,4.768,33.2105,-117.4031,patch,small_embayment,3,11/26/24,12,Merkel,patch,NA,targeted
1560,B23-SAV-910,59.49444444,4,10.66666667,1,13.33333333,1,0,1,0,1,1.5,1,2.666666667,2,25.76366667,4,477.65,4,1222.865,4,379.56,3,B23-SAV,Oceanside Harbor,9.5694,open,U,U,U,natural,Zostera marina,4.768,33.2105,-117.4031,patch,small_embayment,3,11/26/24,12,Merkel,patch,NA,targeted
1561,B23-SAV-910,59.49444444,4,10.66666667,1,13.33333333,1,0,1,0,1,1.5,1,2.666666667,2,25.76366667,4,477.65,4,1222.865,4,379.56,3,B23-SAV,Oceanside Harbor,9.5694,open,U,U,U,natural,Zostera marina,4.768,33.2105,-117.4031,patch,small_embayment,3,11/26/24,12,Merkel,patch,NA,targeted
1562,B23-SAV-910,59.49444444,4,10.66666667,1,13.33333333,1,0,1,0,1,1.5,1,2.666666667,2,25.76366667,4,477.65,4,1222.865,4,379.56,3,B23-SAV,Oceanside Harbor,9.5694,open,U,U,U,natural,Zostera marina,4.768,33.2105,-117.4031,patch,small_embayment,3,11/26/24,12,Merkel,patch,NA,targeted
1563,B23-SAV-910,59.49444444,4,10.66666667,1,13.33333333,1,0,1,0,1,1.5,1,2.666666667,2,25.76366667,4,477.65,4,1222.865,4,379.56,3,B23-SAV,Oceanside Harbor,9.5694,open,U,U,U,natural,Zostera marina,4.768,33.2105,-117.4031,patch,small_embayment,3,11/26/24,12,Merkel,patch,NA,targeted
1564,B23-SAV-910,59.49444444,4,10.66666667,1,13.33333333,1,0,1,0,1,1.5,1,2.666666667,2,25.76366667,4,477.65,4,1222.865,4,379.56,3,B23-SAV,Oceanside Harbor,9.5694,open,U,U,U,natural,Zostera marina,4.768,33.2105,-117.4031,patch,small_embayment,3,11/26/24,12,Merkel,patch,NA,targeted
1565,B23-SAV-910,59.49444444,4,10.66666667,1,13.33333333,1,0,1,0,1,1.5,1,2.666666667,2,25.76366667,4,477.65,4,1222.865,4,379.56,3,B23-SAV,Oceanside Harbor,9.5694,open,U,U,U,natural,Zostera marina,4.768,33.2105,-117.4031,patch,small_embayment,3,11/26/24,12,Merkel,patch,NA,targeted
1566,B23-SAV-910,59.49444444,4,10.66666667,1,13.33333333,1,0,1,0,1,1.5,1,2.666666667,2,25.76366667,4,477.65,4,1222.865,4,379.56,3,B23-SAV,Oceanside Harbor,9.5694,open,U,U,U,natural,Zostera marina,4.768,33.2105,-117.4031,patch,small_embayment,3,11/26/24,12,Merkel,patch,NA,targeted
1567,B23-SAV-910,59.49444444,4,10.66666667,1,13.33333333,1,0,1,0,1,1.5,1,2.666666667,2,25.76366667,4,477.65,4,1222.865,4,379.56,3,B23-SAV,Oceanside Harbor,9.5694,open,U,U,U,natural,Zostera marina,4.768,33.2105,-117.4031,patch,small_embayment,3,11/26/24,12,Merkel,patch,,targeted
1568,B23-SAV-910,59.49444444,4,10.66666667,1,13.33333333,1,0,1,0,1,1.5,1,2.666666667,2,25.76366667,4,477.65,4,1222.865,4,379.56,3,B23-SAV,Oceanside Harbor,9.5694,open,U,U,U,natural,Zostera marina,4.768,33.2105,-117.4031,patch,small_embayment,3,11/26/24,12,Merkel,patch,,targeted
1569,B23-SAV-910,59.49444444,4,10.66666667,1,13.33333333,1,0,1,0,1,1.5,1,2.666666667,2,25.76366667,4,477.65,4,1222.865,4,379.56,3,B23-SAV,Oceanside Harbor,9.5694,open,U,U,U,natural,Zostera marina,4.768,33.2105,-117.4031,patch,small_embayment,3,11/26/24,12,Merkel,patch,,targeted
1570,B23-SAV-910,59.49444444,4,10.66666667,1,13.33333333,1,0,1,0,1,1.5,1,2.666666667,2,25.76366667,4,477.65,4,1222.865,4,379.56,3,B23-SAV,Oceanside Harbor,9.5694,open,U,U,U,natural,Zostera marina,4.768,33.2105,-117.4031,patch,small_embayment,3,11/26/24,12,Merkel,patch,,targeted
1571,B23-SAV-910,59.49444444,4,10.66666667,1,13.33333333,1,0,1,0,1,1.5,1,2.666666667,2,25.76366667,4,477.65,4,1222.865,4,379.56,3,B23-SAV,Oceanside Harbor,9.5694,open,U,U,U,natural,Zostera marina,4.768,33.2105,-117.4031,patch,small_embayment,3,11/26/24,12,Merkel,patch,,targeted
1572,B23-SAV-910,59.49444444,4,10.66666667,1,13.33333333,1,0,1,0,1,1.5,1,2.666666667,2,25.76366667,4,477.65,4,1222.865,4,379.56,3,B23-SAV,Oceanside Harbor,9.5694,open,U,U,U,natural,Zostera marina,4.768,33.2105,-117.4031,patch,small_embayment,3,11/26/24,12,Merkel,patch,,targeted
1573,B23-SAV-910,59.49444444,4,10.66666667,1,13.33333333,1,0,1,0,1,1.5,1,2.666666667,2,25.76366667,4,477.65,4,1222.865,4,379.56,3,B23-SAV,Oceanside Harbor,9.5694,open,U,U,U,natural,Zostera marina,4.768,33.2105,-117.4031,patch,small_embayment,3,11/26/24,12,Merkel,patch,,targeted
1574,B23-SAV-910,59.49444444,4,10.66666667,1,13.33333333,1,0,1,0,1,1.5,1,2.666666667,2,25.76366667,4,477.65,4,1222.865,4,379.56,3,B23-SAV,Oceanside Harbor,9.5694,open,U,U,U,natural,Zostera marina,4.768,33.2105,-117.4031,patch,small_embayment,3,11/26/24,12,Merkel,patch,,targeted
1575,B23-SAV-910,59.49444444,4,10.66666667,1,13.33333333,1,0,1,0,1,1.5,1,2.666666667,2,25.76366667,4,477.65,4,1222.865,4,379.56,3,B23-SAV,Oceanside Harbor,9.5694,open,U,U,U,natural,Zostera marina,4.768,33.2105,-117.4031,patch,small_embayment,3,11/26/24,12,Merkel,patch,,targeted
1576,B23-SAV-910,59.49444444,4,10.66666667,1,13.33333333,1,0,1,0,1,1.5,1,2.666666667,2,25.76366667,4,477.65,4,1222.865,4,379.56,3,B23-SAV,Oceanside Harbor,9.5694,open,U,U,U,natural,Zostera marina,4.768,33.2105,-117.4031,patch,small_embayment,3,11/26/24,12,Merkel,patch,,targeted
1577,B23-SAV-910,59.49444444,4,10.66666667,1,13.33333333,1,0,1,0,1,1.5,1,2.666666667,2,25.76366667,4,477.65,4,1222.865,4,379.56,3,B23-SAV,Oceanside Harbor,9.5694,open,U,U,U,natural,Zostera marina,4.768,33.2105,-117.4031,patch,small_embayment,3,11/26/24,12,Merkel,patch,,targeted
1578,B23-SAV-910,59.49444444,4,10.66666667,1,13.33333333,1,0,1,0,1,1.5,1,2.666666667,2,25.76366667,4,477.65,4,1222.865,4,379.56,3,B23-SAV,Oceanside Harbor,9.5694,open,U,U,U,natural,Zostera marina,4.768,33.2105,-117.4031,patch,small_embayment,3,11/26/24,12,Merkel,patch,,targeted
1579,B23-SAV-910,59.49444444,4,10.66666667,1,13.33333333,1,0,1,0,1,1.5,1,2.666666667,2,25.76366667,4,477.65,4,1222.865,4,379.56,3,B23-SAV,Oceanside Harbor,9.5694,open,U,U,U,natural,Zostera marina,4.768,33.2105,-117.4031,patch,small_embayment,3,11/26/24,12,Merkel,patch,,targeted
1580,B23-SAV-910,59.49444444,4,10.66666667,1,13.33333333,1,0,1,0,1,1.5,1,2.666666667,2,25.76366667,4,477.65,4,1222.865,4,379.56,3,B23-SAV,Oceanside Harbor,9.5694,open,U,U,U,natural,Zostera marina,4.768,33.2105,-117.4031,patch,small_embayment,3,11/26/24,12,Merkel,patch,,targeted
1581,B23-SAV-910,59.49444444,4,10.66666667,1,13.33333333,1,0,1,0,1,1.5,1,2.666666667,2,25.76366667,4,477.65,4,1222.865,4,379.56,3,B23-SAV,Oceanside Harbor,9.5694,open,U,U,U,natural,Zostera marina,4.768,33.2105,-117.4031,patch,small_embayment,3,11/26/24,12,Merkel,patch,,targeted
1582,B23-SAV-910,59.49444444,4,10.66666667,1,13.33333333,1,0,1,0,1,1.5,1,2.666666667,2,25.76366667,4,477.65,4,1222.865,4,379.56,3,B23-SAV,Oceanside Harbor,9.5694,open,U,U,U,natural,Zostera marina,4.768,33.2105,-117.4031,patch,small_embayment,3,11/26/24,12,Merkel,patch,,targeted
1583,B23-SAV-910,59.49444444,4,10.66666667,1,13.33333333,1,0,1,0,1,1.5,1,2.666666667,2,25.76366667,4,477.65,4,1222.865,4,379.56,3,B23-SAV,Oceanside Harbor,9.5694,open,U,U,U,natural,Zostera marina,4.768,33.2105,-117.4031,patch,small_embayment,3,11/26/24,12,Merkel,patch,,targeted
1584,B23-SAV-910,59.49444444,4,10.66666667,1,13.33333333,1,0,1,0,1,1.5,1,2.666666667,2,25.76366667,4,477.65,4,1222.865,4,379.56,3,B23-SAV,Oceanside Harbor,9.5694,open,U,U,U,natural,Zostera marina,4.768,33.2105,-117.4031,patch,small_embayment,3,11/26/24,12,Merkel,patch,,targeted
1585,B23-SAV-910,59.49444444,4,10.66666667,1,13.33333333,1,0,1,0,1,1.5,1,2.666666667,2,25.76366667,4,477.65,4,1222.865,4,379.56,3,B23-SAV,Oceanside Harbor,9.5694,open,U,U,U,natural,Zostera marina,4.768,33.2105,-117.4031,patch,small_embayment,3,11/26/24,12,Merkel,patch,,targeted
1586,B23-SAV-910,59.49444444,4,10.66666667,1,13.33333333,1,0,1,0,1,1.5,1,2.666666667,2,25.76366667,4,477.65,4,1222.865,4,379.56,3,B23-SAV,Oceanside Harbor,9.5694,open,U,U,U,natural,Zostera marina,4.768,33.2105,-117.4031,patch,small_embayment,3,11/26/24,12,Merkel,patch,,targeted
1587,B23-SAV-910,59.49444444,4,10.66666667,1,13.33333333,1,0,1,0,1,1.5,1,2.666666667,2,25.76366667,4,477.65,4,1222.865,4,379.56,3,B23-SAV,Oceanside Harbor,9.5694,open,U,U,U,natural,Zostera marina,4.768,33.2105,-117.4031,patch,small_embayment,3,11/26/24,12,Merkel,patch,,targeted
1588,B23-SAV-910,59.49444444,4,10.66666667,1,13.33333333,1,0,1,0,1,1.5,1,2.666666667,2,25.76366667,4,477.65,4,1222.865,4,379.56,3,B23-SAV,Oceanside Harbor,9.5694,open,U,U,U,natural,Zostera marina,4.768,33.2105,-117.4031,patch,small_embayment,3,11/26/24,12,Merkel,patch,,targeted
1589,B23-SAV-910,59.49444444,4,10.66666667,1,13.33333333,1,0,1,0,1,1.5,1,2.666666667,2,25.76366667,4,477.65,4,1222.865,4,379.56,3,B23-SAV,Oceanside Harbor,9.5694,open,U,U,U,natural,Zostera marina,4.768,33.2105,-117.4031,patch,small_embayment,3,11/26/24,12,Merkel,patch,,targeted
1590,B23-SAV-910,59.49444444,4,10.66666667,1,13.33333333,1,0,1,0,1,1.5,1,2.666666667,2,25.76366667,4,477.65,4,1222.865,4,379.56,3,B23-SAV,Oceanside Harbor,9.5694,open,U,U,U,natural,Zostera marina,4.768,33.2105,-117.4031,patch,small_embayment,3,11/26/24,12,Merkel,patch,,targeted
1591,B23-SAV-910,59.49444444,4,10.66666667,1,13.33333333,1,0,1,0,1,1.5,1,2.666666667,2,25.76366667,4,477.65,4,1222.865,4,379.56,3,B23-SAV,Oceanside Harbor,9.5694,open,U,U,U,natural,Zostera marina,4.768,33.2105,-117.4031,patch,small_embayment,3,11/26/24,12,Merkel,patch,,targeted
1592,B23-SAV-910,59.49444444,4,10.66666667,1,13.33333333,1,0,1,0,1,1.5,1,2.666666667,2,25.76366667,4,477.65,4,1222.865,4,379.56,3,B23-SAV,Oceanside Harbor,9.5694,open,U,U,U,natural,Zostera marina,4.768,33.2105,-117.4031,patch,small_embayment,3,11/26/24,12,Merkel,patch,,targeted
1593,B23-SAV-910,59.49444444,4,10.66666667,1,13.33333333,1,0,1,0,1,1.5,1,2.666666667,2,25.76366667,4,477.65,4,1222.865,4,379.56,3,B23-SAV,Oceanside Harbor,9.5694,open,U,U,U,natural,Zostera marina,4.768,33.2105,-117.4031,patch,small_embayment,3,11/26/24,12,Merkel,patch,,targeted
1594,B23-SAV-910,59.49444444,4,10.66666667,1,13.33333333,1,0,1,0,1,1.5,1,2.666666667,2,25.76366667,4,477.65,4,1222.865,4,379.56,3,B23-SAV,Oceanside Harbor,9.5694,open,U,U,U,natural,Zostera marina,4.768,33.2105,-117.4031,patch,small_embayment,3,11/26/24,12,Merkel,patch,,targeted
1595,B23-SAV-910,59.49444444,4,10.66666667,1,13.33333333,1,0,1,0,1,1.5,1,2.666666667,2,25.76366667,4,477.65,4,1222.865,4,379.56,3,B23-SAV,Oceanside Harbor,9.5694,open,U,U,U,natural,Zostera marina,4.768,33.2105,-117.4031,patch,small_embayment,3,11/26/24,12,Merkel,patch,,targeted
1596,B23-SAV-910,59.49444444,4,10.66666667,1,13.33333333,1,0,1,0,1,1.5,1,2.666666667,2,25.76366667,4,477.65,4,1222.865,4,379.56,3,B23-SAV,Oceanside Harbor,9.5694,open,U,U,U,natural,Zostera marina,4.768,33.2105,-117.4031,patch,small_embayment,3,11/26/24,12,Merkel,patch,,targeted
1597,B23-SAV-910,59.49444444,4,10.66666667,1,13.33333333,1,0,1,0,1,1.5,1,2.666666667,2,25.76366667,4,477.65,4,1222.865,4,379.56,3,B23-SAV,Oceanside Harbor,9.5694,open,U,U,U,natural,Zostera marina,4.768,33.2105,-117.4031,patch,small_embayment,3,11/26/24,12,Merkel,patch,,targeted
1598,B23-SAV-910,59.49444444,4,10.66666667,1,13.33333333,1,0,1,0,1,1.5,1,2.666666667,2,25.76366667,4,477.65,4,1222.865,4,379.56,3,B23-SAV,Oceanside Harbor,9.5694,open,U,U,U,natural,Zostera marina,4.768,33.2105,-117.4031,patch,small_embayment,3,11/26/24,12,Merkel,patch,,targeted
1599,B23-SAV-910,59.49444444,4,10.66666667,1,13.33333333,1,0,1,0,1,1.5,1,2.666666667,2,25.76366667,4,477.65,4,1222.865,4,379.56,3,B23-SAV,Oceanside Harbor,9.5694,open,U,U,U,natural,Zostera marina,4.768,33.2105,-117.4031,patch,small_embayment,3,11/26/24,12,Merkel,patch,,targeted
1600,B23-SAV-910,59.49444444,4,10.66666667,1,13.33333333,1,0,1,0,1,1.5,1,2.666666667,2,25.76366667,4,477.65,4,1222.865,4,379.56,3,B23-SAV,Oceanside Harbor,9.5694,open,U,U,U,natural,Zostera marina,4.768,33.2105,-117.4031,patch,small_embayment,3,11/26/24,12,Merkel,patch,,targeted
1601,B23-SAV-910,59.49444444,4,10.66666667,1,13.33333333,1,0,1,0,1,1.5,1,2.666666667,2,25.76366667,4,477.65,4,1222.865,4,379.56,3,B23-SAV,Oceanside Harbor,9.5694,open,U,U,U,natural,Zostera marina,4.768,33.2105,-117.4031,patch,small_embayment,3,11/26/24,12,Merkel,patch,,targeted
1602,B23-SAV-910,59.49444444,4,10.66666667,1,13.33333333,1,0,1,0,1,1.5,1,2.666666667,2,25.76366667,4,477.65,4,1222.865,4,379.56,3,B23-SAV,Oceanside Harbor,9.5694,open,U,U,U,natural,Zostera marina,4.768,33.2105,-117.4031,patch,small_embayment,3,11/26/24,12,Merkel,patch,,targeted
1603,B23-SAV-910,59.49444444,4,10.66666667,1,13.33333333,1,0,1,0,1,1.5,1,2.666666667,2,25.76366667,4,477.65,4,1222.865,4,379.56,3,B23-SAV,Oceanside Harbor,9.5694,open,U,U,U,natural,Zostera marina,4.768,33.2105,-117.4031,patch,small_embayment,3,11/26/24,12,Merkel,patch,,targeted
1604,B23-SAV-910,59.49444444,4,10.66666667,1,13.33333333,1,0,1,0,1,1.5,1,2.666666667,2,25.76366667,4,477.65,4,1222.865,4,379.56,3,B23-SAV,Oceanside Harbor,9.5694,open,U,U,U,natural,Zostera marina,4.768,33.2105,-117.4031,patch,small_embayment,3,11/26/24,12,Merkel,patch,,targeted
1605,B23-SAV-910,59.49444444,4,10.66666667,1,13.33333333,1,0,1,0,1,1.5,1,2.666666667,2,25.76366667,4,477.65,4,1222.865,4,379.56,3,B23-SAV,Oceanside Harbor,9.5694,open,U,U,U,natural,Zostera marina,4.768,33.2105,-117.4031,patch,small_embayment,3,11/26/24,12,Merkel,patch,,targeted
1606,B23-SAV-910,59.49444444,4,10.66666667,1,13.33333333,1,0,1,0,1,1.5,1,2.666666667,2,25.76366667,4,477.65,4,1222.865,4,379.56,3,B23-SAV,Oceanside Harbor,9.5694,open,U,U,U,natural,Zostera marina,4.768,33.2105,-117.4031,patch,small_embayment,3,11/26/24,12,Merkel,patch,,targeted
1607,B23-SAV-910,59.49444444,4,10.66666667,1,13.33333333,1,0,1,0,1,1.5,1,2.666666667,2,25.76366667,4,477.65,4,1222.865,4,379.56,3,B23-SAV,Oceanside Harbor,9.5694,open,U,U,U,natural,Zostera marina,4.768,33.2105,-117.4031,patch,small_embayment,3,11/26/24,12,Merkel,patch,,targeted
1608,B23-SAV-910,59.49444444,4,10.66666667,1,13.33333333,1,0,1,0,1,1.5,1,2.666666667,2,25.76366667,4,477.65,4,1222.865,4,379.56,3,B23-SAV,Oceanside Harbor,9.5694,open,U,U,U,natural,Zostera marina,4.768,33.2105,-117.4031,patch,small_embayment,3,11/26/24,12,Merkel,patch,,targeted
1609,B23-SAV-910,59.49444444,4,10.66666667,1,13.33333333,1,0,1,0,1,1.5,1,2.666666667,2,25.76366667,4,477.65,4,1222.865,4,379.56,3,B23-SAV,Oceanside Harbor,9.5694,open,U,U,U,natural,Zostera marina,4.768,33.2105,-117.4031,patch,small_embayment,3,11/26/24,12,Merkel,patch,,targeted
1610,B23-SAV-910,59.49444444,4,10.66666667,1,13.33333333,1,0,1,0,1,1.5,1,2.666666667,2,25.76366667,4,477.65,4,1222.865,4,379.56,3,B23-SAV,Oceanside Harbor,9.5694,open,U,U,U,natural,Zostera marina,4.768,33.2105,-117.4031,patch,small_embayment,3,11/26/24,12,Merkel,patch,,targeted
1611,B23-SAV-910,59.49444444,4,10.66666667,1,13.33333333,1,0,1,0,1,1.5,1,2.666666667,2,25.76366667,4,477.65,4,1222.865,4,379.56,3,B23-SAV,Oceanside Harbor,9.5694,open,U,U,U,natural,Zostera marina,4.768,33.2105,-117.4031,patch,small_embayment,3,11/26/24,12,Merkel,patch,,targeted
1612,B23-SAV-910,59.49444444,4,10.66666667,1,13.33333333,1,0,1,0,1,1.5,1,2.666666667,2,25.76366667,4,477.65,4,1222.865,4,379.56,3,B23-SAV,Oceanside Harbor,9.5694,open,U,U,U,natural,Zostera marina,4.768,33.2105,-117.4031,patch,small_embayment,3,11/26/24,12,Merkel,patch,,targeted
1613,B23-SAV-910,59.49444444,4,10.66666667,1,13.33333333,1,0,1,0,1,1.5,1,2.666666667,2,25.76366667,4,477.65,4,1222.865,4,379.56,3,B23-SAV,Oceanside Harbor,9.5694,open,U,U,U,natural,Zostera marina,4.768,33.2105,-117.4031,patch,small_embayment,3,11/26/24,12,Merkel,patch,,targeted
1614,B23-SAV-910,59.49444444,4,10.66666667,1,13.33333333,1,0,1,0,1,1.5,1,2.666666667,2,25.76366667,4,477.65,4,1222.865,4,379.56,3,B23-SAV,Oceanside Harbor,9.5694,open,U,U,U,natural,Zostera marina,4.768,33.2105,-117.4031,patch,small_embayment,3,11/26/24,12,Merkel,patch,,targeted
1615,B23-SAV-910,59.49444444,4,10.66666667,1,13.33333333,1,0,1,0,1,1.5,1,2.666666667,2,25.76366667,4,477.65,4,1222.865,4,379.56,3,B23-SAV,Oceanside Harbor,9.5694,open,U,U,U,natural,Zostera marina,4.768,33.2105,-117.4031,patch,small_embayment,3,11/26/24,12,Merkel,patch,,targeted
1616,B23-SAV-910,59.49444444,4,10.66666667,1,13.33333333,1,0,1,0,1,1.5,1,2.666666667,2,25.76366667,4,477.65,4,1222.865,4,379.56,3,B23-SAV,Oceanside Harbor,9.5694,open,U,U,U,natural,Zostera marina,4.768,33.2105,-117.4031,patch,small_embayment,3,11/26/24,12,Merkel,patch,,targeted
1617,B23-SAV-910,59.49444444,4,10.66666667,1,13.33333333,1,0,1,0,1,1.5,1,2.666666667,2,25.76366667,4,477.65,4,1222.865,4,379.56,3,B23-SAV,Oceanside Harbor,9.5694,open,U,U,U,natural,Zostera marina,4.768,33.2105,-117.4031,patch,small_embayment,3,11/26/24,12,Merkel,patch,,targeted
1618,B23-SAV-910,59.49444444,4,10.66666667,1,13.33333333,1,0,1,0,1,1.5,1,2.666666667,2,25.76366667,4,477.65,4,1222.865,4,379.56,3,B23-SAV,Oceanside Harbor,9.5694,open,U,U,U,natural,Zostera marina,4.768,33.2105,-117.4031,patch,small_embayment,3,11/26/24,12,Merkel,patch,,targeted
1619,B23-SAV-910,59.49444444,4,10.66666667,1,13.33333333,1,0,1,0,1,1.5,1,2.666666667,2,25.76366667,4,477.65,4,1222.865,4,379.56,3,B23-SAV,Oceanside Harbor,9.5694,open,U,U,U,natural,Zostera marina,4.768,33.2105,-117.4031,patch,small_embayment,3,11/26/24,12,Merkel,patch,,targeted
1620,B23-SAV-910,59.49444444,4,10.66666667,1,13.33333333,1,0,1,0,1,1.5,1,2.666666667,2,25.76366667,4,477.65,4,1222.865,4,379.56,3,B23-SAV,Oceanside Harbor,9.5694,open,U,U,U,natural,Zostera marina,4.768,33.2105,-117.4031,patch,small_embayment,3,11/26/24,12,Merkel,patch,,targeted
1621,B23-SAV-910,59.49444444,4,10.66666667,1,13.33333333,1,0,1,0,1,1.5,1,2.666666667,2,25.76366667,4,477.65,4,1222.865,4,379.56,3,B23-SAV,Oceanside Harbor,9.5694,open,U,U,U,natural,Zostera marina,4.768,33.2105,-117.4031,patch,small_embayment,3,11/26/24,12,Merkel,patch,,targeted
1622,B23-SAV-910,59.49444444,4,10.66666667,1,13.33333333,1,0,1,0,1,1.5,1,2.666666667,2,25.76366667,4,477.65,4,1222.865,4,379.56,3,B23-SAV,Oceanside Harbor,9.5694,open,U,U,U,natural,Zostera marina,4.768,33.2105,-117.4031,patch,small_embayment,3,11/26/24,12,Merkel,patch,,targeted
1623,B23-SAV-991,49.776,3,13.33333333,1,18.33333333,2,0,1,0,1,5,3,1.9,1,24.7075,4,62.3,3,1563.265,4,234.365,2,B23-SAV,La Jolla Cove,5.65,unknown,P,No Take,State Marine Reserve,,Zostera pacifica,8.62,32.854,-117.2655,patch,NA,3,11/26/24,20,Merkel,patch,NA,targeted
1624,B23-SAV-991,49.776,3,13.33333333,1,18.33333333,2,0,1,0,1,5,3,1.9,1,24.7075,4,62.3,3,1563.265,4,234.365,2,B23-SAV,La Jolla Cove,5.65,unknown,P,No Take,State Marine Reserve,,Zostera pacifica,8.62,32.854,-117.2655,patch,NA,3,11/26/24,20,Merkel,patch,NA,targeted
1625,B23-SAV-991,49.776,3,13.33333333,1,18.33333333,2,0,1,0,1,5,3,1.9,1,24.7075,4,62.3,3,1563.265,4,234.365,2,B23-SAV,La Jolla Cove,5.65,unknown,P,No Take,State Marine Reserve,,Zostera pacifica,8.62,32.854,-117.2655,patch,NA,3,11/26/24,20,Merkel,patch,NA,targeted
1626,B23-SAV-991,49.776,3,13.33333333,1,18.33333333,2,0,1,0,1,5,3,1.9,1,24.7075,4,62.3,3,1563.265,4,234.365,2,B23-SAV,La Jolla Cove,5.65,unknown,P,No Take,State Marine Reserve,,Zostera pacifica,8.62,32.854,-117.2655,patch,NA,3,11/26/24,20,Merkel,patch,NA,targeted
1627,B23-SAV-991,49.776,3,13.33333333,1,18.33333333,2,0,1,0,1,5,3,1.9,1,24.7075,4,62.3,3,1563.265,4,234.365,2,B23-SAV,La Jolla Cove,5.65,unknown,P,No Take,State Marine Reserve,,Zostera pacifica,8.62,32.854,-117.2655,patch,NA,3,11/26/24,20,Merkel,patch,NA,targeted
1628,B23-SAV-991,49.776,3,13.33333333,1,18.33333333,2,0,1,0,1,5,3,1.9,1,24.7075,4,62.3,3,1563.265,4,234.365,2,B23-SAV,La Jolla Cove,5.65,unknown,P,No Take,State Marine Reserve,,Zostera pacifica,8.62,32.854,-117.2655,patch,NA,3,11/26/24,20,Merkel,patch,NA,targeted
1629,B23-SAV-991,49.776,3,13.33333333,1,18.33333333,2,0,1,0,1,5,3,1.9,1,24.7075,4,62.3,3,1563.265,4,234.365,2,B23-SAV,La Jolla Cove,5.65,unknown,P,No Take,State Marine Reserve,,Zostera pacifica,8.62,32.854,-117.2655,patch,NA,3,11/26/24,20,Merkel,patch,NA,targeted
1630,B23-SAV-991,49.776,3,13.33333333,1,18.33333333,2,0,1,0,1,5,3,1.9,1,24.7075,4,62.3,3,1563.265,4,234.365,2,B23-SAV,La Jolla Cove,5.65,unknown,P,No Take,State Marine Reserve,,Zostera pacifica,8.62,32.854,-117.2655,patch,NA,3,11/26/24,20,Merkel,patch,NA,targeted
1631,B23-SAV-991,49.776,3,13.33333333,1,18.33333333,2,0,1,0,1,5,3,1.9,1,24.7075,4,62.3,3,1563.265,4,234.365,2,B23-SAV,La Jolla Cove,5.65,unknown,P,No Take,State Marine Reserve,,Zostera pacifica,8.62,32.854,-117.2655,patch,NA,3,11/26/24,20,Merkel,patch,NA,targeted
1632,B23-SAV-991,49.776,3,13.33333333,1,18.33333333,2,0,1,0,1,5,3,1.9,1,24.7075,4,62.3,3,1563.265,4,234.365,2,B23-SAV,La Jolla Cove,5.65,unknown,P,No Take,State Marine Reserve,,Zostera pacifica,8.62,32.854,-117.2655,patch,NA,3,11/26/24,20,Merkel,patch,NA,targeted
1633,B23-SAV-991,49.776,3,13.33333333,1,18.33333333,2,0,1,0,1,5,3,1.9,1,24.7075,4,62.3,3,1563.265,4,234.365,2,B23-SAV,La Jolla Cove,5.65,unknown,P,No Take,State Marine Reserve,,Zostera pacifica,8.62,32.854,-117.2655,patch,NA,3,11/26/24,20,Merkel,patch,NA,targeted
1634,B23-SAV-991,49.776,3,13.33333333,1,18.33333333,2,0,1,0,1,5,3,1.9,1,24.7075,4,62.3,3,1563.265,4,234.365,2,B23-SAV,La Jolla Cove,5.65,unknown,P,No Take,State Marine Reserve,,Zostera pacifica,8.62,32.854,-117.2655,patch,NA,3,11/26/24,20,Merkel,patch,NA,targeted
1635,B23-SAV-991,49.776,3,13.33333333,1,18.33333333,2,0,1,0,1,5,3,1.9,1,24.7075,4,62.3,3,1563.265,4,234.365,2,B23-SAV,La Jolla Cove,5.65,unknown,P,No Take,State Marine Reserve,,Zostera pacifica,8.62,32.854,-117.2655,patch,NA,3,11/26/24,20,Merkel,patch,NA,targeted
1636,B23-SAV-991,49.776,3,13.33333333,1,18.33333333,2,0,1,0,1,5,3,1.9,1,24.7075,4,62.3,3,1563.265,4,234.365,2,B23-SAV,La Jolla Cove,5.65,unknown,P,No Take,State Marine Reserve,,Zostera pacifica,8.62,32.854,-117.2655,patch,NA,3,11/26/24,20,Merkel,patch,NA,targeted
1637,B23-SAV-991,49.776,3,13.33333333,1,18.33333333,2,0,1,0,1,5,3,1.9,1,24.7075,4,62.3,3,1563.265,4,234.365,2,B23-SAV,La Jolla Cove,5.65,unknown,P,No Take,State Marine Reserve,,Zostera pacifica,8.62,32.854,-117.2655,patch,NA,3,11/26/24,20,Merkel,patch,NA,targeted
1638,B23-SAV-991,49.776,3,13.33333333,1,18.33333333,2,0,1,0,1,5,3,1.9,1,24.7075,4,62.3,3,1563.265,4,234.365,2,B23-SAV,La Jolla Cove,5.65,unknown,P,No Take,State Marine Reserve,,Zostera pacifica,8.62,32.854,-117.2655,patch,NA,3,11/26/24,20,Merkel,patch,NA,targeted
1639,B23-SAV-991,49.776,3,13.33333333,1,18.33333333,2,0,1,0,1,5,3,1.9,1,24.7075,4,62.3,3,1563.265,4,234.365,2,B23-SAV,La Jolla Cove,5.65,unknown,P,No Take,State Marine Reserve,,Zostera pacifica,8.62,32.854,-117.2655,patch,NA,3,11/26/24,20,Merkel,patch,NA,targeted
1640,B23-SAV-991,49.776,3,13.33333333,1,18.33333333,2,0,1,0,1,5,3,1.9,1,24.7075,4,62.3,3,1563.265,4,234.365,2,B23-SAV,La Jolla Cove,5.65,unknown,P,No Take,State Marine Reserve,,Zostera pacifica,8.62,32.854,-117.2655,patch,NA,3,11/26/24,20,Merkel,patch,NA,targeted
1641,B23-SAV-991,49.776,3,13.33333333,1,18.33333333,2,0,1,0,1,5,3,1.9,1,24.7075,4,62.3,3,1563.265,4,234.365,2,B23-SAV,La Jolla Cove,5.65,unknown,P,No Take,State Marine Reserve,,Zostera pacifica,8.62,32.854,-117.2655,patch,NA,3,11/26/24,20,Merkel,patch,NA,targeted
1642,B23-SAV-991,49.776,3,13.33333333,1,18.33333333,2,0,1,0,1,5,3,1.9,1,24.7075,4,62.3,3,1563.265,4,234.365,2,B23-SAV,La Jolla Cove,5.65,unknown,P,No Take,State Marine Reserve,,Zostera pacifica,8.62,32.854,-117.2655,patch,NA,3,11/26/24,20,Merkel,patch,NA,targeted
1643,B23-SAV-991,49.776,3,13.33333333,1,18.33333333,2,0,1,0,1,5,3,1.9,1,24.7075,4,62.3,3,1563.265,4,234.365,2,B23-SAV,La Jolla Cove,5.65,unknown,P,No Take,State Marine Reserve,,Zostera pacifica,8.62,32.854,-117.2655,patch,NA,3,11/26/24,20,Merkel,patch,NA,targeted
1644,B23-SAV-991,49.776,3,13.33333333,1,18.33333333,2,0,1,0,1,5,3,1.9,1,24.7075,4,62.3,3,1563.265,4,234.365,2,B23-SAV,La Jolla Cove,5.65,unknown,P,No Take,State Marine Reserve,,Zostera pacifica,8.62,32.854,-117.2655,patch,NA,3,11/26/24,20,Merkel,patch,NA,targeted
1645,B23-SAV-991,49.776,3,13.33333333,1,18.33333333,2,0,1,0,1,5,3,1.9,1,24.7075,4,62.3,3,1563.265,4,234.365,2,B23-SAV,La Jolla Cove,5.65,unknown,P,No Take,State Marine Reserve,,Zostera pacifica,8.62,32.854,-117.2655,patch,NA,3,11/26/24,20,Merkel,patch,NA,targeted
1646,B23-SAV-991,49.776,3,13.33333333,1,18.33333333,2,0,1,0,1,5,3,1.9,1,24.7075,4,62.3,3,1563.265,4,234.365,2,B23-SAV,La Jolla Cove,5.65,unknown,P,No Take,State Marine Reserve,,Zostera pacifica,8.62,32.854,-117.2655,patch,NA,3,11/26/24,20,Merkel,patch,NA,targeted
1647,B23-SAV-991,49.776,3,13.33333333,1,18.33333333,2,0,1,0,1,5,3,1.9,1,24.7075,4,62.3,3,1563.265,4,234.365,2,B23-SAV,La Jolla Cove,5.65,unknown,P,No Take,State Marine Reserve,,Zostera pacifica,8.62,32.854,-117.2655,patch,NA,3,11/26/24,20,Merkel,patch,NA,targeted
1648,B23-SAV-991,49.776,3,13.33333333,1,18.33333333,2,0,1,0,1,5,3,1.9,1,24.7075,4,62.3,3,1563.265,4,234.365,2,B23-SAV,La Jolla Cove,5.65,unknown,P,No Take,State Marine Reserve,,Zostera pacifica,8.62,32.854,-117.2655,patch,NA,3,11/26/24,20,Merkel,patch,NA,targeted
1649,B23-SAV-991,49.776,3,13.33333333,1,18.33333333,2,0,1,0,1,5,3,1.9,1,24.7075,4,62.3,3,1563.265,4,234.365,2,B23-SAV,La Jolla Cove,5.65,unknown,P,No Take,State Marine Reserve,,Zostera pacifica,8.62,32.854,-117.2655,patch,NA,3,11/26/24,20,Merkel,patch,NA,targeted
1650,B23-SAV-991,49.776,3,13.33333333,1,18.33333333,2,0,1,0,1,5,3,1.9,1,24.7075,4,62.3,3,1563.265,4,234.365,2,B23-SAV,La Jolla Cove,5.65,unknown,P,No Take,State Marine Reserve,,Zostera pacifica,8.62,32.854,-117.2655,patch,NA,3,11/26/24,20,Merkel,patch,,targeted
1651,B23-SAV-991,49.776,3,13.33333333,1,18.33333333,2,0,1,0,1,5,3,1.9,1,24.7075,4,62.3,3,1563.265,4,234.365,2,B23-SAV,La Jolla Cove,5.65,unknown,P,No Take,State Marine Reserve,,Zostera pacifica,8.62,32.854,-117.2655,patch,NA,3,11/26/24,20,Merkel,patch,,targeted
1652,B23-SAV-991,49.776,3,13.33333333,1,18.33333333,2,0,1,0,1,5,3,1.9,1,24.7075,4,62.3,3,1563.265,4,234.365,2,B23-SAV,La Jolla Cove,5.65,unknown,P,No Take,State Marine Reserve,,Zostera pacifica,8.62,32.854,-117.2655,patch,NA,3,11/26/24,20,Merkel,patch,,targeted
1653,B23-SAV-991,49.776,3,13.33333333,1,18.33333333,2,0,1,0,1,5,3,1.9,1,24.7075,4,62.3,3,1563.265,4,234.365,2,B23-SAV,La Jolla Cove,5.65,unknown,P,No Take,State Marine Reserve,,Zostera pacifica,8.62,32.854,-117.2655,patch,NA,3,11/26/24,20,Merkel,patch,,targeted
1654,B23-SAV-991,49.776,3,13.33333333,1,18.33333333,2,0,1,0,1,5,3,1.9,1,24.7075,4,62.3,3,1563.265,4,234.365,2,B23-SAV,La Jolla Cove,5.65,unknown,P,No Take,State Marine Reserve,,Zostera pacifica,8.62,32.854,-117.2655,patch,NA,3,11/26/24,20,Merkel,patch,,targeted
1655,B23-SAV-991,49.776,3,13.33333333,1,18.33333333,2,0,1,0,1,5,3,1.9,1,24.7075,4,62.3,3,1563.265,4,234.365,2,B23-SAV,La Jolla Cove,5.65,unknown,P,No Take,State Marine Reserve,,Zostera pacifica,8.62,32.854,-117.2655,patch,NA,3,11/26/24,20,Merkel,patch,,targeted
1656,B23-SAV-991,49.776,3,13.33333333,1,18.33333333,2,0,1,0,1,5,3,1.9,1,24.7075,4,62.3,3,1563.265,4,234.365,2,B23-SAV,La Jolla Cove,5.65,unknown,P,No Take,State Marine Reserve,,Zostera pacifica,8.62,32.854,-117.2655,patch,NA,3,11/26/24,20,Merkel,patch,,targeted
1657,B23-SAV-991,49.776,3,13.33333333,1,18.33333333,2,0,1,0,1,5,3,1.9,1,24.7075,4,62.3,3,1563.265,4,234.365,2,B23-SAV,La Jolla Cove,5.65,unknown,P,No Take,State Marine Reserve,,Zostera pacifica,8.62,32.854,-117.2655,patch,NA,3,11/26/24,20,Merkel,patch,,targeted
1658,B23-SAV-991,49.776,3,13.33333333,1,18.33333333,2,0,1,0,1,5,3,1.9,1,24.7075,4,62.3,3,1563.265,4,234.365,2,B23-SAV,La Jolla Cove,5.65,unknown,P,No Take,State Marine Reserve,,Zostera pacifica,8.62,32.854,-117.2655,patch,NA,3,11/26/24,20,Merkel,patch,,targeted
1659,B23-SAV-991,49.776,3,13.33333333,1,18.33333333,2,0,1,0,1,5,3,1.9,1,24.7075,4,62.3,3,1563.265,4,234.365,2,B23-SAV,La Jolla Cove,5.65,unknown,P,No Take,State Marine Reserve,,Zostera pacifica,8.62,32.854,-117.2655,patch,NA,3,11/26/24,20,Merkel,patch,,targeted
1660,B23-SAV-991,49.776,3,13.33333333,1,18.33333333,2,0,1,0,1,5,3,1.9,1,24.7075,4,62.3,3,1563.265,4,234.365,2,B23-SAV,La Jolla Cove,5.65,unknown,P,No Take,State Marine Reserve,,Zostera pacifica,8.62,32.854,-117.2655,patch,NA,3,11/26/24,20,Merkel,patch,,targeted
1661,B23-SAV-991,49.776,3,13.33333333,1,18.33333333,2,0,1,0,1,5,3,1.9,1,24.7075,4,62.3,3,1563.265,4,234.365,2,B23-SAV,La Jolla Cove,5.65,unknown,P,No Take,State Marine Reserve,,Zostera pacifica,8.62,32.854,-117.2655,patch,NA,3,11/26/24,20,Merkel,patch,,targeted
1662,B23-SAV-991,49.776,3,13.33333333,1,18.33333333,2,0,1,0,1,5,3,1.9,1,24.7075,4,62.3,3,1563.265,4,234.365,2,B23-SAV,La Jolla Cove,5.65,unknown,P,No Take,State Marine Reserve,,Zostera pacifica,8.62,32.854,-117.2655,patch,NA,3,11/26/24,20,Merkel,patch,,targeted
1663,B23-SAV-991,49.776,3,13.33333333,1,18.33333333,2,0,1,0,1,5,3,1.9,1,24.7075,4,62.3,3,1563.265,4,234.365,2,B23-SAV,La Jolla Cove,5.65,unknown,P,No Take,State Marine Reserve,,Zostera pacifica,8.62,32.854,-117.2655,patch,NA,3,11/26/24,20,Merkel,patch,,targeted
1664,B23-SAV-991,49.776,3,13.33333333,1,18.33333333,2,0,1,0,1,5,3,1.9,1,24.7075,4,62.3,3,1563.265,4,234.365,2,B23-SAV,La Jolla Cove,5.65,unknown,P,No Take,State Marine Reserve,,Zostera pacifica,8.62,32.854,-117.2655,patch,NA,3,11/26/24,20,Merkel,patch,,targeted
1665,B23-SAV-991,49.776,3,13.33333333,1,18.33333333,2,0,1,0,1,5,3,1.9,1,24.7075,4,62.3,3,1563.265,4,234.365,2,B23-SAV,La Jolla Cove,5.65,unknown,P,No Take,State Marine Reserve,,Zostera pacifica,8.62,32.854,-117.2655,patch,NA,3,11/26/24,20,Merkel,patch,,targeted
1666,B23-SAV-991,49.776,3,13.33333333,1,18.33333333,2,0,1,0,1,5,3,1.9,1,24.7075,4,62.3,3,1563.265,4,234.365,2,B23-SAV,La Jolla Cove,5.65,unknown,P,No Take,State Marine Reserve,,Zostera pacifica,8.62,32.854,-117.2655,patch,NA,3,11/26/24,20,Merkel,patch,,targeted
1667,B23-SAV-991,49.776,3,13.33333333,1,18.33333333,2,0,1,0,1,5,3,1.9,1,24.7075,4,62.3,3,1563.265,4,234.365,2,B23-SAV,La Jolla Cove,5.65,unknown,P,No Take,State Marine Reserve,,Zostera pacifica,8.62,32.854,-117.2655,patch,NA,3,11/26/24,20,Merkel,patch,,targeted
1668,B23-SAV-991,49.776,3,13.33333333,1,18.33333333,2,0,1,0,1,5,3,1.9,1,24.7075,4,62.3,3,1563.265,4,234.365,2,B23-SAV,La Jolla Cove,5.65,unknown,P,No Take,State Marine Reserve,,Zostera pacifica,8.62,32.854,-117.2655,patch,NA,3,11/26/24,20,Merkel,patch,,targeted
1669,B23-SAV-991,49.776,3,13.33333333,1,18.33333333,2,0,1,0,1,5,3,1.9,1,24.7075,4,62.3,3,1563.265,4,234.365,2,B23-SAV,La Jolla Cove,5.65,unknown,P,No Take,State Marine Reserve,,Zostera pacifica,8.62,32.854,-117.2655,patch,NA,3,11/26/24,20,Merkel,patch,,targeted
1670,B23-SAV-991,49.776,3,13.33333333,1,18.33333333,2,0,1,0,1,5,3,1.9,1,24.7075,4,62.3,3,1563.265,4,234.365,2,B23-SAV,La Jolla Cove,5.65,unknown,P,No Take,State Marine Reserve,,Zostera pacifica,8.62,32.854,-117.2655,patch,NA,3,11/26/24,20,Merkel,patch,,targeted
1671,B23-SAV-991,49.776,3,13.33333333,1,18.33333333,2,0,1,0,1,5,3,1.9,1,24.7075,4,62.3,3,1563.265,4,234.365,2,B23-SAV,La Jolla Cove,5.65,unknown,P,No Take,State Marine Reserve,,Zostera pacifica,8.62,32.854,-117.2655,patch,NA,3,11/26/24,20,Merkel,patch,,targeted
1672,B23-SAV-991,49.776,3,13.33333333,1,18.33333333,2,0,1,0,1,5,3,1.9,1,24.7075,4,62.3,3,1563.265,4,234.365,2,B23-SAV,La Jolla Cove,5.65,unknown,P,No Take,State Marine Reserve,,Zostera pacifica,8.62,32.854,-117.2655,patch,NA,3,11/26/24,20,Merkel,patch,,targeted
1673,B23-SAV-991,49.776,3,13.33333333,1,18.33333333,2,0,1,0,1,5,3,1.9,1,24.7075,4,62.3,3,1563.265,4,234.365,2,B23-SAV,La Jolla Cove,5.65,unknown,P,No Take,State Marine Reserve,,Zostera pacifica,8.62,32.854,-117.2655,patch,NA,3,11/26/24,20,Merkel,patch,,targeted
1674,B23-SAV-991,49.776,3,13.33333333,1,18.33333333,2,0,1,0,1,5,3,1.9,1,24.7075,4,62.3,3,1563.265,4,234.365,2,B23-SAV,La Jolla Cove,5.65,unknown,P,No Take,State Marine Reserve,,Zostera pacifica,8.62,32.854,-117.2655,patch,NA,3,11/26/24,20,Merkel,patch,,targeted
1675,B23-SAV-991,49.776,3,13.33333333,1,18.33333333,2,0,1,0,1,5,3,1.9,1,24.7075,4,62.3,3,1563.265,4,234.365,2,B23-SAV,La Jolla Cove,5.65,unknown,P,No Take,State Marine Reserve,,Zostera pacifica,8.62,32.854,-117.2655,patch,NA,3,11/26/24,20,Merkel,patch,,targeted
1676,B23-SAV-991,49.776,3,13.33333333,1,18.33333333,2,0,1,0,1,5,3,1.9,1,24.7075,4,62.3,3,1563.265,4,234.365,2,B23-SAV,La Jolla Cove,5.65,unknown,P,No Take,State Marine Reserve,,Zostera pacifica,8.62,32.854,-117.2655,patch,NA,3,11/26/24,20,Merkel,patch,,targeted
1677,B23-SAV-991,49.776,3,13.33333333,1,18.33333333,2,0,1,0,1,5,3,1.9,1,24.7075,4,62.3,3,1563.265,4,234.365,2,B23-SAV,La Jolla Cove,5.65,unknown,P,No Take,State Marine Reserve,,Zostera pacifica,8.62,32.854,-117.2655,patch,NA,3,11/26/24,20,Merkel,patch,,targeted
1678,B23-SAV-991,49.776,3,13.33333333,1,18.33333333,2,0,1,0,1,5,3,1.9,1,24.7075,4,62.3,3,1563.265,4,234.365,2,B23-SAV,La Jolla Cove,5.65,unknown,P,No Take,State Marine Reserve,,Zostera pacifica,8.62,32.854,-117.2655,patch,NA,3,11/26/24,20,Merkel,patch,,targeted
1679,B23-SAV-991,49.776,3,13.33333333,1,18.33333333,2,0,1,0,1,5,3,1.9,1,24.7075,4,62.3,3,1563.265,4,234.365,2,B23-SAV,La Jolla Cove,5.65,unknown,P,No Take,State Marine Reserve,,Zostera pacifica,8.62,32.854,-117.2655,patch,NA,3,11/26/24,20,Merkel,patch,,targeted
1680,B23-SAV-991,49.776,3,13.33333333,1,18.33333333,2,0,1,0,1,5,3,1.9,1,24.7075,4,62.3,3,1563.265,4,234.365,2,B23-SAV,La Jolla Cove,5.65,unknown,P,No Take,State Marine Reserve,,Zostera pacifica,8.62,32.854,-117.2655,patch,NA,3,11/26/24,20,Merkel,patch,,targeted
1681,B23-SAV-991,49.776,3,13.33333333,1,18.33333333,2,0,1,0,1,5,3,1.9,1,24.7075,4,62.3,3,1563.265,4,234.365,2,B23-SAV,La Jolla Cove,5.65,unknown,P,No Take,State Marine Reserve,,Zostera pacifica,8.62,32.854,-117.2655,patch,NA,3,11/26/24,20,Merkel,patch,,targeted
1682,B23-SAV-991,49.776,3,13.33333333,1,18.33333333,2,0,1,0,1,5,3,1.9,1,24.7075,4,62.3,3,1563.265,4,234.365,2,B23-SAV,La Jolla Cove,5.65,unknown,P,No Take,State Marine Reserve,,Zostera pacifica,8.62,32.854,-117.2655,patch,NA,3,11/26/24,20,Merkel,patch,,targeted
1683,B23-SAV-991,49.776,3,13.33333333,1,18.33333333,2,0,1,0,1,5,3,1.9,1,24.7075,4,62.3,3,1563.265,4,234.365,2,B23-SAV,La Jolla Cove,5.65,unknown,P,No Take,State Marine Reserve,,Zostera pacifica,8.62,32.854,-117.2655,patch,NA,3,11/26/24,20,Merkel,patch,,targeted
1684,B23-SAV-991,49.776,3,13.33333333,1,18.33333333,2,0,1,0,1,5,3,1.9,1,24.7075,4,62.3,3,1563.265,4,234.365,2,B23-SAV,La Jolla Cove,5.65,unknown,P,No Take,State Marine Reserve,,Zostera pacifica,8.62,32.854,-117.2655,patch,NA,3,11/26/24,20,Merkel,patch,,targeted
1685,B23-SAV-991,49.776,3,13.33333333,1,18.33333333,2,0,1,0,1,5,3,1.9,1,24.7075,4,62.3,3,1563.265,4,234.365,2,B23-SAV,La Jolla Cove,5.65,unknown,P,No Take,State Marine Reserve,,Zostera pacifica,8.62,32.854,-117.2655,patch,NA,3,11/26/24,20,Merkel,patch,,targeted
1686,B23-SAV-991,49.776,3,13.33333333,1,18.33333333,2,0,1,0,1,5,3,1.9,1,24.7075,4,62.3,3,1563.265,4,234.365,2,B23-SAV,La Jolla Cove,5.65,unknown,P,No Take,State Marine Reserve,,Zostera pacifica,8.62,32.854,-117.2655,patch,NA,3,11/26/24,20,Merkel,patch,,targeted
1687,B23-SAV-991,49.776,3,13.33333333,1,18.33333333,2,0,1,0,1,5,3,1.9,1,24.7075,4,62.3,3,1563.265,4,234.365,2,B23-SAV,La Jolla Cove,5.65,unknown,P,No Take,State Marine Reserve,,Zostera pacifica,8.62,32.854,-117.2655,patch,NA,3,11/26/24,20,Merkel,patch,,targeted
1688,B23-SAV-991,49.776,3,13.33333333,1,18.33333333,2,0,1,0,1,5,3,1.9,1,24.7075,4,62.3,3,1563.265,4,234.365,2,B23-SAV,La Jolla Cove,5.65,unknown,P,No Take,State Marine Reserve,,Zostera pacifica,8.62,32.854,-117.2655,patch,NA,3,11/26/24,20,Merkel,patch,,targeted
1689,B23-SAV-991,49.776,3,13.33333333,1,18.33333333,2,0,1,0,1,5,3,1.9,1,24.7075,4,62.3,3,1563.265,4,234.365,2,B23-SAV,La Jolla Cove,5.65,unknown,P,No Take,State Marine Reserve,,Zostera pacifica,8.62,32.854,-117.2655,patch,NA,3,11/26/24,20,Merkel,patch,,targeted
1690,B23-SAV-991,49.776,3,13.33333333,1,18.33333333,2,0,1,0,1,5,3,1.9,1,24.7075,4,62.3,3,1563.265,4,234.365,2,B23-SAV,La Jolla Cove,5.65,unknown,P,No Take,State Marine Reserve,,Zostera pacifica,8.62,32.854,-117.2655,patch,NA,3,11/26/24,20,Merkel,patch,,targeted
1691,B23-SAV-991,49.776,3,13.33333333,1,18.33333333,2,0,1,0,1,5,3,1.9,1,24.7075,4,62.3,3,1563.265,4,234.365,2,B23-SAV,La Jolla Cove,5.65,unknown,P,No Take,State Marine Reserve,,Zostera pacifica,8.62,32.854,-117.2655,patch,NA,3,11/26/24,20,Merkel,patch,,targeted
1692,B23-SAV-991,49.776,3,13.33333333,1,18.33333333,2,0,1,0,1,5,3,1.9,1,24.7075,4,62.3,3,1563.265,4,234.365,2,B23-SAV,La Jolla Cove,5.65,unknown,P,No Take,State Marine Reserve,,Zostera pacifica,8.62,32.854,-117.2655,patch,NA,3,11/26/24,20,Merkel,patch,,targeted
1693,B23-SAV-991,49.776,3,13.33333333,1,18.33333333,2,0,1,0,1,5,3,1.9,1,24.7075,4,62.3,3,1563.265,4,234.365,2,B23-SAV,La Jolla Cove,5.65,unknown,P,No Take,State Marine Reserve,,Zostera pacifica,8.62,32.854,-117.2655,patch,NA,3,11/26/24,20,Merkel,patch,,targeted
1694,B23-SAV-991,49.776,3,13.33333333,1,18.33333333,2,0,1,0,1,5,3,1.9,1,24.7075,4,62.3,3,1563.265,4,234.365,2,B23-SAV,La Jolla Cove,5.65,unknown,P,No Take,State Marine Reserve,,Zostera pacifica,8.62,32.854,-117.2655,patch,NA,3,11/26/24,20,Merkel,patch,,targeted
1695,B23-SAV-991,49.776,3,13.33333333,1,18.33333333,2,0,1,0,1,5,3,1.9,1,24.7075,4,62.3,3,1563.265,4,234.365,2,B23-SAV,La Jolla Cove,5.65,unknown,P,No Take,State Marine Reserve,,Zostera pacifica,8.62,32.854,-117.2655,patch,NA,3,11/26/24,20,Merkel,patch,,targeted
1696,B23-SAV-991,49.776,3,13.33333333,1,18.33333333,2,0,1,0,1,5,3,1.9,1,24.7075,4,62.3,3,1563.265,4,234.365,2,B23-SAV,La Jolla Cove,5.65,unknown,P,No Take,State Marine Reserve,,Zostera pacifica,8.62,32.854,-117.2655,patch,NA,3,11/26/24,20,Merkel,patch,,targeted
1697,B23-SAV-991,49.776,3,13.33333333,1,18.33333333,2,0,1,0,1,5,3,1.9,1,24.7075,4,62.3,3,1563.265,4,234.365,2,B23-SAV,La Jolla Cove,5.65,unknown,P,No Take,State Marine Reserve,,Zostera pacifica,8.62,32.854,-117.2655,patch,NA,3,11/26/24,20,Merkel,patch,,targeted
1698,B23-SAV-991,49.776,3,13.33333333,1,18.33333333,2,0,1,0,1,5,3,1.9,1,24.7075,4,62.3,3,1563.265,4,234.365,2,B23-SAV,La Jolla Cove,5.65,unknown,P,No Take,State Marine Reserve,,Zostera pacifica,8.62,32.854,-117.2655,patch,NA,3,11/26/24,20,Merkel,patch,,targeted
1699,B23-SAV-991,49.776,3,13.33333333,1,18.33333333,2,0,1,0,1,5,3,1.9,1,24.7075,4,62.3,3,1563.265,4,234.365,2,B23-SAV,La Jolla Cove,5.65,unknown,P,No Take,State Marine Reserve,,Zostera pacifica,8.62,32.854,-117.2655,patch,NA,3,11/26/24,20,Merkel,patch,,targeted
1700,B23-SAV-991,49.776,3,13.33333333,1,18.33333333,2,0,1,0,1,5,3,1.9,1,24.7075,4,62.3,3,1563.265,4,234.365,2,B23-SAV,La Jolla Cove,5.65,unknown,P,No Take,State Marine Reserve,,Zostera pacifica,8.62,32.854,-117.2655,patch,NA,3,11/26/24,20,Merkel,patch,,targeted
1701,B23-SAV-991,49.776,3,13.33333333,1,18.33333333,2,0,1,0,1,5,3,1.9,1,24.7075,4,62.3,3,1563.265,4,234.365,2,B23-SAV,La Jolla Cove,5.65,unknown,P,No Take,State Marine Reserve,,Zostera pacifica,8.62,32.854,-117.2655,patch,NA,3,11/26/24,20,Merkel,patch,,targeted
1702,B23-SAV-991,49.776,3,13.33333333,1,18.33333333,2,0,1,0,1,5,3,1.9,1,24.7075,4,62.3,3,1563.265,4,234.365,2,B23-SAV,La Jolla Cove,5.65,unknown,P,No Take,State Marine Reserve,,Zostera pacifica,8.62,32.854,-117.2655,patch,NA,3,11/26/24,20,Merkel,patch,,targeted
1703,B23-SAV-991,49.776,3,13.33333333,1,18.33333333,2,0,1,0,1,5,3,1.9,1,24.7075,4,62.3,3,1563.265,4,234.365,2,B23-SAV,La Jolla Cove,5.65,unknown,P,No Take,State Marine Reserve,,Zostera pacifica,8.62,32.854,-117.2655,patch,NA,3,11/26/24,20,Merkel,patch,,targeted
1704,B23-SAV-991,49.776,3,13.33333333,1,18.33333333,2,0,1,0,1,5,3,1.9,1,24.7075,4,62.3,3,1563.265,4,234.365,2,B23-SAV,La Jolla Cove,5.65,unknown,P,No Take,State Marine Reserve,,Zostera pacifica,8.62,32.854,-117.2655,patch,NA,3,11/26/24,20,Merkel,patch,,targeted
1705,B23-SAV-991,49.776,3,13.33333333,1,18.33333333,2,0,1,0,1,5,3,1.9,1,24.7075,4,62.3,3,1563.265,4,234.365,2,B23-SAV,La Jolla Cove,5.65,unknown,P,No Take,State Marine Reserve,,Zostera pacifica,8.62,32.854,-117.2655,patch,NA,3,11/26/24,20,Merkel,patch,,targeted
1706,B23-SAV-991,49.776,3,13.33333333,1,18.33333333,2,0,1,0,1,5,3,1.9,1,24.7075,4,62.3,3,1563.265,4,234.365,2,B23-SAV,La Jolla Cove,5.65,unknown,P,No Take,State Marine Reserve,,Zostera pacifica,8.62,32.854,-117.2655,patch,NA,3,11/26/24,20,Merkel,patch,,targeted
1707,B23-SAV-991,49.776,3,13.33333333,1,18.33333333,2,0,1,0,1,5,3,1.9,1,24.7075,4,62.3,3,1563.265,4,234.365,2,B23-SAV,La Jolla Cove,5.65,unknown,P,No Take,State Marine Reserve,,Zostera pacifica,8.62,32.854,-117.2655,patch,NA,3,11/26/24,20,Merkel,patch,,targeted
1708,B23-SAV-991,49.776,3,13.33333333,1,18.33333333,2,0,1,0,1,5,3,1.9,1,24.7075,4,62.3,3,1563.265,4,234.365,2,B23-SAV,La Jolla Cove,5.65,unknown,P,No Take,State Marine Reserve,,Zostera pacifica,8.62,32.854,-117.2655,patch,NA,3,11/26/24,20,Merkel,patch,,targeted
1709,B23-SAV-991,49.776,3,13.33333333,1,18.33333333,2,0,1,0,1,5,3,1.9,1,24.7075,4,62.3,3,1563.265,4,234.365,2,B23-SAV,La Jolla Cove,5.65,unknown,P,No Take,State Marine Reserve,,Zostera pacifica,8.62,32.854,-117.2655,patch,NA,3,11/26/24,20,Merkel,patch,,targeted
1710,B23-SAV-991,49.776,3,13.33333333,1,18.33333333,2,0,1,0,1,5,3,1.9,1,24.7075,4,62.3,3,1563.265,4,234.365,2,B23-SAV,La Jolla Cove,5.65,unknown,P,No Take,State Marine Reserve,,Zostera pacifica,8.62,32.854,-117.2655,patch,NA,3,11/26/24,20,Merkel,patch,,targeted
1711,B23-SAV-991,49.776,3,13.33333333,1,18.33333333,2,0,1,0,1,5,3,1.9,1,24.7075,4,62.3,3,1563.265,4,234.365,2,B23-SAV,La Jolla Cove,5.65,unknown,P,No Take,State Marine Reserve,,Zostera pacifica,8.62,32.854,-117.2655,patch,NA,3,11/26/24,20,Merkel,patch,,targeted
1712,B23-SAV-991,49.776,3,13.33333333,1,18.33333333,2,0,1,0,1,5,3,1.9,1,24.7075,4,62.3,3,1563.265,4,234.365,2,B23-SAV,La Jolla Cove,5.65,unknown,P,No Take,State Marine Reserve,,Zostera pacifica,8.62,32.854,-117.2655,patch,NA,3,11/26/24,20,Merkel,patch,,targeted
1713,B23-SAV-991,49.776,3,13.33333333,1,18.33333333,2,0,1,0,1,5,3,1.9,1,24.7075,4,62.3,3,1563.265,4,234.365,2,B23-SAV,La Jolla Cove,5.65,unknown,P,No Take,State Marine Reserve,,Zostera pacifica,8.62,32.854,-117.2655,patch,NA,3,11/26/24,20,Merkel,patch,,targeted
1714,B23-SAV-991,49.776,3,13.33333333,1,18.33333333,2,0,1,0,1,5,3,1.9,1,24.7075,4,62.3,3,1563.265,4,234.365,2,B23-SAV,La Jolla Cove,5.65,unknown,P,No Take,State Marine Reserve,,Zostera pacifica,8.62,32.854,-117.2655,patch,NA,3,11/26/24,20,Merkel,patch,,targeted
1715,B23-SAV-991,49.776,3,13.33333333,1,18.33333333,2,0,1,0,1,5,3,1.9,1,24.7075,4,62.3,3,1563.265,4,234.365,2,B23-SAV,La Jolla Cove,5.65,unknown,P,No Take,State Marine Reserve,,Zostera pacifica,8.62,32.854,-117.2655,patch,NA,3,11/26/24,20,Merkel,patch,,targeted
1716,B23-SAV-991,49.776,3,13.33333333,1,18.33333333,2,0,1,0,1,5,3,1.9,1,24.7075,4,62.3,3,1563.265,4,234.365,2,B23-SAV,La Jolla Cove,5.65,unknown,P,No Take,State Marine Reserve,,Zostera pacifica,8.62,32.854,-117.2655,patch,NA,3,11/26/24,20,Merkel,patch,,targeted
1717,B23-SAV-991,49.776,3,13.33333333,1,18.33333333,2,0,1,0,1,5,3,1.9,1,24.7075,4,62.3,3,1563.265,4,234.365,2,B23-SAV,La Jolla Cove,5.65,unknown,P,No Take,State Marine Reserve,,Zostera pacifica,8.62,32.854,-117.2655,patch,NA,3,11/26/24,20,Merkel,patch,,targeted
1718,B23-SAV-991,49.776,3,13.33333333,1,18.33333333,2,0,1,0,1,5,3,1.9,1,24.7075,4,62.3,3,1563.265,4,234.365,2,B23-SAV,La Jolla Cove,5.65,unknown,P,No Take,State Marine Reserve,,Zostera pacifica,8.62,32.854,-117.2655,patch,NA,3,11/26/24,20,Merkel,patch,,targeted
1719,B23-SAV-991,49.776,3,13.33333333,1,18.33333333,2,0,1,0,1,5,3,1.9,1,24.7075,4,62.3,3,1563.265,4,234.365,2,B23-SAV,La Jolla Cove,5.65,unknown,P,No Take,State Marine Reserve,,Zostera pacifica,8.62,32.854,-117.2655,patch,NA,3,11/26/24,20,Merkel,patch,,targeted
1720,B23-SAV-991,49.776,3,13.33333333,1,18.33333333,2,0,1,0,1,5,3,1.9,1,24.7075,4,62.3,3,1563.265,4,234.365,2,B23-SAV,La Jolla Cove,5.65,unknown,P,No Take,State Marine Reserve,,Zostera pacifica,8.62,32.854,-117.2655,patch,NA,3,11/26/24,20,Merkel,patch,,targeted
1721,B23-SAV-991,49.776,3,13.33333333,1,18.33333333,2,0,1,0,1,5,3,1.9,1,24.7075,4,62.3,3,1563.265,4,234.365,2,B23-SAV,La Jolla Cove,5.65,unknown,P,No Take,State Marine Reserve,,Zostera pacifica,8.62,32.854,-117.2655,patch,NA,3,11/26/24,20,Merkel,patch,,targeted
1722,B23-SAV-991,49.776,3,13.33333333,1,18.33333333,2,0,1,0,1,5,3,1.9,1,24.7075,4,62.3,3,1563.265,4,234.365,2,B23-SAV,La Jolla Cove,5.65,unknown,P,No Take,State Marine Reserve,,Zostera pacifica,8.62,32.854,-117.2655,patch,NA,3,11/26/24,20,Merkel,patch,,targeted
1723,B23-SAV-991,49.776,3,13.33333333,1,18.33333333,2,0,1,0,1,5,3,1.9,1,24.7075,4,62.3,3,1563.265,4,234.365,2,B23-SAV,La Jolla Cove,5.65,unknown,P,No Take,State Marine Reserve,,Zostera pacifica,8.62,32.854,-117.2655,patch,NA,3,11/26/24,20,Merkel,patch,,targeted
1724,B23-SAV-991,49.776,3,13.33333333,1,18.33333333,2,0,1,0,1,5,3,1.9,1,24.7075,4,62.3,3,1563.265,4,234.365,2,B23-SAV,La Jolla Cove,5.65,unknown,P,No Take,State Marine Reserve,,Zostera pacifica,8.62,32.854,-117.2655,patch,NA,3,11/26/24,20,Merkel,patch,,targeted
1725,B23-SAV-991,49.776,3,13.33333333,1,18.33333333,2,0,1,0,1,5,3,1.9,1,24.7075,4,62.3,3,1563.265,4,234.365,2,B23-SAV,La Jolla Cove,5.65,unknown,P,No Take,State Marine Reserve,,Zostera pacifica,8.62,32.854,-117.2655,patch,NA,3,11/26/24,20,Merkel,patch,,targeted
1726,B23-SAV-991,49.776,3,13.33333333,1,18.33333333,2,0,1,0,1,5,3,1.9,1,24.7075,4,62.3,3,1563.265,4,234.365,2,B23-SAV,La Jolla Cove,5.65,unknown,P,No Take,State Marine Reserve,,Zostera pacifica,8.62,32.854,-117.2655,patch,NA,3,11/26/24,20,Merkel,patch,,targeted
1727,B23-SAV-991,49.776,3,13.33333333,1,18.33333333,2,0,1,0,1,5,3,1.9,1,24.7075,4,62.3,3,1563.265,4,234.365,2,B23-SAV,La Jolla Cove,5.65,unknown,P,No Take,State Marine Reserve,,Zostera pacifica,8.62,32.854,-117.2655,patch,NA,3,11/26/24,20,Merkel,patch,,targeted
1728,B23-SAV-991,49.776,3,13.33333333,1,18.33333333,2,0,1,0,1,5,3,1.9,1,24.7075,4,62.3,3,1563.265,4,234.365,2,B23-SAV,La Jolla Cove,5.65,unknown,P,No Take,State Marine Reserve,,Zostera pacifica,8.62,32.854,-117.2655,patch,NA,3,11/26/24,20,Merkel,patch,,targeted
1729,B23-SAV-991,49.776,3,13.33333333,1,18.33333333,2,0,1,0,1,5,3,1.9,1,24.7075,4,62.3,3,1563.265,4,234.365,2,B23-SAV,La Jolla Cove,5.65,unknown,P,No Take,State Marine Reserve,,Zostera pacifica,8.62,32.854,-117.2655,patch,NA,3,11/26/24,20,Merkel,patch,,targeted
1730,B23-SAV-991,49.776,3,13.33333333,1,18.33333333,2,0,1,0,1,5,3,1.9,1,24.7075,4,62.3,3,1563.265,4,234.365,2,B23-SAV,La Jolla Cove,5.65,unknown,P,No Take,State Marine Reserve,,Zostera pacifica,8.62,32.854,-117.2655,patch,NA,3,11/26/24,20,Merkel,patch,,targeted
1731,B23-SAV-991,49.776,3,13.33333333,1,18.33333333,2,0,1,0,1,5,3,1.9,1,24.7075,4,62.3,3,1563.265,4,234.365,2,B23-SAV,La Jolla Cove,5.65,unknown,P,No Take,State Marine Reserve,,Zostera pacifica,8.62,32.854,-117.2655,patch,NA,3,11/26/24,20,Merkel,patch,,targeted
1732,B23-SAV-991,49.776,3,13.33333333,1,18.33333333,2,0,1,0,1,5,3,1.9,1,24.7075,4,62.3,3,1563.265,4,234.365,2,B23-SAV,La Jolla Cove,5.65,unknown,P,No Take,State Marine Reserve,,Zostera pacifica,8.62,32.854,-117.2655,patch,NA,3,11/26/24,20,Merkel,patch,,targeted
1733,B23-SAV-991,49.776,3,13.33333333,1,18.33333333,2,0,1,0,1,5,3,1.9,1,24.7075,4,62.3,3,1563.265,4,234.365,2,B23-SAV,La Jolla Cove,5.65,unknown,P,No Take,State Marine Reserve,,Zostera pacifica,8.62,32.854,-117.2655,patch,NA,3,11/26/24,20,Merkel,patch,,targeted