site_id,transect,sample_id,field_replicate,q_replicate,variable,result,unit
B23-SAV-001,cross,cross.1,2,1,flowering shoot density,10,cnt
B23-SAV-001,cross,cross.1,2,1,percent cover,15,%
B23-SAV-001,cross,cross.1,2,1,percent macroalgae,0,%
B23-SAV-001,cross,cross.1,2,1,shoot density,43,cnt
B23-SAV-001,cross,cross.1,2,1,shoot height,13,cm
B23-SAV-001,cross,cross.1,2,2,shoot height,15,cm
B23-SAV-001,cross,cross.1,2,3,shoot height,16,cm
B23-SAV-001,cross,cross.1,2,4,shoot height,21,cm
B23-SAV-001,cross,cross.1,2,5,shoot height,28,cm
B23-SAV-001,cross,cross.2,2,1,flowering shoot density,19,cnt
B23-SAV-001,cross,cross.2,2,1,percent cover,15,%
B23-SAV-001,cross,cross.2,2,1,percent macroalgae,0,%
B23-SAV-001,cross,cross.2,2,1,shoot density,36,cnt
B23-SAV-001,cross,cross.2,2,1,shoot height,10,cm
B23-SAV-001,cross,cross.2,2,2,shoot height,15,cm
B23-SAV-001,cross,cross.2,2,3,shoot height,34,cm
B23-SAV-001,cross,cross.2,2,4,shoot height,35,cm
B23-SAV-001,cross,cross.2,2,5,shoot height,36,cm
B23-SAV-001,inner,in.1,3,1,flowering shoot density,12,cnt
B23-SAV-001,inner,in.1,3,1,percent cover,40,%
B23-SAV-001,inner,in.1,3,1,percent macroalgae,0,%
B23-SAV-001,inner,in.1,3,1,shoot density,43,cnt
B23-SAV-001,inner,in.1,3,1,shoot height,28,cm
B23-SAV-001,inner,in.1,3,2,shoot height,31,cm
B23-SAV-001,inner,in.1,3,3,shoot height,24,cm
B23-SAV-001,inner,in.1,3,4,shoot height,31,cm
B23-SAV-001,inner,in.1,3,5,shoot height,20,cm
B23-SAV-001,inner,in.2,3,1,flowering shoot density,29,cnt
B23-SAV-001,inner,in.2,3,1,percent cover,65,%
B23-SAV-001,inner,in.2,3,1,percent macroalgae,0,%
B23-SAV-001,inner,in.2,3,1,shoot density,57,cnt
B23-SAV-001,inner,in.2,3,1,shoot height,18,cm
B23-SAV-001,inner,in.2,3,2,shoot height,25,cm
B23-SAV-001,inner,in.2,3,3,shoot height,27,cm
B23-SAV-001,inner,in.2,3,4,shoot height,12,cm
B23-SAV-001,inner,in.2,3,5,shoot height,25,cm
B23-SAV-001,inner,in.3,3,1,flowering shoot density,8,cnt
B23-SAV-001,inner,in.3,3,1,percent cover,30,%
B23-SAV-001,inner,in.3,3,1,percent macroalgae,5,%
B23-SAV-001,inner,in.3,3,1,shoot density,18,cnt
B23-SAV-001,inner,in.3,3,1,shoot height,23,cm
B23-SAV-001,inner,in.3,3,2,shoot height,26,cm
B23-SAV-001,inner,in.3,3,3,shoot height,26,cm
B23-SAV-001,inner,in.3,3,4,shoot height,24,cm
B23-SAV-001,inner,in.3,3,5,shoot height,17,cm
B23-SAV-001,mid,mid.1,5,1,flowering shoot density,6,cnt
B23-SAV-001,mid,mid.1,5,1,percent cover,35,%
B23-SAV-001,mid,mid.1,5,1,percent macroalgae,0,%
B23-SAV-001,mid,mid.1,5,1,shoot density,46,cnt
B23-SAV-001,mid,mid.1,5,1,shoot height,24,cm
B23-SAV-001,mid,mid.1,5,2,shoot height,46,cm
B23-SAV-001,mid,mid.1,5,3,shoot height,47,cm
B23-SAV-001,mid,mid.1,5,4,shoot height,76,cm
B23-SAV-001,mid,mid.1,5,5,shoot height,19,cm
B23-SAV-001,mid,mid.2,5,1,flowering shoot density,12,cnt
B23-SAV-001,mid,mid.2,5,1,percent cover,45,%
B23-SAV-001,mid,mid.2,5,1,percent macroalgae,0,%
B23-SAV-001,mid,mid.2,5,1,shoot density,48,cnt
B23-SAV-001,mid,mid.2,5,1,shoot height,37,cm
B23-SAV-001,mid,mid.2,5,2,shoot height,24,cm
B23-SAV-001,mid,mid.2,5,3,shoot height,25,cm
B23-SAV-001,mid,mid.2,5,4,shoot height,38,cm
B23-SAV-001,mid,mid.2,5,5,shoot height,72,cm
B23-SAV-001,mid,mid.3,5,1,flowering shoot density,16,cnt
B23-SAV-001,mid,mid.3,5,1,percent cover,20,%
B23-SAV-001,mid,mid.3,5,1,percent macroalgae,0,%
B23-SAV-001,mid,mid.3,5,1,shoot density,52,cnt
B23-SAV-001,mid,mid.3,5,1,shoot height,30,cm
B23-SAV-001,mid,mid.3,5,2,shoot height,44,cm
B23-SAV-001,mid,mid.3,5,3,shoot height,49,cm
B23-SAV-001,mid,mid.3,5,4,shoot height,64,cm
B23-SAV-001,mid,mid.3,5,5,shoot height,35,cm
B23-SAV-001,mid,mid.4,5,1,flowering shoot density,8,cnt
B23-SAV-001,mid,mid.4,5,1,percent cover,10,%
B23-SAV-001,mid,mid.4,5,1,percent macroalgae,0,%
B23-SAV-001,mid,mid.4,5,1,shoot density,24,cnt
B23-SAV-001,mid,mid.4,5,1,shoot height,24,cm
B23-SAV-001,mid,mid.4,5,2,shoot height,34,cm
B23-SAV-001,mid,mid.4,5,3,shoot height,36,cm
B23-SAV-001,mid,mid.4,5,4,shoot height,40,cm
B23-SAV-001,mid,mid.4,5,5,shoot height,44,cm
B23-SAV-001,mid,mid.5,5,1,flowering shoot density,18,cnt
B23-SAV-001,mid,mid.5,5,1,percent cover,25,%
B23-SAV-001,mid,mid.5,5,1,percent macroalgae,0,%
B23-SAV-001,mid,mid.5,5,1,shoot density,67,cnt
B23-SAV-001,mid,mid.5,5,1,shoot height,15,cm
B23-SAV-001,mid,mid.5,5,2,shoot height,22,cm
B23-SAV-001,mid,mid.5,5,3,shoot height,34,cm
B23-SAV-001,mid,mid.5,5,4,shoot height,38,cm
B23-SAV-001,mid,mid.5,5,5,shoot height,41,cm
B23-SAV-001,outer,out.1,3,1,flowering shoot density,3,cnt
B23-SAV-001,outer,out.1,3,1,percent cover,40,%
B23-SAV-001,outer,out.1,3,1,percent macroalgae,0,%
B23-SAV-001,outer,out.1,3,1,shoot density,27,cnt
B23-SAV-001,outer,out.1,3,1,shoot height,67,cm
B23-SAV-001,outer,out.1,3,2,shoot height,22,cm
B23-SAV-001,outer,out.1,3,3,shoot height,24,cm
B23-SAV-001,outer,out.1,3,4,shoot height,62,cm
B23-SAV-001,outer,out.1,3,5,shoot height,23,cm
B23-SAV-001,outer,out.2,3,1,flowering shoot density,19,cnt
B23-SAV-001,outer,out.2,3,1,percent cover,30,%
B23-SAV-001,outer,out.2,3,1,percent macroalgae,0,%
B23-SAV-001,outer,out.2,3,1,shoot density,49,cnt
B23-SAV-001,outer,out.2,3,1,shoot height,18,cm
B23-SAV-001,outer,out.2,3,2,shoot height,34,cm
B23-SAV-001,outer,out.2,3,3,shoot height,14,cm
B23-SAV-001,outer,out.2,3,4,shoot height,36,cm
B23-SAV-001,outer,out.2,3,5,shoot height,41,cm
B23-SAV-001,outer,out.3,3,1,flowering shoot density,0,cnt
B23-SAV-001,outer,out.3,3,1,percent cover,35,%
B23-SAV-001,outer,out.3,3,1,percent macroalgae,0,%
B23-SAV-001,outer,out.3,3,1,shoot density,37,cnt
B23-SAV-001,outer,out.3,3,1,shoot height,28,cm
B23-SAV-001,outer,out.3,3,2,shoot height,35,cm
B23-SAV-001,outer,out.3,3,3,shoot height,33,cm
B23-SAV-001,outer,out.3,3,4,shoot height,33,cm
B23-SAV-001,outer,out.3,3,5,shoot height,32,cm
B23-SAV-005,cross,cross.1,2,1,flowering shoot density,0,cnt
B23-SAV-005,cross,cross.1,2,1,percent cover,20,%
B23-SAV-005,cross,cross.1,2,1,percent macroalgae,20,%
B23-SAV-005,cross,cross.1,2,1,shoot density,61,cnt
B23-SAV-005,cross,cross.1,2,1,shoot height,13,cm
B23-SAV-005,cross,cross.1,2,2,shoot height,20,cm
B23-SAV-005,cross,cross.1,2,3,shoot height,39,cm
B23-SAV-005,cross,cross.1,2,4,shoot height,46,cm
B23-SAV-005,cross,cross.1,2,5,shoot height,42,cm
B23-SAV-005,cross,cross.2,2,1,flowering shoot density,0,cnt
B23-SAV-005,cross,cross.2,2,1,percent cover,15,%
B23-SAV-005,cross,cross.2,2,1,percent macroalgae,80,%
B23-SAV-005,cross,cross.2,2,1,shoot density,45,cnt
B23-SAV-005,cross,cross.2,2,1,shoot height,31,cm
B23-SAV-005,cross,cross.2,2,2,shoot height,39,cm
B23-SAV-005,cross,cross.2,2,3,shoot height,41,cm
B23-SAV-005,cross,cross.2,2,4,shoot height,52,cm
B23-SAV-005,cross,cross.2,2,5,shoot height,60,cm
B23-SAV-005,inner,in.1,3,1,flowering shoot density,6,cnt
B23-SAV-005,inner,in.1,3,1,percent cover,25,%
B23-SAV-005,inner,in.1,3,1,percent macroalgae,20,%
B23-SAV-005,inner,in.1,3,1,shoot density,75,cnt
B23-SAV-005,inner,in.1,3,1,shoot height,35,cm
B23-SAV-005,inner,in.1,3,2,shoot height,20,cm
B23-SAV-005,inner,in.1,3,3,shoot height,27,cm
B23-SAV-005,inner,in.1,3,4,shoot height,39,cm
B23-SAV-005,inner,in.1,3,5,shoot height,38,cm
B23-SAV-005,inner,in.2,3,1,flowering shoot density,0,cnt
B23-SAV-005,inner,in.2,3,1,percent cover,50,%
B23-SAV-005,inner,in.2,3,1,percent macroalgae,40,%
B23-SAV-005,inner,in.2,3,1,shoot density,48,cnt
B23-SAV-005,inner,in.2,3,1,shoot height,27,cm
B23-SAV-005,inner,in.2,3,2,shoot height,31,cm
B23-SAV-005,inner,in.2,3,3,shoot height,35,cm
B23-SAV-005,inner,in.2,3,4,shoot height,23,cm
B23-SAV-005,inner,in.2,3,5,shoot height,54,cm
B23-SAV-005,inner,in.3,3,1,flowering shoot density,0,cnt
B23-SAV-005,inner,in.3,3,1,percent cover,10,%
B23-SAV-005,inner,in.3,3,1,percent macroalgae,10,%
B23-SAV-005,inner,in.3,3,1,shoot density,22,cnt
B23-SAV-005,inner,in.3,3,1,shoot height,13,cm
B23-SAV-005,inner,in.3,3,2,shoot height,14,cm
B23-SAV-005,inner,in.3,3,3,shoot height,24,cm
B23-SAV-005,inner,in.3,3,4,shoot height,25,cm
B23-SAV-005,inner,in.3,3,5,shoot height,28,cm
B23-SAV-005,mid,mid.1,5,1,flowering shoot density,0,cnt
B23-SAV-005,mid,mid.1,5,1,percent cover,15,%
B23-SAV-005,mid,mid.1,5,1,percent macroalgae,85,%
B23-SAV-005,mid,mid.1,5,1,shoot density,40,cnt
B23-SAV-005,mid,mid.1,5,1,shoot height,17,cm
B23-SAV-005,mid,mid.1,5,2,shoot height,22,cm
B23-SAV-005,mid,mid.1,5,3,shoot height,30,cm
B23-SAV-005,mid,mid.1,5,4,shoot height,40,cm
B23-SAV-005,mid,mid.1,5,5,shoot height,43,cm
B23-SAV-005,mid,mid.2,5,1,flowering shoot density,0,cnt
B23-SAV-005,mid,mid.2,5,1,percent cover,5,%
B23-SAV-005,mid,mid.2,5,1,percent macroalgae,95,%
B23-SAV-005,mid,mid.2,5,1,shoot density,15,cnt
B23-SAV-005,mid,mid.2,5,1,shoot height,13,cm
B23-SAV-005,mid,mid.2,5,2,shoot height,26,cm
B23-SAV-005,mid,mid.2,5,3,shoot height,29,cm
B23-SAV-005,mid,mid.2,5,4,shoot height,47,cm
B23-SAV-005,mid,mid.2,5,5,shoot height,49,cm
B23-SAV-005,mid,mid.3,5,1,flowering shoot density,0,cnt
B23-SAV-005,mid,mid.3,5,1,percent cover,10,%
B23-SAV-005,mid,mid.3,5,1,percent macroalgae,90,%
B23-SAV-005,mid,mid.3,5,1,shoot density,36,cnt
B23-SAV-005,mid,mid.3,5,1,shoot height,13,cm
B23-SAV-005,mid,mid.3,5,2,shoot height,31,cm
B23-SAV-005,mid,mid.3,5,3,shoot height,37,cm
B23-SAV-005,mid,mid.3,5,4,shoot height,43,cm
B23-SAV-005,mid,mid.3,5,5,shoot height,51,cm
B23-SAV-005,mid,mid.4,5,1,flowering shoot density,0,cnt
B23-SAV-005,mid,mid.4,5,1,percent cover,20,%
B23-SAV-005,mid,mid.4,5,1,percent macroalgae,15,%
B23-SAV-005,mid,mid.4,5,1,shoot density,75,cnt
B23-SAV-005,mid,mid.4,5,1,shoot height,18,cm
B23-SAV-005,mid,mid.4,5,2,shoot height,32,cm
B23-SAV-005,mid,mid.4,5,3,shoot height,43,cm
B23-SAV-005,mid,mid.4,5,4,shoot height,53,cm
B23-SAV-005,mid,mid.4,5,5,shoot height,64,cm
B23-SAV-005,mid,mid.5,5,1,flowering shoot density,0,cnt
B23-SAV-005,mid,mid.5,5,1,percent cover,20,%
B23-SAV-005,mid,mid.5,5,1,percent macroalgae,40,%
B23-SAV-005,mid,mid.5,5,1,shoot density,71,cnt
B23-SAV-005,mid,mid.5,5,1,shoot height,21,cm
B23-SAV-005,mid,mid.5,5,2,shoot height,22,cm
B23-SAV-005,mid,mid.5,5,3,shoot height,39,cm
B23-SAV-005,mid,mid.5,5,4,shoot height,40,cm
B23-SAV-005,mid,mid.5,5,5,shoot height,45,cm
B23-SAV-005,outer,out.1,3,1,flowering shoot density,0,cnt
B23-SAV-005,outer,out.1,3,1,percent cover,5,%
B23-SAV-005,outer,out.1,3,1,percent macroalgae,48,%
B23-SAV-005,outer,out.1,3,1,shoot density,36,cnt
B23-SAV-005,outer,out.1,3,1,shoot height,12,cm
B23-SAV-005,outer,out.1,3,2,shoot height,17,cm
B23-SAV-005,outer,out.1,3,3,shoot height,30,cm
B23-SAV-005,outer,out.1,3,4,shoot height,17,cm
B23-SAV-005,outer,out.1,3,5,shoot height,20,cm
B23-SAV-005,outer,out.2,3,1,flowering shoot density,0,cnt
B23-SAV-005,outer,out.2,3,1,percent cover,10,%
B23-SAV-005,outer,out.2,3,1,percent macroalgae,45,%
B23-SAV-005,outer,out.2,3,1,shoot density,37,cnt
B23-SAV-005,outer,out.2,3,1,shoot height,56,cm
B23-SAV-005,outer,out.2,3,2,shoot height,50,cm
B23-SAV-005,outer,out.2,3,3,shoot height,19,cm
B23-SAV-005,outer,out.2,3,4,shoot height,60,cm
B23-SAV-005,outer,out.2,3,5,shoot height,58,cm
B23-SAV-005,outer,out.3,3,1,flowering shoot density,0,cnt
B23-SAV-005,outer,out.3,3,1,percent cover,5,%
B23-SAV-005,outer,out.3,3,1,percent macroalgae,2,%
B23-SAV-005,outer,out.3,3,1,shoot density,22,cnt
B23-SAV-005,outer,out.3,3,1,shoot height,12,cm
B23-SAV-005,outer,out.3,3,2,shoot height,13,cm
B23-SAV-005,outer,out.3,3,3,shoot height,12,cm
B23-SAV-005,outer,out.3,3,4,shoot height,27,cm
B23-SAV-005,outer,out.3,3,5,shoot height,27,cm
B23-SAV-006,cross,cross.1,2,1,flowering shoot density,1,cnt
B23-SAV-006,cross,cross.1,2,1,percent cover,60,%
B23-SAV-006,cross,cross.1,2,1,percent macroalgae,0,%
B23-SAV-006,cross,cross.1,2,1,shoot density,91,cnt
B23-SAV-006,cross,cross.1,2,1,shoot height,27,cm
B23-SAV-006,cross,cross.1,2,2,shoot height,55,cm
B23-SAV-006,cross,cross.1,2,3,shoot height,68,cm
B23-SAV-006,cross,cross.1,2,4,shoot height,74,cm
B23-SAV-006,cross,cross.1,2,5,shoot height,90,cm
B23-SAV-006,cross,cross.2,2,1,flowering shoot density,0,cnt
B23-SAV-006,cross,cross.2,2,1,percent cover,10,%
B23-SAV-006,cross,cross.2,2,1,percent macroalgae,0,%
B23-SAV-006,cross,cross.2,2,1,shoot density,40,cnt
B23-SAV-006,cross,cross.2,2,1,shoot height,20,cm
B23-SAV-006,cross,cross.2,2,2,shoot height,26,cm
B23-SAV-006,cross,cross.2,2,3,shoot height,27,cm
B23-SAV-006,cross,cross.2,2,4,shoot height,28,cm
B23-SAV-006,cross,cross.2,2,5,shoot height,36,cm
B23-SAV-006,inner,in.1,3,1,flowering shoot density,3,cnt
B23-SAV-006,inner,in.1,3,1,percent cover,75,%
B23-SAV-006,inner,in.1,3,1,percent macroalgae,0,%
B23-SAV-006,inner,in.1,3,1,shoot density,43,cnt
B23-SAV-006,inner,in.1,3,1,shoot height,49,cm
B23-SAV-006,inner,in.1,3,2,shoot height,75,cm
B23-SAV-006,inner,in.1,3,3,shoot height,60,cm
B23-SAV-006,inner,in.1,3,4,shoot height,82,cm
B23-SAV-006,inner,in.1,3,5,shoot height,58,cm
B23-SAV-006,inner,in.2,3,1,flowering shoot density,0,cnt
B23-SAV-006,inner,in.2,3,1,percent cover,75,%
B23-SAV-006,inner,in.2,3,1,percent macroalgae,0,%
B23-SAV-006,inner,in.2,3,1,shoot density,29,cnt
B23-SAV-006,inner,in.2,3,1,shoot height,44,cm
B23-SAV-006,inner,in.2,3,2,shoot height,47,cm
B23-SAV-006,inner,in.2,3,3,shoot height,68,cm
B23-SAV-006,inner,in.2,3,4,shoot height,48,cm
B23-SAV-006,inner,in.2,3,5,shoot height,27,cm
B23-SAV-006,inner,in.3,3,1,flowering shoot density,0,cnt
B23-SAV-006,inner,in.3,3,1,percent cover,20,%
B23-SAV-006,inner,in.3,3,1,percent macroalgae,0,%
B23-SAV-006,inner,in.3,3,1,shoot density,85,cnt
B23-SAV-006,inner,in.3,3,1,shoot height,15,cm
B23-SAV-006,inner,in.3,3,2,shoot height,19,cm
B23-SAV-006,inner,in.3,3,3,shoot height,15,cm
B23-SAV-006,inner,in.3,3,4,shoot height,19,cm
B23-SAV-006,inner,in.3,3,5,shoot height,20,cm
B23-SAV-006,mid,mid.1,5,1,flowering shoot density,0,cnt
B23-SAV-006,mid,mid.1,5,1,percent cover,15,%
B23-SAV-006,mid,mid.1,5,1,percent macroalgae,0,%
B23-SAV-006,mid,mid.1,5,1,shoot density,45,cnt
B23-SAV-006,mid,mid.1,5,1,shoot height,52,cm
B23-SAV-006,mid,mid.1,5,2,shoot height,54,cm
B23-SAV-006,mid,mid.1,5,3,shoot height,67,cm
B23-SAV-006,mid,mid.1,5,4,shoot height,73,cm
B23-SAV-006,mid,mid.1,5,5,shoot height,78,cm
B23-SAV-006,mid,mid.2,5,1,flowering shoot density,0,cnt
B23-SAV-006,mid,mid.2,5,1,percent cover,60,%
B23-SAV-006,mid,mid.2,5,1,percent macroalgae,0,%
B23-SAV-006,mid,mid.2,5,1,shoot density,65,cnt
B23-SAV-006,mid,mid.2,5,1,shoot height,27,cm
B23-SAV-006,mid,mid.2,5,2,shoot height,33,cm
B23-SAV-006,mid,mid.2,5,3,shoot height,34,cm
B23-SAV-006,mid,mid.2,5,4,shoot height,70,cm
B23-SAV-006,mid,mid.2,5,5,shoot height,72,cm
B23-SAV-006,mid,mid.3,5,1,flowering shoot density,2,cnt
B23-SAV-006,mid,mid.3,5,1,percent cover,20,%
B23-SAV-006,mid,mid.3,5,1,percent macroalgae,0,%
B23-SAV-006,mid,mid.3,5,1,shoot density,71,cnt
B23-SAV-006,mid,mid.3,5,1,shoot height,45,cm
B23-SAV-006,mid,mid.3,5,2,shoot height,50,cm
B23-SAV-006,mid,mid.3,5,3,shoot height,52,cm
B23-SAV-006,mid,mid.3,5,4,shoot height,60,cm
B23-SAV-006,mid,mid.3,5,5,shoot height,72,cm
B23-SAV-006,mid,mid.4,5,1,flowering shoot density,0,cnt
B23-SAV-006,mid,mid.4,5,1,percent cover,50,%
B23-SAV-006,mid,mid.4,5,1,percent macroalgae,0,%
B23-SAV-006,mid,mid.4,5,1,shoot density,87,cnt
B23-SAV-006,mid,mid.4,5,1,shoot height,61,cm
B23-SAV-006,mid,mid.4,5,2,shoot height,66,cm
B23-SAV-006,mid,mid.4,5,3,shoot height,75,cm
B23-SAV-006,mid,mid.4,5,4,shoot height,76,cm
B23-SAV-006,mid,mid.4,5,5,shoot height,81,cm
B23-SAV-006,mid,mid.5,5,1,flowering shoot density,0,cnt
B23-SAV-006,mid,mid.5,5,1,percent cover,15,%
B23-SAV-006,mid,mid.5,5,1,percent macroalgae,0,%
B23-SAV-006,mid,mid.5,5,1,shoot density,67,cnt
B23-SAV-006,mid,mid.5,5,1,shoot height,14,cm
B23-SAV-006,mid,mid.5,5,2,shoot height,21,cm
B23-SAV-006,mid,mid.5,5,3,shoot height,22,cm
B23-SAV-006,mid,mid.5,5,4,shoot height,23,cm
B23-SAV-006,mid,mid.5,5,5,shoot height,25,cm
B23-SAV-006,outer,out.1,3,1,flowering shoot density,0,cnt
B23-SAV-006,outer,out.1,3,1,percent cover,20,%
B23-SAV-006,outer,out.1,3,1,percent macroalgae,0,%
B23-SAV-006,outer,out.1,3,1,shoot density,58,cnt
B23-SAV-006,outer,out.1,3,1,shoot height,62,cm
B23-SAV-006,outer,out.1,3,2,shoot height,74,cm
B23-SAV-006,outer,out.1,3,3,shoot height,73,cm
B23-SAV-006,outer,out.1,3,4,shoot height,52,cm
B23-SAV-006,outer,out.1,3,5,shoot height,57,cm
B23-SAV-006,outer,out.2,3,1,flowering shoot density,0,cnt
B23-SAV-006,outer,out.2,3,1,percent cover,10,%
B23-SAV-006,outer,out.2,3,1,percent macroalgae,0,%
B23-SAV-006,outer,out.2,3,1,shoot density,49,cnt
B23-SAV-006,outer,out.2,3,1,shoot height,66,cm
B23-SAV-006,outer,out.2,3,2,shoot height,44,cm
B23-SAV-006,outer,out.2,3,3,shoot height,39,cm
B23-SAV-006,outer,out.2,3,4,shoot height,12,cm
B23-SAV-006,outer,out.2,3,5,shoot height,33,cm
B23-SAV-006,outer,out.3,3,1,flowering shoot density,0,cnt
B23-SAV-006,outer,out.3,3,1,percent cover,5,%
B23-SAV-006,outer,out.3,3,1,percent macroalgae,0,%
B23-SAV-006,outer,out.3,3,1,shoot density,23,cnt
B23-SAV-006,outer,out.3,3,1,shoot height,25,cm
B23-SAV-006,outer,out.3,3,2,shoot height,12,cm
B23-SAV-006,outer,out.3,3,3,shoot height,8,cm
B23-SAV-006,outer,out.3,3,4,shoot height,44,cm
B23-SAV-006,outer,out.3,3,5,shoot height,29,cm
B23-SAV-008,cross,cross.1,2,1,flowering shoot density,0,cnt
B23-SAV-008,cross,cross.1,2,1,percent cover,70,%
B23-SAV-008,cross,cross.1,2,1,percent macroalgae,0,%
B23-SAV-008,cross,cross.1,2,1,shoot density,78,cnt
B23-SAV-008,cross,cross.1,2,1,shoot height,60,cm
B23-SAV-008,cross,cross.1,2,2,shoot height,74,cm
B23-SAV-008,cross,cross.1,2,3,shoot height,62,cm
B23-SAV-008,cross,cross.1,2,4,shoot height,81,cm
B23-SAV-008,cross,cross.1,2,5,shoot height,46,cm
B23-SAV-008,cross,cross.2,2,1,flowering shoot density,0,cnt
B23-SAV-008,cross,cross.2,2,1,percent cover,20,%
B23-SAV-008,cross,cross.2,2,1,percent macroalgae,80,%
B23-SAV-008,cross,cross.2,2,1,shoot density,19,cnt
B23-SAV-008,cross,cross.2,2,1,shoot height,70,cm
B23-SAV-008,cross,cross.2,2,2,shoot height,82,cm
B23-SAV-008,cross,cross.2,2,3,shoot height,74,cm
B23-SAV-008,cross,cross.2,2,4,shoot height,68,cm
B23-SAV-008,cross,cross.2,2,5,shoot height,50,cm
B23-SAV-008,inner,in.1,3,1,flowering shoot density,0,cnt
B23-SAV-008,inner,in.1,3,1,percent cover,90,%
B23-SAV-008,inner,in.1,3,1,percent macroalgae,2,%
B23-SAV-008,inner,in.1,3,1,shoot density,32,cnt
B23-SAV-008,inner,in.1,3,1,shoot height,106,cm
B23-SAV-008,inner,in.1,3,2,shoot height,70,cm
B23-SAV-008,inner,in.1,3,3,shoot height,80,cm
B23-SAV-008,inner,in.1,3,4,shoot height,99,cm
B23-SAV-008,inner,in.1,3,5,shoot height,67,cm
B23-SAV-008,inner,in.2,3,1,flowering shoot density,0,cnt
B23-SAV-008,inner,in.2,3,1,percent cover,70,%
B23-SAV-008,inner,in.2,3,1,percent macroalgae,0,%
B23-SAV-008,inner,in.2,3,1,shoot density,75,cnt
B23-SAV-008,inner,in.2,3,1,shoot height,72,cm
B23-SAV-008,inner,in.2,3,2,shoot height,87,cm
B23-SAV-008,inner,in.2,3,3,shoot height,27,cm
B23-SAV-008,inner,in.2,3,4,shoot height,61,cm
B23-SAV-008,inner,in.2,3,5,shoot height,55,cm
B23-SAV-008,inner,in.3,3,1,flowering shoot density,0,cnt
B23-SAV-008,inner,in.3,3,1,percent cover,90,%
B23-SAV-008,inner,in.3,3,1,percent macroalgae,0,%
B23-SAV-008,inner,in.3,3,1,shoot density,41,cnt
B23-SAV-008,inner,in.3,3,1,shoot height,58,cm
B23-SAV-008,inner,in.3,3,2,shoot height,77,cm
B23-SAV-008,inner,in.3,3,3,shoot height,81,cm
B23-SAV-008,inner,in.3,3,4,shoot height,82,cm
B23-SAV-008,inner,in.3,3,5,shoot height,66,cm
B23-SAV-008,mid,mid.1,5,1,flowering shoot density,0,cnt
B23-SAV-008,mid,mid.1,5,1,percent cover,95,%
B23-SAV-008,mid,mid.1,5,1,percent macroalgae,0,%
B23-SAV-008,mid,mid.1,5,1,shoot density,40,cnt
B23-SAV-008,mid,mid.1,5,1,shoot height,33,cm
B23-SAV-008,mid,mid.1,5,2,shoot height,36,cm
B23-SAV-008,mid,mid.1,5,3,shoot height,45,cm
B23-SAV-008,mid,mid.1,5,4,shoot height,46,cm
B23-SAV-008,mid,mid.1,5,5,shoot height,76,cm
B23-SAV-008,mid,mid.2,5,1,flowering shoot density,0,cnt
B23-SAV-008,mid,mid.2,5,1,percent cover,60,%
B23-SAV-008,mid,mid.2,5,1,percent macroalgae,0,%
B23-SAV-008,mid,mid.2,5,1,shoot density,36,cnt
B23-SAV-008,mid,mid.2,5,1,shoot height,56,cm
B23-SAV-008,mid,mid.2,5,2,shoot height,56,cm
B23-SAV-008,mid,mid.2,5,3,shoot height,50,cm
B23-SAV-008,mid,mid.2,5,4,shoot height,46,cm
B23-SAV-008,mid,mid.2,5,5,shoot height,28,cm
B23-SAV-008,mid,mid.3,5,1,flowering shoot density,0,cnt
B23-SAV-008,mid,mid.3,5,1,percent cover,60,%
B23-SAV-008,mid,mid.3,5,1,percent macroalgae,10,%
B23-SAV-008,mid,mid.3,5,1,shoot density,85,cnt
B23-SAV-008,mid,mid.3,5,1,shoot height,97,cm
B23-SAV-008,mid,mid.3,5,2,shoot height,82,cm
B23-SAV-008,mid,mid.3,5,3,shoot height,84,cm
B23-SAV-008,mid,mid.3,5,4,shoot height,78,cm
B23-SAV-008,mid,mid.3,5,5,shoot height,61,cm
B23-SAV-008,mid,mid.4,5,1,flowering shoot density,0,cnt
B23-SAV-008,mid,mid.4,5,1,percent cover,5,%
B23-SAV-008,mid,mid.4,5,1,percent macroalgae,60,%
B23-SAV-008,mid,mid.4,5,1,shoot density,6,cnt
B23-SAV-008,mid,mid.4,5,1,shoot height,47,cm
B23-SAV-008,mid,mid.4,5,2,shoot height,36,cm
B23-SAV-008,mid,mid.4,5,3,shoot height,40,cm
B23-SAV-008,mid,mid.4,5,4,shoot height,29,cm
B23-SAV-008,mid,mid.4,5,5,shoot height,32,cm
B23-SAV-008,mid,mid.5,5,1,flowering shoot density,0,cnt
B23-SAV-008,mid,mid.5,5,1,percent cover,95,%
B23-SAV-008,mid,mid.5,5,1,percent macroalgae,0,%
B23-SAV-008,mid,mid.5,5,1,shoot density,35,cnt
B23-SAV-008,mid,mid.5,5,1,shoot height,110,cm
B23-SAV-008,mid,mid.5,5,2,shoot height,49,cm
B23-SAV-008,mid,mid.5,5,3,shoot height,89,cm
B23-SAV-008,mid,mid.5,5,4,shoot height,102,cm
B23-SAV-008,mid,mid.5,5,5,shoot height,96,cm
B23-SAV-008,outer,out.1,3,1,flowering shoot density,0,cnt
B23-SAV-008,outer,out.1,3,1,percent cover,85,%
B23-SAV-008,outer,out.1,3,1,percent macroalgae,2,%
B23-SAV-008,outer,out.1,3,1,shoot density,25,cnt
B23-SAV-008,outer,out.1,3,1,shoot height,85,cm
B23-SAV-008,outer,out.1,3,2,shoot height,104,cm
B23-SAV-008,outer,out.1,3,3,shoot height,62,cm
B23-SAV-008,outer,out.1,3,4,shoot height,91,cm
B23-SAV-008,outer,out.1,3,5,shoot height,53,cm
B23-SAV-008,outer,out.2,3,1,flowering shoot density,0,cnt
B23-SAV-008,outer,out.2,3,1,percent cover,60,%
B23-SAV-008,outer,out.2,3,1,percent macroalgae,10,%
B23-SAV-008,outer,out.2,3,1,shoot density,49,cnt
B23-SAV-008,outer,out.2,3,1,shoot height,77,cm
B23-SAV-008,outer,out.2,3,2,shoot height,86,cm
B23-SAV-008,outer,out.2,3,3,shoot height,61,cm
B23-SAV-008,outer,out.2,3,4,shoot height,111,cm
B23-SAV-008,outer,out.2,3,5,shoot height,85,cm
B23-SAV-008,outer,out.3,3,1,flowering shoot density,0,cnt
B23-SAV-008,outer,out.3,3,1,percent cover,85,%
B23-SAV-008,outer,out.3,3,1,percent macroalgae,2,%
B23-SAV-008,outer,out.3,3,1,shoot density,68,cnt
B23-SAV-008,outer,out.3,3,1,shoot height,119,cm
B23-SAV-008,outer,out.3,3,2,shoot height,102,cm
B23-SAV-008,outer,out.3,3,3,shoot height,114,cm
B23-SAV-008,outer,out.3,3,4,shoot height,98,cm
B23-SAV-008,outer,out.3,3,5,shoot height,106,cm
B23-SAV-009,cross,cross.1,2,1,flowering shoot density,0,cnt
B23-SAV-009,cross,cross.1,2,1,percent cover,65,%
B23-SAV-009,cross,cross.1,2,1,percent macroalgae,0,%
B23-SAV-009,cross,cross.1,2,1,shoot density,93,cnt
B23-SAV-009,cross,cross.1,2,1,shoot height,19,cm
B23-SAV-009,cross,cross.1,2,2,shoot height,27,cm
B23-SAV-009,cross,cross.1,2,3,shoot height,47,cm
B23-SAV-009,cross,cross.1,2,4,shoot height,51,cm
B23-SAV-009,cross,cross.1,2,5,shoot height,52,cm
B23-SAV-009,cross,cross.2,2,1,flowering shoot density,0,cnt
B23-SAV-009,cross,cross.2,2,1,percent cover,50,%
B23-SAV-009,cross,cross.2,2,1,percent macroalgae,0,%
B23-SAV-009,cross,cross.2,2,1,shoot density,89,cnt
B23-SAV-009,cross,cross.2,2,1,shoot height,16,cm
B23-SAV-009,cross,cross.2,2,2,shoot height,17,cm
B23-SAV-009,cross,cross.2,2,3,shoot height,19,cm
B23-SAV-009,cross,cross.2,2,4,shoot height,22,cm
B23-SAV-009,cross,cross.2,2,5,shoot height,24,cm
B23-SAV-009,mid,mid.1,5,1,flowering shoot density,0,cnt
B23-SAV-009,mid,mid.1,5,1,percent cover,75,%
B23-SAV-009,mid,mid.1,5,1,percent macroalgae,0,%
B23-SAV-009,mid,mid.1,5,1,shoot density,103,cnt
B23-SAV-009,mid,mid.1,5,1,shoot height,49,cm
B23-SAV-009,mid,mid.1,5,2,shoot height,46,cm
B23-SAV-009,mid,mid.1,5,3,shoot height,47,cm
B23-SAV-009,mid,mid.1,5,4,shoot height,45,cm
B23-SAV-009,mid,mid.1,5,5,shoot height,39,cm
B23-SAV-009,mid,mid.2,5,1,flowering shoot density,0,cnt
B23-SAV-009,mid,mid.2,5,1,percent cover,50,%
B23-SAV-009,mid,mid.2,5,1,percent macroalgae,0,%
B23-SAV-009,mid,mid.2,5,1,shoot density,141,cnt
B23-SAV-009,mid,mid.2,5,1,shoot height,49,cm
B23-SAV-009,mid,mid.2,5,2,shoot height,46,cm
B23-SAV-009,mid,mid.2,5,3,shoot height,47,cm
B23-SAV-009,mid,mid.2,5,4,shoot height,45,cm
B23-SAV-009,mid,mid.2,5,5,shoot height,39,cm
B23-SAV-009,mid,mid.3,5,1,flowering shoot density,0,cnt
B23-SAV-009,mid,mid.3,5,1,percent cover,50,%
B23-SAV-009,mid,mid.3,5,1,percent macroalgae,0,%
B23-SAV-009,mid,mid.3,5,1,shoot density,153,cnt
B23-SAV-009,mid,mid.3,5,1,shoot height,25,cm
B23-SAV-009,mid,mid.3,5,2,shoot height,18,cm
B23-SAV-009,mid,mid.3,5,3,shoot height,51,cm
B23-SAV-009,mid,mid.3,5,4,shoot height,11,cm
B23-SAV-009,mid,mid.3,5,5,shoot height,33,cm
B23-SAV-009,mid,mid.4,5,1,flowering shoot density,0,cnt
B23-SAV-009,mid,mid.4,5,1,percent cover,70,%
B23-SAV-009,mid,mid.4,5,1,percent macroalgae,0,%
B23-SAV-009,mid,mid.4,5,1,shoot density,114,cnt
B23-SAV-009,mid,mid.4,5,1,shoot height,31,cm
B23-SAV-009,mid,mid.4,5,2,shoot height,31,cm
B23-SAV-009,mid,mid.4,5,3,shoot height,32,cm
B23-SAV-009,mid,mid.4,5,4,shoot height,47,cm
B23-SAV-009,mid,mid.4,5,5,shoot height,51,cm
B23-SAV-009,mid,mid.5,5,1,flowering shoot density,0,cnt
B23-SAV-009,mid,mid.5,5,1,percent cover,60,%
B23-SAV-009,mid,mid.5,5,1,percent macroalgae,0,%
B23-SAV-009,mid,mid.5,5,1,shoot density,108,cnt
B23-SAV-009,mid,mid.5,5,1,shoot height,25,cm
B23-SAV-009,mid,mid.5,5,2,shoot height,26,cm
B23-SAV-009,mid,mid.5,5,3,shoot height,35,cm
B23-SAV-009,mid,mid.5,5,4,shoot height,37,cm
B23-SAV-009,mid,mid.5,5,5,shoot height,38,cm
B23-SAV-011,cross,cross.1,2,1,flowering shoot density,0,cnt
B23-SAV-011,cross,cross.1,2,1,percent cover,30,%
B23-SAV-011,cross,cross.1,2,1,percent macroalgae,0,%
B23-SAV-011,cross,cross.1,2,1,shoot density,35,cnt
B23-SAV-011,cross,cross.1,2,1,shoot height,33,cm
B23-SAV-011,cross,cross.1,2,2,shoot height,51,cm
B23-SAV-011,cross,cross.1,2,3,shoot height,74,cm
B23-SAV-011,cross,cross.1,2,4,shoot height,74,cm
B23-SAV-011,cross,cross.1,2,5,shoot height,90,cm
B23-SAV-011,cross,cross.2,2,1,flowering shoot density,0,cnt
B23-SAV-011,cross,cross.2,2,1,percent cover,10,%
B23-SAV-011,cross,cross.2,2,1,percent macroalgae,0,%
B23-SAV-011,cross,cross.2,2,1,shoot density,20,cnt
B23-SAV-011,cross,cross.2,2,1,shoot height,28,cm
B23-SAV-011,cross,cross.2,2,2,shoot height,36,cm
B23-SAV-011,cross,cross.2,2,3,shoot height,46,cm
B23-SAV-011,cross,cross.2,2,4,shoot height,69,cm
B23-SAV-011,cross,cross.2,2,5,shoot height,80,cm
B23-SAV-011,inner,in.1,3,1,flowering shoot density,0,cnt
B23-SAV-011,inner,in.1,3,1,percent cover,10,%
B23-SAV-011,inner,in.1,3,1,percent macroalgae,0,%
B23-SAV-011,inner,in.1,3,1,shoot density,20,cnt
B23-SAV-011,inner,in.1,3,1,shoot height,27,cm
B23-SAV-011,inner,in.1,3,2,shoot height,31,cm
B23-SAV-011,inner,in.1,3,3,shoot height,34,cm
B23-SAV-011,inner,in.1,3,4,shoot height,42,cm
B23-SAV-011,inner,in.1,3,5,shoot height,45,cm
B23-SAV-011,inner,in.2,3,1,flowering shoot density,0,cnt
B23-SAV-011,inner,in.2,3,1,percent cover,40,%
B23-SAV-011,inner,in.2,3,1,percent macroalgae,0,%
B23-SAV-011,inner,in.2,3,1,shoot density,42,cnt
B23-SAV-011,inner,in.2,3,1,shoot height,23,cm
B23-SAV-011,inner,in.2,3,2,shoot height,72,cm
B23-SAV-011,inner,in.2,3,3,shoot height,76,cm
B23-SAV-011,inner,in.2,3,4,shoot height,79,cm
B23-SAV-011,inner,in.2,3,5,shoot height,85,cm
B23-SAV-011,inner,in.3,3,1,flowering shoot density,0,cnt
B23-SAV-011,inner,in.3,3,1,percent cover,40,%
B23-SAV-011,inner,in.3,3,1,percent macroalgae,0,%
B23-SAV-011,inner,in.3,3,1,shoot density,37,cnt
B23-SAV-011,inner,in.3,3,1,shoot height,59,cm
B23-SAV-011,inner,in.3,3,2,shoot height,89,cm
B23-SAV-011,inner,in.3,3,3,shoot height,91,cm
B23-SAV-011,inner,in.3,3,4,shoot height,96,cm
B23-SAV-011,inner,in.3,3,5,shoot height,110,cm
B23-SAV-011,mid,mid.1,5,1,flowering shoot density,0,cnt
B23-SAV-011,mid,mid.1,5,1,percent cover,30,%
B23-SAV-011,mid,mid.1,5,1,percent macroalgae,0,%
B23-SAV-011,mid,mid.1,5,1,shoot density,36,cnt
B23-SAV-011,mid,mid.1,5,1,shoot height,76,cm
B23-SAV-011,mid,mid.1,5,2,shoot height,87,cm
B23-SAV-011,mid,mid.1,5,3,shoot height,80,cm
B23-SAV-011,mid,mid.1,5,4,shoot height,102,cm
B23-SAV-011,mid,mid.1,5,5,shoot height,30,cm
B23-SAV-011,mid,mid.2,5,1,flowering shoot density,2,cnt
B23-SAV-011,mid,mid.2,5,1,percent cover,25,%
B23-SAV-011,mid,mid.2,5,1,percent macroalgae,0,%
B23-SAV-011,mid,mid.2,5,1,shoot density,28,cnt
B23-SAV-011,mid,mid.2,5,1,shoot height,94,cm
B23-SAV-011,mid,mid.2,5,2,shoot height,73,cm
B23-SAV-011,mid,mid.2,5,3,shoot height,104,cm
B23-SAV-011,mid,mid.2,5,4,shoot height,68,cm
B23-SAV-011,mid,mid.2,5,5,shoot height,77,cm
B23-SAV-011,mid,mid.3,5,1,flowering shoot density,0,cnt
B23-SAV-011,mid,mid.3,5,1,percent cover,50,%
B23-SAV-011,mid,mid.3,5,1,percent macroalgae,0,%
B23-SAV-011,mid,mid.3,5,1,shoot density,46,cnt
B23-SAV-011,mid,mid.3,5,1,shoot height,34,cm
B23-SAV-011,mid,mid.3,5,2,shoot height,70,cm
B23-SAV-011,mid,mid.3,5,3,shoot height,73,cm
B23-SAV-011,mid,mid.3,5,4,shoot height,74,cm
B23-SAV-011,mid,mid.3,5,5,shoot height,82,cm
B23-SAV-011,mid,mid.4,5,1,flowering shoot density,2,cnt
B23-SAV-011,mid,mid.4,5,1,percent cover,20,%
B23-SAV-011,mid,mid.4,5,1,percent macroalgae,0,%
B23-SAV-011,mid,mid.4,5,1,shoot density,25,cnt
B23-SAV-011,mid,mid.4,5,1,shoot height,33,cm
B23-SAV-011,mid,mid.4,5,2,shoot height,62,cm
B23-SAV-011,mid,mid.4,5,3,shoot height,71,cm
B23-SAV-011,mid,mid.4,5,4,shoot height,75,cm
B23-SAV-011,mid,mid.4,5,5,shoot height,80,cm
B23-SAV-011,mid,mid.5,5,1,flowering shoot density,2,cnt
B23-SAV-011,mid,mid.5,5,1,percent cover,20,%
B23-SAV-011,mid,mid.5,5,1,percent macroalgae,0,%
B23-SAV-011,mid,mid.5,5,1,shoot density,27,cnt
B23-SAV-011,mid,mid.5,5,1,shoot height,27,cm
B23-SAV-011,mid,mid.5,5,2,shoot height,42,cm
B23-SAV-011,mid,mid.5,5,3,shoot height,61,cm
B23-SAV-011,mid,mid.5,5,4,shoot height,70,cm
B23-SAV-011,mid,mid.5,5,5,shoot height,90,cm
B23-SAV-011,outer,out.1,3,1,flowering shoot density,0,cnt
B23-SAV-011,outer,out.1,3,1,percent cover,5,%
B23-SAV-011,outer,out.1,3,1,percent macroalgae,0,%
B23-SAV-011,outer,out.1,3,1,shoot density,17,cnt
B23-SAV-011,outer,out.1,3,1,shoot height,26,cm
B23-SAV-011,outer,out.1,3,2,shoot height,27,cm
B23-SAV-011,outer,out.1,3,3,shoot height,38,cm
B23-SAV-011,outer,out.1,3,4,shoot height,40,cm
B23-SAV-011,outer,out.1,3,5,shoot height,47,cm
B23-SAV-011,outer,out.2,3,1,flowering shoot density,0,cnt
B23-SAV-011,outer,out.2,3,1,percent cover,20,%
B23-SAV-011,outer,out.2,3,1,percent macroalgae,0,%
B23-SAV-011,outer,out.2,3,1,shoot density,23,cnt
B23-SAV-011,outer,out.2,3,1,shoot height,20,cm
B23-SAV-011,outer,out.2,3,2,shoot height,25,cm
B23-SAV-011,outer,out.2,3,3,shoot height,30,cm
B23-SAV-011,outer,out.2,3,4,shoot height,67,cm
B23-SAV-011,outer,out.2,3,5,shoot height,74,cm
B23-SAV-011,outer,out.3,3,1,flowering shoot density,4,cnt
B23-SAV-011,outer,out.3,3,1,percent cover,30,%
B23-SAV-011,outer,out.3,3,1,percent macroalgae,0,%
B23-SAV-011,outer,out.3,3,1,shoot density,31,cnt
B23-SAV-011,outer,out.3,3,1,shoot height,22,cm
B23-SAV-011,outer,out.3,3,2,shoot height,23,cm
B23-SAV-011,outer,out.3,3,3,shoot height,25,cm
B23-SAV-011,outer,out.3,3,4,shoot height,61,cm
B23-SAV-011,outer,out.3,3,5,shoot height,64,cm
B23-SAV-012,cross,cross.1,2,1,flowering shoot density,0,cnt
B23-SAV-012,cross,cross.1,2,1,percent cover,15,%
B23-SAV-012,cross,cross.1,2,1,percent macroalgae,10,%
B23-SAV-012,cross,cross.1,2,1,shoot density,17,cnt
B23-SAV-012,cross,cross.1,2,1,shoot height,24,cm
B23-SAV-012,cross,cross.1,2,2,shoot height,19,cm
B23-SAV-012,cross,cross.1,2,3,shoot height,36,cm
B23-SAV-012,cross,cross.1,2,4,shoot height,43,cm
B23-SAV-012,cross,cross.1,2,5,shoot height,34,cm
B23-SAV-012,cross,cross.2,2,1,flowering shoot density,0,cnt
B23-SAV-012,cross,cross.2,2,1,percent cover,20,%
B23-SAV-012,cross,cross.2,2,1,percent macroalgae,20,%
B23-SAV-012,cross,cross.2,2,1,shoot density,41,cnt
B23-SAV-012,cross,cross.2,2,1,shoot height,43,cm
B23-SAV-012,cross,cross.2,2,2,shoot height,39,cm
B23-SAV-012,cross,cross.2,2,3,shoot height,47,cm
B23-SAV-012,cross,cross.2,2,4,shoot height,26,cm
B23-SAV-012,cross,cross.2,2,5,shoot height,41,cm
B23-SAV-012,mid,mid.1,5,1,flowering shoot density,0,cnt
B23-SAV-012,mid,mid.1,5,1,percent cover,15,%
B23-SAV-012,mid,mid.1,5,1,percent macroalgae,55,%
B23-SAV-012,mid,mid.1,5,1,shoot density,16,cnt
B23-SAV-012,mid,mid.1,5,1,shoot height,44,cm
B23-SAV-012,mid,mid.1,5,2,shoot height,37,cm
B23-SAV-012,mid,mid.1,5,3,shoot height,43,cm
B23-SAV-012,mid,mid.1,5,4,shoot height,24,cm
B23-SAV-012,mid,mid.1,5,5,shoot height,39,cm
B23-SAV-012,mid,mid.2,5,1,flowering shoot density,0,cnt
B23-SAV-012,mid,mid.2,5,1,percent cover,10,%
B23-SAV-012,mid,mid.2,5,1,percent macroalgae,10,%
B23-SAV-012,mid,mid.2,5,1,shoot density,7,cnt
B23-SAV-012,mid,mid.2,5,1,shoot height,14,cm
B23-SAV-012,mid,mid.2,5,2,shoot height,24,cm
B23-SAV-012,mid,mid.2,5,3,shoot height,36,cm
B23-SAV-012,mid,mid.2,5,4,shoot height,43,cm
B23-SAV-012,mid,mid.2,5,5,shoot height,18,cm
B23-SAV-012,mid,mid.3,5,1,flowering shoot density,0,cnt
B23-SAV-012,mid,mid.3,5,1,percent cover,10,%
B23-SAV-012,mid,mid.3,5,1,percent macroalgae,0,%
B23-SAV-012,mid,mid.3,5,1,shoot density,9,cnt
B23-SAV-012,mid,mid.3,5,1,shoot height,43,cm
B23-SAV-012,mid,mid.3,5,2,shoot height,39,cm
B23-SAV-012,mid,mid.3,5,3,shoot height,51,cm
B23-SAV-012,mid,mid.3,5,4,shoot height,36,cm
B23-SAV-012,mid,mid.3,5,5,shoot height,46,cm
B23-SAV-012,mid,mid.4,5,1,flowering shoot density,0,cnt
B23-SAV-012,mid,mid.4,5,1,percent cover,100,%
B23-SAV-012,mid,mid.4,5,1,percent macroalgae,0,%
B23-SAV-012,mid,mid.4,5,1,shoot density,115,cnt
B23-SAV-012,mid,mid.4,5,1,shoot height,73,cm
B23-SAV-012,mid,mid.4,5,2,shoot height,81,cm
B23-SAV-012,mid,mid.4,5,3,shoot height,79,cm
B23-SAV-012,mid,mid.4,5,4,shoot height,68,cm
B23-SAV-012,mid,mid.4,5,5,shoot height,77,cm
B23-SAV-012,mid,mid.5,5,1,flowering shoot density,0,cnt
B23-SAV-012,mid,mid.5,5,1,percent cover,100,%
B23-SAV-012,mid,mid.5,5,1,percent macroalgae,0,%
B23-SAV-012,mid,mid.5,5,1,shoot density,93,cnt
B23-SAV-012,mid,mid.5,5,1,shoot height,64,cm
B23-SAV-012,mid,mid.5,5,2,shoot height,82,cm
B23-SAV-012,mid,mid.5,5,3,shoot height,79,cm
B23-SAV-012,mid,mid.5,5,4,shoot height,69,cm
B23-SAV-012,mid,mid.5,5,5,shoot height,75,cm
B23-SAV-014,mid,mid.1,5,1,flowering shoot density,0,cnt
B23-SAV-014,mid,mid.1,5,1,percent cover,15,%
B23-SAV-014,mid,mid.1,5,1,percent macroalgae,15,%
B23-SAV-014,mid,mid.1,5,1,shoot density,13,cnt
B23-SAV-014,mid,mid.1,5,1,shoot height,33,cm
B23-SAV-014,mid,mid.1,5,2,shoot height,62,cm
B23-SAV-014,mid,mid.1,5,3,shoot height,62,cm
B23-SAV-014,mid,mid.1,5,4,shoot height,57,cm
B23-SAV-014,mid,mid.1,5,5,shoot height,59,cm
B23-SAV-014,mid,mid.2,5,1,flowering shoot density,0,cnt
B23-SAV-014,mid,mid.2,5,1,percent cover,20,%
B23-SAV-014,mid,mid.2,5,1,percent macroalgae,80,%
B23-SAV-014,mid,mid.2,5,1,shoot density,8,cnt
B23-SAV-014,mid,mid.2,5,1,shoot height,65,cm
B23-SAV-014,mid,mid.2,5,2,shoot height,61,cm
B23-SAV-014,mid,mid.2,5,3,shoot height,72,cm
B23-SAV-014,mid,mid.2,5,4,shoot height,41,cm
B23-SAV-014,mid,mid.2,5,5,shoot height,54,cm
B23-SAV-014,mid,mid.3,5,1,flowering shoot density,0,cnt
B23-SAV-014,mid,mid.3,5,1,percent cover,20,%
B23-SAV-014,mid,mid.3,5,1,percent macroalgae,90,%
B23-SAV-014,mid,mid.3,5,1,shoot density,17,cnt
B23-SAV-014,mid,mid.3,5,1,shoot height,68,cm
B23-SAV-014,mid,mid.3,5,2,shoot height,66,cm
B23-SAV-014,mid,mid.3,5,3,shoot height,45,cm
B23-SAV-014,mid,mid.3,5,4,shoot height,38,cm
B23-SAV-014,mid,mid.3,5,5,shoot height,83,cm
B23-SAV-014,mid,mid.4,5,1,flowering shoot density,0,cnt
B23-SAV-014,mid,mid.4,5,1,percent cover,40,%
B23-SAV-014,mid,mid.4,5,1,percent macroalgae,100,%
B23-SAV-014,mid,mid.4,5,1,shoot density,34,cnt
B23-SAV-014,mid,mid.4,5,1,shoot height,50,cm
B23-SAV-014,mid,mid.4,5,2,shoot height,90,cm
B23-SAV-014,mid,mid.4,5,3,shoot height,51,cm
B23-SAV-014,mid,mid.4,5,4,shoot height,48,cm
B23-SAV-014,mid,mid.4,5,5,shoot height,62,cm
B23-SAV-014,mid,mid.5,5,1,flowering shoot density,0,cnt
B23-SAV-014,mid,mid.5,5,1,percent cover,50,%
B23-SAV-014,mid,mid.5,5,1,percent macroalgae,100,%
B23-SAV-014,mid,mid.5,5,1,shoot density,42,cnt
B23-SAV-014,mid,mid.5,5,1,shoot height,63,cm
B23-SAV-014,mid,mid.5,5,2,shoot height,54,cm
B23-SAV-014,mid,mid.5,5,3,shoot height,58,cm
B23-SAV-014,mid,mid.5,5,4,shoot height,57,cm
B23-SAV-014,mid,mid.5,5,5,shoot height,61,cm
B23-SAV-015,cross,cross.1,2,1,flowering shoot density,0,cnt
B23-SAV-015,cross,cross.1,2,1,percent cover,15,%
B23-SAV-015,cross,cross.1,2,1,percent macroalgae,0,%
B23-SAV-015,cross,cross.1,2,1,shoot density,17,cnt
B23-SAV-015,cross,cross.1,2,1,shoot height,33,cm
B23-SAV-015,cross,cross.1,2,2,shoot height,59,cm
B23-SAV-015,cross,cross.1,2,3,shoot height,74,cm
B23-SAV-015,cross,cross.1,2,4,shoot height,77,cm
B23-SAV-015,cross,cross.1,2,5,shoot height,104,cm
B23-SAV-015,cross,cross.2,2,1,flowering shoot density,0,cnt
B23-SAV-015,cross,cross.2,2,1,percent cover,30,%
B23-SAV-015,cross,cross.2,2,1,percent macroalgae,0,%
B23-SAV-015,cross,cross.2,2,1,shoot density,17,cnt
B23-SAV-015,cross,cross.2,2,1,shoot height,65,cm
B23-SAV-015,cross,cross.2,2,2,shoot height,42,cm
B23-SAV-015,cross,cross.2,2,3,shoot height,31,cm
B23-SAV-015,cross,cross.2,2,4,shoot height,17,cm
B23-SAV-015,cross,cross.2,2,5,shoot height,29,cm
B23-SAV-015,inner,in.1,3,1,flowering shoot density,0,cnt
B23-SAV-015,inner,in.1,3,1,percent cover,15,%
B23-SAV-015,inner,in.1,3,1,percent macroalgae,0,%
B23-SAV-015,inner,in.1,3,1,shoot density,21,cnt
B23-SAV-015,inner,in.1,3,1,shoot height,61,cm
B23-SAV-015,inner,in.1,3,2,shoot height,73,cm
B23-SAV-015,inner,in.1,3,3,shoot height,89,cm
B23-SAV-015,inner,in.1,3,4,shoot height,99,cm
B23-SAV-015,inner,in.1,3,5,shoot height,101,cm
B23-SAV-015,inner,in.2,3,1,flowering shoot density,0,cnt
B23-SAV-015,inner,in.2,3,1,percent cover,20,%
B23-SAV-015,inner,in.2,3,1,percent macroalgae,0,%
B23-SAV-015,inner,in.2,3,1,shoot density,30,cnt
B23-SAV-015,inner,in.2,3,1,shoot height,51,cm
B23-SAV-015,inner,in.2,3,2,shoot height,73,cm
B23-SAV-015,inner,in.2,3,3,shoot height,89,cm
B23-SAV-015,inner,in.2,3,4,shoot height,94,cm
B23-SAV-015,inner,in.2,3,5,shoot height,101,cm
B23-SAV-015,inner,in.3,3,1,flowering shoot density,0,cnt
B23-SAV-015,inner,in.3,3,1,percent cover,45,%
B23-SAV-015,inner,in.3,3,1,percent macroalgae,0,%
B23-SAV-015,inner,in.3,3,1,shoot density,31,cnt
B23-SAV-015,inner,in.3,3,1,shoot height,39,cm
B23-SAV-015,inner,in.3,3,2,shoot height,74,cm
B23-SAV-015,inner,in.3,3,3,shoot height,81,cm
B23-SAV-015,inner,in.3,3,4,shoot height,66,cm
B23-SAV-015,inner,in.3,3,5,shoot height,24,cm
B23-SAV-015,mid,mid.1,5,1,flowering shoot density,0,cnt
B23-SAV-015,mid,mid.1,5,1,percent cover,5,%
B23-SAV-015,mid,mid.1,5,1,percent macroalgae,0,%
B23-SAV-015,mid,mid.1,5,1,shoot density,10,cnt
B23-SAV-015,mid,mid.1,5,1,shoot height,24,cm
B23-SAV-015,mid,mid.1,5,2,shoot height,98,cm
B23-SAV-015,mid,mid.1,5,3,shoot height,46,cm
B23-SAV-015,mid,mid.1,5,4,shoot height,39,cm
B23-SAV-015,mid,mid.1,5,5,shoot height,52,cm
B23-SAV-015,mid,mid.2,5,1,flowering shoot density,0,cnt
B23-SAV-015,mid,mid.2,5,1,percent cover,5,%
B23-SAV-015,mid,mid.2,5,1,percent macroalgae,0,%
B23-SAV-015,mid,mid.2,5,1,shoot density,15,cnt
B23-SAV-015,mid,mid.2,5,1,shoot height,62,cm
B23-SAV-015,mid,mid.2,5,2,shoot height,71,cm
B23-SAV-015,mid,mid.2,5,3,shoot height,84,cm
B23-SAV-015,mid,mid.2,5,4,shoot height,31,cm
B23-SAV-015,mid,mid.2,5,5,shoot height,75,cm
B23-SAV-015,mid,mid.3,5,1,flowering shoot density,0,cnt
B23-SAV-015,mid,mid.3,5,1,percent cover,13,%
B23-SAV-015,mid,mid.3,5,1,percent macroalgae,-88,%
B23-SAV-015,mid,mid.3,5,1,shoot density,13,cnt
B23-SAV-015,mid,mid.3,5,1,shoot height,112,cm
B23-SAV-015,mid,mid.3,5,2,shoot height,29,cm
B23-SAV-015,mid,mid.3,5,3,shoot height,95,cm
B23-SAV-015,mid,mid.3,5,4,shoot height,62,cm
B23-SAV-015,mid,mid.3,5,5,shoot height,46,cm
B23-SAV-015,mid,mid.4,5,1,flowering shoot density,0,cnt
B23-SAV-015,mid,mid.4,5,1,percent cover,-88,%
B23-SAV-015,mid,mid.4,5,1,percent macroalgae,-88,%
B23-SAV-015,mid,mid.4,5,1,shoot density,18,cnt
B23-SAV-015,mid,mid.4,5,1,shoot height,92,cm
B23-SAV-015,mid,mid.4,5,2,shoot height,81,cm
B23-SAV-015,mid,mid.4,5,3,shoot height,52,cm
B23-SAV-015,mid,mid.4,5,4,shoot height,58,cm
B23-SAV-015,mid,mid.4,5,5,shoot height,79,cm
B23-SAV-015,mid,mid.5,5,1,flowering shoot density,0,cnt
B23-SAV-015,mid,mid.5,5,1,percent cover,-88,%
B23-SAV-015,mid,mid.5,5,1,percent macroalgae,-88,%
B23-SAV-015,mid,mid.5,5,1,shoot density,36,cnt
B23-SAV-015,mid,mid.5,5,1,shoot height,-88,cm
B23-SAV-015,mid,mid.5,5,2,shoot height,-88,cm
B23-SAV-015,mid,mid.5,5,3,shoot height,-88,cm
B23-SAV-015,mid,mid.5,5,4,shoot height,-88,cm
B23-SAV-015,mid,mid.5,5,5,shoot height,-88,cm
B23-SAV-015,outer,out.1,3,1,flowering shoot density,0,cnt
B23-SAV-015,outer,out.1,3,1,percent cover,10,%
B23-SAV-015,outer,out.1,3,1,percent macroalgae,0,%
B23-SAV-015,outer,out.1,3,1,shoot density,17,cnt
B23-SAV-015,outer,out.1,3,1,shoot height,55,cm
B23-SAV-015,outer,out.1,3,2,shoot height,104,cm
B23-SAV-015,outer,out.1,3,3,shoot height,112,cm
B23-SAV-015,outer,out.1,3,4,shoot height,120,cm
B23-SAV-015,outer,out.1,3,5,shoot height,87,cm
B23-SAV-015,outer,out.2,3,1,flowering shoot density,0,cnt
B23-SAV-015,outer,out.2,3,1,percent cover,5,%
B23-SAV-015,outer,out.2,3,1,percent macroalgae,35,%
B23-SAV-015,outer,out.2,3,1,shoot density,11,cnt
B23-SAV-015,outer,out.2,3,1,shoot height,24,cm
B23-SAV-015,outer,out.2,3,2,shoot height,33,cm
B23-SAV-015,outer,out.2,3,3,shoot height,55,cm
B23-SAV-015,outer,out.2,3,4,shoot height,67,cm
B23-SAV-015,outer,out.2,3,5,shoot height,105,cm
B23-SAV-015,outer,out.3,3,1,flowering shoot density,0,cnt
B23-SAV-015,outer,out.3,3,1,percent cover,10,%
B23-SAV-015,outer,out.3,3,1,percent macroalgae,10,%
B23-SAV-015,outer,out.3,3,1,shoot density,12,cnt
B23-SAV-015,outer,out.3,3,1,shoot height,61,cm
B23-SAV-015,outer,out.3,3,2,shoot height,26,cm
B23-SAV-015,outer,out.3,3,3,shoot height,89,cm
B23-SAV-015,outer,out.3,3,4,shoot height,109,cm
B23-SAV-015,outer,out.3,3,5,shoot height,110,cm
B23-SAV-018,cross,cross.1,2,1,flowering shoot density,0,cnt
B23-SAV-018,cross,cross.1,2,1,percent cover,70,%
B23-SAV-018,cross,cross.1,2,1,percent macroalgae,10,%
B23-SAV-018,cross,cross.1,2,1,shoot density,37,cnt
B23-SAV-018,cross,cross.1,2,1,shoot height,38,cm
B23-SAV-018,cross,cross.1,2,2,shoot height,42,cm
B23-SAV-018,cross,cross.1,2,3,shoot height,65,cm
B23-SAV-018,cross,cross.1,2,4,shoot height,66,cm
B23-SAV-018,cross,cross.1,2,5,shoot height,51,cm
B23-SAV-018,cross,cross.2,2,1,flowering shoot density,0,cnt
B23-SAV-018,cross,cross.2,2,1,percent cover,10,%
B23-SAV-018,cross,cross.2,2,1,percent macroalgae,15,%
B23-SAV-018,cross,cross.2,2,1,shoot density,10,cnt
B23-SAV-018,cross,cross.2,2,1,shoot height,24,cm
B23-SAV-018,cross,cross.2,2,2,shoot height,23,cm
B23-SAV-018,cross,cross.2,2,3,shoot height,41,cm
B23-SAV-018,cross,cross.2,2,4,shoot height,32,cm
B23-SAV-018,cross,cross.2,2,5,shoot height,37,cm
B23-SAV-018,inner,in.1,3,1,flowering shoot density,0,cnt
B23-SAV-018,inner,in.1,3,1,percent cover,30,%
B23-SAV-018,inner,in.1,3,1,percent macroalgae,15,%
B23-SAV-018,inner,in.1,3,1,shoot density,23,cnt
B23-SAV-018,inner,in.1,3,1,shoot height,41,cm
B23-SAV-018,inner,in.1,3,2,shoot height,41,cm
B23-SAV-018,inner,in.1,3,3,shoot height,48,cm
B23-SAV-018,inner,in.1,3,4,shoot height,47,cm
B23-SAV-018,inner,in.1,3,5,shoot height,39,cm
B23-SAV-018,inner,in.2,3,1,flowering shoot density,0,cnt
B23-SAV-018,inner,in.2,3,1,percent cover,60,%
B23-SAV-018,inner,in.2,3,1,percent macroalgae,20,%
B23-SAV-018,inner,in.2,3,1,shoot density,34,cnt
B23-SAV-018,inner,in.2,3,1,shoot height,52,cm
B23-SAV-018,inner,in.2,3,2,shoot height,52,cm
B23-SAV-018,inner,in.2,3,3,shoot height,39,cm
B23-SAV-018,inner,in.2,3,4,shoot height,26,cm
B23-SAV-018,inner,in.2,3,5,shoot height,40,cm
B23-SAV-018,inner,in.3,3,1,flowering shoot density,0,cnt
B23-SAV-018,inner,in.3,3,1,percent cover,65,%
B23-SAV-018,inner,in.3,3,1,percent macroalgae,30,%
B23-SAV-018,inner,in.3,3,1,shoot density,31,cnt
B23-SAV-018,inner,in.3,3,1,shoot height,20,cm
B23-SAV-018,inner,in.3,3,2,shoot height,20,cm
B23-SAV-018,inner,in.3,3,3,shoot height,57,cm
B23-SAV-018,inner,in.3,3,4,shoot height,18,cm
B23-SAV-018,inner,in.3,3,5,shoot height,33,cm
B23-SAV-018,mid,mid.1,5,1,flowering shoot density,0,cnt
B23-SAV-018,mid,mid.1,5,1,percent cover,25,%
B23-SAV-018,mid,mid.1,5,1,percent macroalgae,60,%
B23-SAV-018,mid,mid.1,5,1,shoot density,13,cnt
B23-SAV-018,mid,mid.1,5,1,shoot height,29,cm
B23-SAV-018,mid,mid.1,5,2,shoot height,29,cm
B23-SAV-018,mid,mid.1,5,3,shoot height,16,cm
B23-SAV-018,mid,mid.1,5,4,shoot height,28,cm
B23-SAV-018,mid,mid.1,5,5,shoot height,34,cm
B23-SAV-018,mid,mid.2,5,1,flowering shoot density,0,cnt
B23-SAV-018,mid,mid.2,5,1,percent cover,10,%
B23-SAV-018,mid,mid.2,5,1,percent macroalgae,45,%
B23-SAV-018,mid,mid.2,5,1,shoot density,10,cnt
B23-SAV-018,mid,mid.2,5,1,shoot height,43,cm
B23-SAV-018,mid,mid.2,5,2,shoot height,43,cm
B23-SAV-018,mid,mid.2,5,3,shoot height,60,cm
B23-SAV-018,mid,mid.2,5,4,shoot height,32,cm
B23-SAV-018,mid,mid.2,5,5,shoot height,35,cm
B23-SAV-018,mid,mid.3,5,1,flowering shoot density,0,cnt
B23-SAV-018,mid,mid.3,5,1,percent cover,60,%
B23-SAV-018,mid,mid.3,5,1,percent macroalgae,20,%
B23-SAV-018,mid,mid.3,5,1,shoot density,31,cnt
B23-SAV-018,mid,mid.3,5,1,shoot height,25,cm
B23-SAV-018,mid,mid.3,5,2,shoot height,25,cm
B23-SAV-018,mid,mid.3,5,3,shoot height,36,cm
B23-SAV-018,mid,mid.3,5,4,shoot height,63,cm
B23-SAV-018,mid,mid.3,5,5,shoot height,48,cm
B23-SAV-018,mid,mid.4,5,1,flowering shoot density,0,cnt
B23-SAV-018,mid,mid.4,5,1,percent cover,15,%
B23-SAV-018,mid,mid.4,5,1,percent macroalgae,30,%
B23-SAV-018,mid,mid.4,5,1,shoot density,9,cnt
B23-SAV-018,mid,mid.4,5,1,shoot height,49,cm
B23-SAV-018,mid,mid.4,5,2,shoot height,49,cm
B23-SAV-018,mid,mid.4,5,3,shoot height,56,cm
B23-SAV-018,mid,mid.4,5,4,shoot height,48,cm
B23-SAV-018,mid,mid.4,5,5,shoot height,20,cm
B23-SAV-018,mid,mid.5,5,1,flowering shoot density,0,cnt
B23-SAV-018,mid,mid.5,5,1,percent cover,15,%
B23-SAV-018,mid,mid.5,5,1,percent macroalgae,70,%
B23-SAV-018,mid,mid.5,5,1,shoot density,11,cnt
B23-SAV-018,mid,mid.5,5,1,shoot height,46,cm
B23-SAV-018,mid,mid.5,5,2,shoot height,46,cm
B23-SAV-018,mid,mid.5,5,3,shoot height,21,cm
B23-SAV-018,mid,mid.5,5,4,shoot height,45,cm
B23-SAV-018,mid,mid.5,5,5,shoot height,44,cm
B23-SAV-018,outer,out.1,3,1,flowering shoot density,0,cnt
B23-SAV-018,outer,out.1,3,1,percent cover,40,%
B23-SAV-018,outer,out.1,3,1,percent macroalgae,40,%
B23-SAV-018,outer,out.1,3,1,shoot density,25,cnt
B23-SAV-018,outer,out.1,3,1,shoot height,30,cm
B23-SAV-018,outer,out.1,3,2,shoot height,30,cm
B23-SAV-018,outer,out.1,3,3,shoot height,52,cm
B23-SAV-018,outer,out.1,3,4,shoot height,25,cm
B23-SAV-018,outer,out.1,3,5,shoot height,48,cm
B23-SAV-018,outer,out.2,3,1,flowering shoot density,0,cnt
B23-SAV-018,outer,out.2,3,1,percent cover,10,%
B23-SAV-018,outer,out.2,3,1,percent macroalgae,20,%
B23-SAV-018,outer,out.2,3,1,shoot density,8,cnt
B23-SAV-018,outer,out.2,3,1,shoot height,31,cm
B23-SAV-018,outer,out.2,3,2,shoot height,31,cm
B23-SAV-018,outer,out.2,3,3,shoot height,37,cm
B23-SAV-018,outer,out.2,3,4,shoot height,24,cm
B23-SAV-018,outer,out.2,3,5,shoot height,14,cm
B23-SAV-018,outer,out.3,3,1,flowering shoot density,0,cnt
B23-SAV-018,outer,out.3,3,1,percent cover,5,%
B23-SAV-018,outer,out.3,3,1,percent macroalgae,50,%
B23-SAV-018,outer,out.3,3,1,shoot density,6,cnt
B23-SAV-018,outer,out.3,3,1,shoot height,54,cm
B23-SAV-018,outer,out.3,3,2,shoot height,54,cm
B23-SAV-018,outer,out.3,3,3,shoot height,26,cm
B23-SAV-018,outer,out.3,3,4,shoot height,15,cm
B23-SAV-018,outer,out.3,3,5,shoot height,50,cm
B23-SAV-020,patch,patch.1,2,1,flowering shoot density,0,cnt
B23-SAV-020,patch,patch.1,2,1,percent cover,25,%
B23-SAV-020,patch,patch.1,2,1,percent macroalgae,0,%
B23-SAV-020,patch,patch.1,2,1,shoot density,12,cnt
B23-SAV-020,patch,patch.1,2,1,shoot height,38,cm
B23-SAV-020,patch,patch.1,2,2,shoot height,34,cm
B23-SAV-020,patch,patch.1,2,3,shoot height,17,cm
B23-SAV-020,patch,patch.1,2,4,shoot height,39,cm
B23-SAV-020,patch,patch.1,2,5,shoot height,29,cm
B23-SAV-020,patch,patch.2,2,1,flowering shoot density,0,cnt
B23-SAV-020,patch,patch.2,2,1,percent cover,20,%
B23-SAV-020,patch,patch.2,2,1,percent macroalgae,0,%
B23-SAV-020,patch,patch.2,2,1,shoot density,10,cnt
B23-SAV-020,patch,patch.2,2,1,shoot height,18,cm
B23-SAV-020,patch,patch.2,2,2,shoot height,33,cm
B23-SAV-020,patch,patch.2,2,3,shoot height,26,cm
B23-SAV-020,patch,patch.2,2,4,shoot height,18,cm
B23-SAV-020,patch,patch.2,2,5,shoot height,38,cm
B23-SAV-022,cross,cross.1,2,1,flowering shoot density,0,cnt
B23-SAV-022,cross,cross.1,2,1,percent cover,40,%
B23-SAV-022,cross,cross.1,2,1,percent macroalgae,30,%
B23-SAV-022,cross,cross.1,2,1,shoot density,51,cnt
B23-SAV-022,cross,cross.1,2,1,shoot height,24,cm
B23-SAV-022,cross,cross.1,2,2,shoot height,15,cm
B23-SAV-022,cross,cross.1,2,3,shoot height,15,cm
B23-SAV-022,cross,cross.1,2,4,shoot height,16,cm
B23-SAV-022,cross,cross.1,2,5,shoot height,22,cm
B23-SAV-022,cross,cross.2,2,1,flowering shoot density,0,cnt
B23-SAV-022,cross,cross.2,2,1,percent cover,70,%
B23-SAV-022,cross,cross.2,2,1,percent macroalgae,10,%
B23-SAV-022,cross,cross.2,2,1,shoot density,31,cnt
B23-SAV-022,cross,cross.2,2,1,shoot height,47,cm
B23-SAV-022,cross,cross.2,2,2,shoot height,52,cm
B23-SAV-022,cross,cross.2,2,3,shoot height,61,cm
B23-SAV-022,cross,cross.2,2,4,shoot height,35,cm
B23-SAV-022,cross,cross.2,2,5,shoot height,44,cm
B23-SAV-022,inner,in.1,3,1,flowering shoot density,0,cnt
B23-SAV-022,inner,in.1,3,1,percent cover,5,%
B23-SAV-022,inner,in.1,3,1,percent macroalgae,80,%
B23-SAV-022,inner,in.1,3,1,shoot density,5,cnt
B23-SAV-022,inner,in.1,3,1,shoot height,29,cm
B23-SAV-022,inner,in.1,3,2,shoot height,13,cm
B23-SAV-022,inner,in.1,3,3,shoot height,7,cm
B23-SAV-022,inner,in.1,3,4,shoot height,10,cm
B23-SAV-022,inner,in.1,3,5,shoot height,13,cm
B23-SAV-022,inner,in.2,3,1,flowering shoot density,0,cnt
B23-SAV-022,inner,in.2,3,1,percent cover,20,%
B23-SAV-022,inner,in.2,3,1,percent macroalgae,30,%
B23-SAV-022,inner,in.2,3,1,shoot density,23,cnt
B23-SAV-022,inner,in.2,3,1,shoot height,18,cm
B23-SAV-022,inner,in.2,3,2,shoot height,16,cm
B23-SAV-022,inner,in.2,3,3,shoot height,31,cm
B23-SAV-022,inner,in.2,3,4,shoot height,25,cm
B23-SAV-022,inner,in.2,3,5,shoot height,23,cm
B23-SAV-022,inner,in.3,3,1,flowering shoot density,0,cnt
B23-SAV-022,inner,in.3,3,1,percent cover,50,%
B23-SAV-022,inner,in.3,3,1,percent macroalgae,40,%
B23-SAV-022,inner,in.3,3,1,shoot density,78,cnt
B23-SAV-022,inner,in.3,3,1,shoot height,21,cm
B23-SAV-022,inner,in.3,3,2,shoot height,23,cm
B23-SAV-022,inner,in.3,3,3,shoot height,25,cm
B23-SAV-022,inner,in.3,3,4,shoot height,15,cm
B23-SAV-022,inner,in.3,3,5,shoot height,23,cm
B23-SAV-022,mid,mid.1,5,1,flowering shoot density,0,cnt
B23-SAV-022,mid,mid.1,5,1,percent cover,20,%
B23-SAV-022,mid,mid.1,5,1,percent macroalgae,45,%
B23-SAV-022,mid,mid.1,5,1,shoot density,9,cnt
B23-SAV-022,mid,mid.1,5,1,shoot height,43,cm
B23-SAV-022,mid,mid.1,5,2,shoot height,23,cm
B23-SAV-022,mid,mid.1,5,3,shoot height,50,cm
B23-SAV-022,mid,mid.1,5,4,shoot height,40,cm
B23-SAV-022,mid,mid.1,5,5,shoot height,37,cm
B23-SAV-022,mid,mid.2,5,1,flowering shoot density,0,cnt
B23-SAV-022,mid,mid.2,5,1,percent cover,30,%
B23-SAV-022,mid,mid.2,5,1,percent macroalgae,30,%
B23-SAV-022,mid,mid.2,5,1,shoot density,11,cnt
B23-SAV-022,mid,mid.2,5,1,shoot height,41,cm
B23-SAV-022,mid,mid.2,5,2,shoot height,35,cm
B23-SAV-022,mid,mid.2,5,3,shoot height,40,cm
B23-SAV-022,mid,mid.2,5,4,shoot height,29,cm
B23-SAV-022,mid,mid.2,5,5,shoot height,38,cm
B23-SAV-022,mid,mid.3,5,1,flowering shoot density,0,cnt
B23-SAV-022,mid,mid.3,5,1,percent cover,30,%
B23-SAV-022,mid,mid.3,5,1,percent macroalgae,60,%
B23-SAV-022,mid,mid.3,5,1,shoot density,10,cnt
B23-SAV-022,mid,mid.3,5,1,shoot height,40,cm
B23-SAV-022,mid,mid.3,5,2,shoot height,32,cm
B23-SAV-022,mid,mid.3,5,3,shoot height,42,cm
B23-SAV-022,mid,mid.3,5,4,shoot height,28,cm
B23-SAV-022,mid,mid.3,5,5,shoot height,35,cm
B23-SAV-022,mid,mid.4,5,1,flowering shoot density,0,cnt
B23-SAV-022,mid,mid.4,5,1,percent cover,25,%
B23-SAV-022,mid,mid.4,5,1,percent macroalgae,50,%
B23-SAV-022,mid,mid.4,5,1,shoot density,12,cnt
B23-SAV-022,mid,mid.4,5,1,shoot height,41,cm
B23-SAV-022,mid,mid.4,5,2,shoot height,37,cm
B23-SAV-022,mid,mid.4,5,3,shoot height,52,cm
B23-SAV-022,mid,mid.4,5,4,shoot height,27,cm
B23-SAV-022,mid,mid.4,5,5,shoot height,30,cm
B23-SAV-022,mid,mid.5,5,1,flowering shoot density,0,cnt
B23-SAV-022,mid,mid.5,5,1,percent cover,20,%
B23-SAV-022,mid,mid.5,5,1,percent macroalgae,60,%
B23-SAV-022,mid,mid.5,5,1,shoot density,15,cnt
B23-SAV-022,mid,mid.5,5,1,shoot height,35,cm
B23-SAV-022,mid,mid.5,5,2,shoot height,20,cm
B23-SAV-022,mid,mid.5,5,3,shoot height,22,cm
B23-SAV-022,mid,mid.5,5,4,shoot height,30,cm
B23-SAV-022,mid,mid.5,5,5,shoot height,26,cm
B23-SAV-022,outer,out.1,3,1,flowering shoot density,0,cnt
B23-SAV-022,outer,out.1,3,1,percent cover,5,%
B23-SAV-022,outer,out.1,3,1,percent macroalgae,90,%
B23-SAV-022,outer,out.1,3,1,shoot density,2,cnt
B23-SAV-022,outer,out.1,3,1,shoot height,36,cm
B23-SAV-022,outer,out.1,3,2,shoot height,9,cm
B23-SAV-022,outer,out.1,3,3,shoot height,-88,cm
B23-SAV-022,outer,out.1,3,4,shoot height,-88,cm
B23-SAV-022,outer,out.1,3,5,shoot height,-88,cm
B23-SAV-022,outer,out.2,3,1,flowering shoot density,0,cnt
B23-SAV-022,outer,out.2,3,1,percent cover,50,%
B23-SAV-022,outer,out.2,3,1,percent macroalgae,0,%
B23-SAV-022,outer,out.2,3,1,shoot density,33,cnt
B23-SAV-022,outer,out.2,3,1,shoot height,44,cm
B23-SAV-022,outer,out.2,3,2,shoot height,18,cm
B23-SAV-022,outer,out.2,3,3,shoot height,43,cm
B23-SAV-022,outer,out.2,3,4,shoot height,47,cm
B23-SAV-022,outer,out.2,3,5,shoot height,54,cm
B23-SAV-022,outer,out.3,3,1,flowering shoot density,0,cnt
B23-SAV-022,outer,out.3,3,1,percent cover,40,%
B23-SAV-022,outer,out.3,3,1,percent macroalgae,40,%
B23-SAV-022,outer,out.3,3,1,shoot density,31,cnt
B23-SAV-022,outer,out.3,3,1,shoot height,22,cm
B23-SAV-022,outer,out.3,3,2,shoot height,46,cm
B23-SAV-022,outer,out.3,3,3,shoot height,40,cm
B23-SAV-022,outer,out.3,3,4,shoot height,42,cm
B23-SAV-022,outer,out.3,3,5,shoot height,46,cm
B23-SAV-023,cross,cross.1,2,1,flowering shoot density,0,cnt
B23-SAV-023,cross,cross.1,2,1,percent cover,40,%
B23-SAV-023,cross,cross.1,2,1,percent macroalgae,0,%
B23-SAV-023,cross,cross.1,2,1,shoot density,39,cnt
B23-SAV-023,cross,cross.1,2,1,shoot height,17,cm
B23-SAV-023,cross,cross.1,2,2,shoot height,24,cm
B23-SAV-023,cross,cross.1,2,3,shoot height,27,cm
B23-SAV-023,cross,cross.1,2,4,shoot height,25,cm
B23-SAV-023,cross,cross.1,2,5,shoot height,15,cm
B23-SAV-023,cross,cross.2,2,1,flowering shoot density,0,cnt
B23-SAV-023,cross,cross.2,2,1,percent cover,40,%
B23-SAV-023,cross,cross.2,2,1,percent macroalgae,40,%
B23-SAV-023,cross,cross.2,2,1,shoot density,53,cnt
B23-SAV-023,cross,cross.2,2,1,shoot height,19,cm
B23-SAV-023,cross,cross.2,2,2,shoot height,18,cm
B23-SAV-023,cross,cross.2,2,3,shoot height,30,cm
B23-SAV-023,cross,cross.2,2,4,shoot height,24,cm
B23-SAV-023,cross,cross.2,2,5,shoot height,21,cm
B23-SAV-023,inner,in.1,3,1,flowering shoot density,0,cnt
B23-SAV-023,inner,in.1,3,1,percent cover,30,%
B23-SAV-023,inner,in.1,3,1,percent macroalgae,5,%
B23-SAV-023,inner,in.1,3,1,shoot density,53,cnt
B23-SAV-023,inner,in.1,3,1,shoot height,18,cm
B23-SAV-023,inner,in.1,3,2,shoot height,30,cm
B23-SAV-023,inner,in.1,3,3,shoot height,17,cm
B23-SAV-023,inner,in.1,3,4,shoot height,22,cm
B23-SAV-023,inner,in.1,3,5,shoot height,20,cm
B23-SAV-023,inner,in.2,3,1,flowering shoot density,0,cnt
B23-SAV-023,inner,in.2,3,1,percent cover,20,%
B23-SAV-023,inner,in.2,3,1,percent macroalgae,3,%
B23-SAV-023,inner,in.2,3,1,shoot density,47,cnt
B23-SAV-023,inner,in.2,3,1,shoot height,24,cm
B23-SAV-023,inner,in.2,3,2,shoot height,14,cm
B23-SAV-023,inner,in.2,3,3,shoot height,26,cm
B23-SAV-023,inner,in.2,3,4,shoot height,31,cm
B23-SAV-023,inner,in.2,3,5,shoot height,16,cm
B23-SAV-023,inner,in.3,3,1,flowering shoot density,0,cnt
B23-SAV-023,inner,in.3,3,1,percent cover,60,%
B23-SAV-023,inner,in.3,3,1,percent macroalgae,15,%
B23-SAV-023,inner,in.3,3,1,shoot density,74,cnt
B23-SAV-023,inner,in.3,3,1,shoot height,28,cm
B23-SAV-023,inner,in.3,3,2,shoot height,15,cm
B23-SAV-023,inner,in.3,3,3,shoot height,20,cm
B23-SAV-023,inner,in.3,3,4,shoot height,24,cm
B23-SAV-023,inner,in.3,3,5,shoot height,18,cm
B23-SAV-023,mid,mid.1,5,1,flowering shoot density,0,cnt
B23-SAV-023,mid,mid.1,5,1,percent cover,70,%
B23-SAV-023,mid,mid.1,5,1,percent macroalgae,0,%
B23-SAV-023,mid,mid.1,5,1,shoot density,28,cnt
B23-SAV-023,mid,mid.1,5,1,shoot height,29,cm
B23-SAV-023,mid,mid.1,5,2,shoot height,26,cm
B23-SAV-023,mid,mid.1,5,3,shoot height,22,cm
B23-SAV-023,mid,mid.1,5,4,shoot height,24,cm
B23-SAV-023,mid,mid.1,5,5,shoot height,24,cm
B23-SAV-023,mid,mid.2,5,1,flowering shoot density,0,cnt
B23-SAV-023,mid,mid.2,5,1,percent cover,55,%
B23-SAV-023,mid,mid.2,5,1,percent macroalgae,25,%
B23-SAV-023,mid,mid.2,5,1,shoot density,62,cnt
B23-SAV-023,mid,mid.2,5,1,shoot height,25,cm
B23-SAV-023,mid,mid.2,5,2,shoot height,29,cm
B23-SAV-023,mid,mid.2,5,3,shoot height,18,cm
B23-SAV-023,mid,mid.2,5,4,shoot height,16,cm
B23-SAV-023,mid,mid.2,5,5,shoot height,26,cm
B23-SAV-023,mid,mid.3,5,1,flowering shoot density,0,cnt
B23-SAV-023,mid,mid.3,5,1,percent cover,30,%
B23-SAV-023,mid,mid.3,5,1,percent macroalgae,20,%
B23-SAV-023,mid,mid.3,5,1,shoot density,39,cnt
B23-SAV-023,mid,mid.3,5,1,shoot height,26,cm
B23-SAV-023,mid,mid.3,5,2,shoot height,25,cm
B23-SAV-023,mid,mid.3,5,3,shoot height,18,cm
B23-SAV-023,mid,mid.3,5,4,shoot height,19,cm
B23-SAV-023,mid,mid.3,5,5,shoot height,26,cm
B23-SAV-023,mid,mid.4,5,1,flowering shoot density,0,cnt
B23-SAV-023,mid,mid.4,5,1,percent cover,25,%
B23-SAV-023,mid,mid.4,5,1,percent macroalgae,20,%
B23-SAV-023,mid,mid.4,5,1,shoot density,57,cnt
B23-SAV-023,mid,mid.4,5,1,shoot height,45,cm
B23-SAV-023,mid,mid.4,5,2,shoot height,26,cm
B23-SAV-023,mid,mid.4,5,3,shoot height,41,cm
B23-SAV-023,mid,mid.4,5,4,shoot height,19,cm
B23-SAV-023,mid,mid.4,5,5,shoot height,35,cm
B23-SAV-023,mid,mid.5,5,1,flowering shoot density,0,cnt
B23-SAV-023,mid,mid.5,5,1,percent cover,25,%
B23-SAV-023,mid,mid.5,5,1,percent macroalgae,40,%
B23-SAV-023,mid,mid.5,5,1,shoot density,40,cnt
B23-SAV-023,mid,mid.5,5,1,shoot height,18,cm
B23-SAV-023,mid,mid.5,5,2,shoot height,30,cm
B23-SAV-023,mid,mid.5,5,3,shoot height,21,cm
B23-SAV-023,mid,mid.5,5,4,shoot height,26,cm
B23-SAV-023,mid,mid.5,5,5,shoot height,29,cm
B23-SAV-023,outer,out.1,3,1,flowering shoot density,0,cnt
B23-SAV-023,outer,out.1,3,1,percent cover,25,%
B23-SAV-023,outer,out.1,3,1,percent macroalgae,3,%
B23-SAV-023,outer,out.1,3,1,shoot density,58,cnt
B23-SAV-023,outer,out.1,3,1,shoot height,18,cm
B23-SAV-023,outer,out.1,3,2,shoot height,21,cm
B23-SAV-023,outer,out.1,3,3,shoot height,24,cm
B23-SAV-023,outer,out.1,3,4,shoot height,25,cm
B23-SAV-023,outer,out.1,3,5,shoot height,25,cm
B23-SAV-023,outer,out.2,3,1,flowering shoot density,0,cnt
B23-SAV-023,outer,out.2,3,1,percent cover,40,%
B23-SAV-023,outer,out.2,3,1,percent macroalgae,7,%
B23-SAV-023,outer,out.2,3,1,shoot density,52,cnt
B23-SAV-023,outer,out.2,3,1,shoot height,28,cm
B23-SAV-023,outer,out.2,3,2,shoot height,48,cm
B23-SAV-023,outer,out.2,3,3,shoot height,27,cm
B23-SAV-023,outer,out.2,3,4,shoot height,32,cm
B23-SAV-023,outer,out.2,3,5,shoot height,29,cm
B23-SAV-023,outer,out.3,3,1,flowering shoot density,0,cnt
B23-SAV-023,outer,out.3,3,1,percent cover,30,%
B23-SAV-023,outer,out.3,3,1,percent macroalgae,5,%
B23-SAV-023,outer,out.3,3,1,shoot density,40,cnt
B23-SAV-023,outer,out.3,3,1,shoot height,34,cm
B23-SAV-023,outer,out.3,3,2,shoot height,16,cm
B23-SAV-023,outer,out.3,3,3,shoot height,27,cm
B23-SAV-023,outer,out.3,3,4,shoot height,28,cm
B23-SAV-023,outer,out.3,3,5,shoot height,22,cm
B23-SAV-025,cross,cross.1,2,1,flowering shoot density,0,cnt
B23-SAV-025,cross,cross.1,2,1,percent cover,90,%
B23-SAV-025,cross,cross.1,2,1,percent macroalgae,5,%
B23-SAV-025,cross,cross.1,2,1,shoot density,18,cnt
B23-SAV-025,cross,cross.1,2,1,shoot height,22,cm
B23-SAV-025,cross,cross.1,2,2,shoot height,20,cm
B23-SAV-025,cross,cross.1,2,3,shoot height,32,cm
B23-SAV-025,cross,cross.1,2,4,shoot height,36,cm
B23-SAV-025,cross,cross.1,2,5,shoot height,22,cm
B23-SAV-025,cross,cross.2,2,1,flowering shoot density,0,cnt
B23-SAV-025,cross,cross.2,2,1,percent cover,65,%
B23-SAV-025,cross,cross.2,2,1,percent macroalgae,0,%
B23-SAV-025,cross,cross.2,2,1,shoot density,16,cnt
B23-SAV-025,cross,cross.2,2,1,shoot height,82,cm
B23-SAV-025,cross,cross.2,2,2,shoot height,62,cm
B23-SAV-025,cross,cross.2,2,3,shoot height,98,cm
B23-SAV-025,cross,cross.2,2,4,shoot height,60,cm
B23-SAV-025,cross,cross.2,2,5,shoot height,79,cm
B23-SAV-025,inner,in.1,3,1,flowering shoot density,0,cnt
B23-SAV-025,inner,in.1,3,1,percent cover,75,%
B23-SAV-025,inner,in.1,3,1,percent macroalgae,5,%
B23-SAV-025,inner,in.1,3,1,shoot density,24,cnt
B23-SAV-025,inner,in.1,3,1,shoot height,20,cm
B23-SAV-025,inner,in.1,3,2,shoot height,28,cm
B23-SAV-025,inner,in.1,3,3,shoot height,30,cm
B23-SAV-025,inner,in.1,3,4,shoot height,35,cm
B23-SAV-025,inner,in.1,3,5,shoot height,31,cm
B23-SAV-025,inner,in.2,3,1,flowering shoot density,0,cnt
B23-SAV-025,inner,in.2,3,1,percent cover,70,%
B23-SAV-025,inner,in.2,3,1,percent macroalgae,5,%
B23-SAV-025,inner,in.2,3,1,shoot density,17,cnt
B23-SAV-025,inner,in.2,3,1,shoot height,22,cm
B23-SAV-025,inner,in.2,3,2,shoot height,38,cm
B23-SAV-025,inner,in.2,3,3,shoot height,39,cm
B23-SAV-025,inner,in.2,3,4,shoot height,47,cm
B23-SAV-025,inner,in.2,3,5,shoot height,39,cm
B23-SAV-025,inner,in.3,3,1,flowering shoot density,0,cnt
B23-SAV-025,inner,in.3,3,1,percent cover,5,%
B23-SAV-025,inner,in.3,3,1,percent macroalgae,90,%
B23-SAV-025,inner,in.3,3,1,shoot density,1,cnt
B23-SAV-025,inner,in.3,3,1,shoot height,42,cm
B23-SAV-025,inner,in.3,3,2,shoot height,-88,cm
B23-SAV-025,inner,in.3,3,3,shoot height,-88,cm
B23-SAV-025,inner,in.3,3,4,shoot height,-88,cm
B23-SAV-025,inner,in.3,3,5,shoot height,-88,cm
B23-SAV-025,mid,mid.1,5,1,flowering shoot density,0,cnt
B23-SAV-025,mid,mid.1,5,1,percent cover,10,%
B23-SAV-025,mid,mid.1,5,1,percent macroalgae,75,%
B23-SAV-025,mid,mid.1,5,1,shoot density,10,cnt
B23-SAV-025,mid,mid.1,5,1,shoot height,29,cm
B23-SAV-025,mid,mid.1,5,2,shoot height,39,cm
B23-SAV-025,mid,mid.1,5,3,shoot height,40,cm
B23-SAV-025,mid,mid.1,5,4,shoot height,35,cm
B23-SAV-025,mid,mid.1,5,5,shoot height,38,cm
B23-SAV-025,mid,mid.2,5,1,flowering shoot density,0,cnt
B23-SAV-025,mid,mid.2,5,1,percent cover,40,%
B23-SAV-025,mid,mid.2,5,1,percent macroalgae,10,%
B23-SAV-025,mid,mid.2,5,1,shoot density,24,cnt
B23-SAV-025,mid,mid.2,5,1,shoot height,71,cm
B23-SAV-025,mid,mid.2,5,2,shoot height,59,cm
B23-SAV-025,mid,mid.2,5,3,shoot height,73,cm
B23-SAV-025,mid,mid.2,5,4,shoot height,49,cm
B23-SAV-025,mid,mid.2,5,5,shoot height,75,cm
B23-SAV-025,mid,mid.3,5,1,flowering shoot density,0,cnt
B23-SAV-025,mid,mid.3,5,1,percent cover,20,%
B23-SAV-025,mid,mid.3,5,1,percent macroalgae,10,%
B23-SAV-025,mid,mid.3,5,1,shoot density,15,cnt
B23-SAV-025,mid,mid.3,5,1,shoot height,58,cm
B23-SAV-025,mid,mid.3,5,2,shoot height,30,cm
B23-SAV-025,mid,mid.3,5,3,shoot height,36,cm
B23-SAV-025,mid,mid.3,5,4,shoot height,20,cm
B23-SAV-025,mid,mid.3,5,5,shoot height,37,cm
B23-SAV-025,mid,mid.4,5,1,flowering shoot density,0,cnt
B23-SAV-025,mid,mid.4,5,1,percent cover,35,%
B23-SAV-025,mid,mid.4,5,1,percent macroalgae,10,%
B23-SAV-025,mid,mid.4,5,1,shoot density,28,cnt
B23-SAV-025,mid,mid.4,5,1,shoot height,47,cm
B23-SAV-025,mid,mid.4,5,2,shoot height,38,cm
B23-SAV-025,mid,mid.4,5,3,shoot height,61,cm
B23-SAV-025,mid,mid.4,5,4,shoot height,42,cm
B23-SAV-025,mid,mid.4,5,5,shoot height,33,cm
B23-SAV-025,mid,mid.5,5,1,flowering shoot density,0,cnt
B23-SAV-025,mid,mid.5,5,1,percent cover,40,%
B23-SAV-025,mid,mid.5,5,1,percent macroalgae,10,%
B23-SAV-025,mid,mid.5,5,1,shoot density,37,cnt
B23-SAV-025,mid,mid.5,5,1,shoot height,65,cm
B23-SAV-025,mid,mid.5,5,2,shoot height,66,cm
B23-SAV-025,mid,mid.5,5,3,shoot height,34,cm
B23-SAV-025,mid,mid.5,5,4,shoot height,44,cm
B23-SAV-025,mid,mid.5,5,5,shoot height,51,cm
B23-SAV-025,outer,out.1,3,1,flowering shoot density,0,cnt
B23-SAV-025,outer,out.1,3,1,percent cover,50,%
B23-SAV-025,outer,out.1,3,1,percent macroalgae,8,%
B23-SAV-025,outer,out.1,3,1,shoot density,9,cnt
B23-SAV-025,outer,out.1,3,1,shoot height,47,cm
B23-SAV-025,outer,out.1,3,2,shoot height,74,cm
B23-SAV-025,outer,out.1,3,3,shoot height,41,cm
B23-SAV-025,outer,out.1,3,4,shoot height,69,cm
B23-SAV-025,outer,out.1,3,5,shoot height,29,cm
B23-SAV-025,outer,out.2,3,1,flowering shoot density,0,cnt
B23-SAV-025,outer,out.2,3,1,percent cover,35,%
B23-SAV-025,outer,out.2,3,1,percent macroalgae,0,%
B23-SAV-025,outer,out.2,3,1,shoot density,7,cnt
B23-SAV-025,outer,out.2,3,1,shoot height,72,cm
B23-SAV-025,outer,out.2,3,2,shoot height,61,cm
B23-SAV-025,outer,out.2,3,3,shoot height,89,cm
B23-SAV-025,outer,out.2,3,4,shoot height,75,cm
B23-SAV-025,outer,out.2,3,5,shoot height,68,cm
B23-SAV-025,outer,out.3,3,1,flowering shoot density,0,cnt
B23-SAV-025,outer,out.3,3,1,percent cover,15,%
B23-SAV-025,outer,out.3,3,1,percent macroalgae,0,%
B23-SAV-025,outer,out.3,3,1,shoot density,2,cnt
B23-SAV-025,outer,out.3,3,1,shoot height,69,cm
B23-SAV-025,outer,out.3,3,2,shoot height,41,cm
B23-SAV-025,outer,out.3,3,3,shoot height,-88,cm
B23-SAV-025,outer,out.3,3,4,shoot height,-88,cm
B23-SAV-025,outer,out.3,3,5,shoot height,-88,cm
B23-SAV-026,cross,cross.1,2,1,flowering shoot density,0,cnt
B23-SAV-026,cross,cross.1,2,1,percent cover,10,%
B23-SAV-026,cross,cross.1,2,1,percent macroalgae,15,%
B23-SAV-026,cross,cross.1,2,1,shoot density,20,cnt
B23-SAV-026,cross,cross.1,2,1,shoot height,37,cm
B23-SAV-026,cross,cross.1,2,2,shoot height,31,cm
B23-SAV-026,cross,cross.1,2,3,shoot height,18,cm
B23-SAV-026,cross,cross.1,2,4,shoot height,48,cm
B23-SAV-026,cross,cross.1,2,5,shoot height,44,cm
B23-SAV-026,cross,cross.2,2,1,flowering shoot density,0,cnt
B23-SAV-026,cross,cross.2,2,1,percent cover,20,%
B23-SAV-026,cross,cross.2,2,1,percent macroalgae,0,%
B23-SAV-026,cross,cross.2,2,1,shoot density,23,cnt
B23-SAV-026,cross,cross.2,2,1,shoot height,25,cm
B23-SAV-026,cross,cross.2,2,2,shoot height,21,cm
B23-SAV-026,cross,cross.2,2,3,shoot height,27,cm
B23-SAV-026,cross,cross.2,2,4,shoot height,43,cm
B23-SAV-026,cross,cross.2,2,5,shoot height,46,cm
B23-SAV-026,mid,mid.1,5,1,flowering shoot density,0,cnt
B23-SAV-026,mid,mid.1,5,1,percent cover,30,%
B23-SAV-026,mid,mid.1,5,1,percent macroalgae,0,%
B23-SAV-026,mid,mid.1,5,1,shoot density,22,cnt
B23-SAV-026,mid,mid.1,5,1,shoot height,33,cm
B23-SAV-026,mid,mid.1,5,2,shoot height,52,cm
B23-SAV-026,mid,mid.1,5,3,shoot height,39,cm
B23-SAV-026,mid,mid.1,5,4,shoot height,12,cm
B23-SAV-026,mid,mid.1,5,5,shoot height,18,cm
B23-SAV-026,mid,mid.2,5,1,flowering shoot density,0,cnt
B23-SAV-026,mid,mid.2,5,1,percent cover,15,%
B23-SAV-026,mid,mid.2,5,1,percent macroalgae,2,%
B23-SAV-026,mid,mid.2,5,1,shoot density,13,cnt
B23-SAV-026,mid,mid.2,5,1,shoot height,21,cm
B23-SAV-026,mid,mid.2,5,2,shoot height,23,cm
B23-SAV-026,mid,mid.2,5,3,shoot height,35,cm
B23-SAV-026,mid,mid.2,5,4,shoot height,18,cm
B23-SAV-026,mid,mid.2,5,5,shoot height,26,cm
B23-SAV-026,mid,mid.3,5,1,flowering shoot density,0,cnt
B23-SAV-026,mid,mid.3,5,1,percent cover,35,%
B23-SAV-026,mid,mid.3,5,1,percent macroalgae,2,%
B23-SAV-026,mid,mid.3,5,1,shoot density,15,cnt
B23-SAV-026,mid,mid.3,5,1,shoot height,22,cm
B23-SAV-026,mid,mid.3,5,2,shoot height,27,cm
B23-SAV-026,mid,mid.3,5,3,shoot height,35,cm
B23-SAV-026,mid,mid.3,5,4,shoot height,41,cm
B23-SAV-026,mid,mid.3,5,5,shoot height,39,cm
B23-SAV-026,mid,mid.4,5,1,flowering shoot density,0,cnt
B23-SAV-026,mid,mid.4,5,1,percent cover,40,%
B23-SAV-026,mid,mid.4,5,1,percent macroalgae,0,%
B23-SAV-026,mid,mid.4,5,1,shoot density,29,cnt
B23-SAV-026,mid,mid.4,5,1,shoot height,60,cm
B23-SAV-026,mid,mid.4,5,2,shoot height,45,cm
B23-SAV-026,mid,mid.4,5,3,shoot height,48,cm
B23-SAV-026,mid,mid.4,5,4,shoot height,53,cm
B23-SAV-026,mid,mid.4,5,5,shoot height,39,cm
B23-SAV-026,mid,mid.5,5,1,flowering shoot density,0,cnt
B23-SAV-026,mid,mid.5,5,1,percent cover,25,%
B23-SAV-026,mid,mid.5,5,1,percent macroalgae,0,%
B23-SAV-026,mid,mid.5,5,1,shoot density,29,cnt
B23-SAV-026,mid,mid.5,5,1,shoot height,50,cm
B23-SAV-026,mid,mid.5,5,2,shoot height,48,cm
B23-SAV-026,mid,mid.5,5,3,shoot height,31,cm
B23-SAV-026,mid,mid.5,5,4,shoot height,47,cm
B23-SAV-026,mid,mid.5,5,5,shoot height,44,cm
B23-SAV-026,outer,out.1,3,1,flowering shoot density,0,cnt
B23-SAV-026,outer,out.1,3,1,percent cover,20,%
B23-SAV-026,outer,out.1,3,1,percent macroalgae,0,%
B23-SAV-026,outer,out.1,3,1,shoot density,25,cnt
B23-SAV-026,outer,out.1,3,1,shoot height,11,cm
B23-SAV-026,outer,out.1,3,2,shoot height,32,cm
B23-SAV-026,outer,out.1,3,3,shoot height,24,cm
B23-SAV-026,outer,out.1,3,4,shoot height,36,cm
B23-SAV-026,outer,out.1,3,5,shoot height,11,cm
B23-SAV-026,outer,out.2,3,1,flowering shoot density,0,cnt
B23-SAV-026,outer,out.2,3,1,percent cover,20,%
B23-SAV-026,outer,out.2,3,1,percent macroalgae,5,%
B23-SAV-026,outer,out.2,3,1,shoot density,25,cnt
B23-SAV-026,outer,out.2,3,1,shoot height,13,cm
B23-SAV-026,outer,out.2,3,2,shoot height,16,cm
B23-SAV-026,outer,out.2,3,3,shoot height,17,cm
B23-SAV-026,outer,out.2,3,4,shoot height,23,cm
B23-SAV-026,outer,out.2,3,5,shoot height,25,cm
B23-SAV-026,outer,out.3,3,1,flowering shoot density,0,cnt
B23-SAV-026,outer,out.3,3,1,percent cover,60,%
B23-SAV-026,outer,out.3,3,1,percent macroalgae,5,%
B23-SAV-026,outer,out.3,3,1,shoot density,43,cnt
B23-SAV-026,outer,out.3,3,1,shoot height,30,cm
B23-SAV-026,outer,out.3,3,2,shoot height,26,cm
B23-SAV-026,outer,out.3,3,3,shoot height,28,cm
B23-SAV-026,outer,out.3,3,4,shoot height,41,cm
B23-SAV-026,outer,out.3,3,5,shoot height,73,cm
B23-SAV-027,cross,cross.1,2,1,flowering shoot density,0,cnt
B23-SAV-027,cross,cross.1,2,1,percent cover,18,%
B23-SAV-027,cross,cross.1,2,1,percent macroalgae,10,%
B23-SAV-027,cross,cross.1,2,1,shoot density,25,cnt
B23-SAV-027,cross,cross.1,2,1,shoot height,15,cm
B23-SAV-027,cross,cross.1,2,2,shoot height,23,cm
B23-SAV-027,cross,cross.1,2,3,shoot height,26,cm
B23-SAV-027,cross,cross.1,2,4,shoot height,28,cm
B23-SAV-027,cross,cross.1,2,5,shoot height,31,cm
B23-SAV-027,cross,cross.2,2,1,flowering shoot density,0,cnt
B23-SAV-027,cross,cross.2,2,1,percent cover,25,%
B23-SAV-027,cross,cross.2,2,1,percent macroalgae,20,%
B23-SAV-027,cross,cross.2,2,1,shoot density,60,cnt
B23-SAV-027,cross,cross.2,2,1,shoot height,28,cm
B23-SAV-027,cross,cross.2,2,2,shoot height,25,cm
B23-SAV-027,cross,cross.2,2,3,shoot height,15,cm
B23-SAV-027,cross,cross.2,2,4,shoot height,11,cm
B23-SAV-027,cross,cross.2,2,5,shoot height,18,cm
B23-SAV-027,inner,in.1,3,1,flowering shoot density,0,cnt
B23-SAV-027,inner,in.1,3,1,percent cover,60,%
B23-SAV-027,inner,in.1,3,1,percent macroalgae,10,%
B23-SAV-027,inner,in.1,3,1,shoot density,61,cnt
B23-SAV-027,inner,in.1,3,1,shoot height,30,cm
B23-SAV-027,inner,in.1,3,2,shoot height,25,cm
B23-SAV-027,inner,in.1,3,3,shoot height,14,cm
B23-SAV-027,inner,in.1,3,4,shoot height,26,cm
B23-SAV-027,inner,in.1,3,5,shoot height,32,cm
B23-SAV-027,inner,in.2,3,1,flowering shoot density,0,cnt
B23-SAV-027,inner,in.2,3,1,percent cover,75,%
B23-SAV-027,inner,in.2,3,1,percent macroalgae,0,%
B23-SAV-027,inner,in.2,3,1,shoot density,73,cnt
B23-SAV-027,inner,in.2,3,1,shoot height,40,cm
B23-SAV-027,inner,in.2,3,2,shoot height,37,cm
B23-SAV-027,inner,in.2,3,3,shoot height,28,cm
B23-SAV-027,inner,in.2,3,4,shoot height,33,cm
B23-SAV-027,inner,in.2,3,5,shoot height,29,cm
B23-SAV-027,inner,in.3,3,1,flowering shoot density,0,cnt
B23-SAV-027,inner,in.3,3,1,percent cover,70,%
B23-SAV-027,inner,in.3,3,1,percent macroalgae,30,%
B23-SAV-027,inner,in.3,3,1,shoot density,76,cnt
B23-SAV-027,inner,in.3,3,1,shoot height,24,cm
B23-SAV-027,inner,in.3,3,2,shoot height,23,cm
B23-SAV-027,inner,in.3,3,3,shoot height,25,cm
B23-SAV-027,inner,in.3,3,4,shoot height,28,cm
B23-SAV-027,inner,in.3,3,5,shoot height,21,cm
B23-SAV-027,mid,mid.1,5,1,flowering shoot density,0,cnt
B23-SAV-027,mid,mid.1,5,1,percent cover,15,%
B23-SAV-027,mid,mid.1,5,1,percent macroalgae,0,%
B23-SAV-027,mid,mid.1,5,1,shoot density,36,cnt
B23-SAV-027,mid,mid.1,5,1,shoot height,32,cm
B23-SAV-027,mid,mid.1,5,2,shoot height,29,cm
B23-SAV-027,mid,mid.1,5,3,shoot height,22,cm
B23-SAV-027,mid,mid.1,5,4,shoot height,22,cm
B23-SAV-027,mid,mid.1,5,5,shoot height,36,cm
B23-SAV-027,mid,mid.2,5,1,flowering shoot density,0,cnt
B23-SAV-027,mid,mid.2,5,1,percent cover,75,%
B23-SAV-027,mid,mid.2,5,1,percent macroalgae,0,%
B23-SAV-027,mid,mid.2,5,1,shoot density,61,cnt
B23-SAV-027,mid,mid.2,5,1,shoot height,43,cm
B23-SAV-027,mid,mid.2,5,2,shoot height,31,cm
B23-SAV-027,mid,mid.2,5,3,shoot height,37,cm
B23-SAV-027,mid,mid.2,5,4,shoot height,31,cm
B23-SAV-027,mid,mid.2,5,5,shoot height,42,cm
B23-SAV-027,mid,mid.3,5,1,flowering shoot density,0,cnt
B23-SAV-027,mid,mid.3,5,1,percent cover,15,%
B23-SAV-027,mid,mid.3,5,1,percent macroalgae,0,%
B23-SAV-027,mid,mid.3,5,1,shoot density,72,cnt
B23-SAV-027,mid,mid.3,5,1,shoot height,20,cm
B23-SAV-027,mid,mid.3,5,2,shoot height,22,cm
B23-SAV-027,mid,mid.3,5,3,shoot height,15,cm
B23-SAV-027,mid,mid.3,5,4,shoot height,24,cm
B23-SAV-027,mid,mid.3,5,5,shoot height,20,cm
B23-SAV-027,mid,mid.4,5,1,flowering shoot density,0,cnt
B23-SAV-027,mid,mid.4,5,1,percent cover,30,%
B23-SAV-027,mid,mid.4,5,1,percent macroalgae,0,%
B23-SAV-027,mid,mid.4,5,1,shoot density,36,cnt
B23-SAV-027,mid,mid.4,5,1,shoot height,27,cm
B23-SAV-027,mid,mid.4,5,2,shoot height,35,cm
B23-SAV-027,mid,mid.4,5,3,shoot height,35,cm
B23-SAV-027,mid,mid.4,5,4,shoot height,20,cm
B23-SAV-027,mid,mid.4,5,5,shoot height,34,cm
B23-SAV-027,mid,mid.5,5,1,flowering shoot density,0,cnt
B23-SAV-027,mid,mid.5,5,1,percent cover,1,%
B23-SAV-027,mid,mid.5,5,1,percent macroalgae,0,%
B23-SAV-027,mid,mid.5,5,1,shoot density,8,cnt
B23-SAV-027,mid,mid.5,5,1,shoot height,22,cm
B23-SAV-027,mid,mid.5,5,2,shoot height,30,cm
B23-SAV-027,mid,mid.5,5,3,shoot height,21,cm
B23-SAV-027,mid,mid.5,5,4,shoot height,29,cm
B23-SAV-027,mid,mid.5,5,5,shoot height,25,cm
B23-SAV-027,outer,out.1,3,1,flowering shoot density,0,cnt
B23-SAV-027,outer,out.1,3,1,percent cover,0,%
B23-SAV-027,outer,out.1,3,1,percent macroalgae,0,%
B23-SAV-027,outer,out.1,3,1,shoot density,0,cnt
B23-SAV-027,outer,out.1,3,1,shoot height,-88,cm
B23-SAV-027,outer,out.1,3,2,shoot height,-88,cm
B23-SAV-027,outer,out.1,3,3,shoot height,-88,cm
B23-SAV-027,outer,out.1,3,4,shoot height,-88,cm
B23-SAV-027,outer,out.1,3,5,shoot height,-88,cm
B23-SAV-027,outer,out.2,3,1,flowering shoot density,0,cnt
B23-SAV-027,outer,out.2,3,1,percent cover,13,%
B23-SAV-027,outer,out.2,3,1,percent macroalgae,80,%
B23-SAV-027,outer,out.2,3,1,shoot density,20,cnt
B23-SAV-027,outer,out.2,3,1,shoot height,18,cm
B23-SAV-027,outer,out.2,3,2,shoot height,20,cm
B23-SAV-027,outer,out.2,3,3,shoot height,23,cm
B23-SAV-027,outer,out.2,3,4,shoot height,24,cm
B23-SAV-027,outer,out.2,3,5,shoot height,31,cm
B23-SAV-027,outer,out.3,3,1,flowering shoot density,0,cnt
B23-SAV-027,outer,out.3,3,1,percent cover,15,%
B23-SAV-027,outer,out.3,3,1,percent macroalgae,6,%
B23-SAV-027,outer,out.3,3,1,shoot density,18,cnt
B23-SAV-027,outer,out.3,3,1,shoot height,10,cm
B23-SAV-027,outer,out.3,3,2,shoot height,13,cm
B23-SAV-027,outer,out.3,3,3,shoot height,16,cm
B23-SAV-027,outer,out.3,3,4,shoot height,16,cm
B23-SAV-027,outer,out.3,3,5,shoot height,29,cm
B23-SAV-029,cross,cross.1,2,1,flowering shoot density,0,cnt
B23-SAV-029,cross,cross.1,2,1,percent cover,10,%
B23-SAV-029,cross,cross.1,2,1,percent macroalgae,0,%
B23-SAV-029,cross,cross.1,2,1,shoot density,23,cnt
B23-SAV-029,cross,cross.1,2,1,shoot height,38,cm
B23-SAV-029,cross,cross.1,2,2,shoot height,11,cm
B23-SAV-029,cross,cross.1,2,3,shoot height,37,cm
B23-SAV-029,cross,cross.1,2,4,shoot height,19,cm
B23-SAV-029,cross,cross.1,2,5,shoot height,25,cm
B23-SAV-029,cross,cross.2,2,1,flowering shoot density,0,cnt
B23-SAV-029,cross,cross.2,2,1,percent cover,5,%
B23-SAV-029,cross,cross.2,2,1,percent macroalgae,2,%
B23-SAV-029,cross,cross.2,2,1,shoot density,9,cnt
B23-SAV-029,cross,cross.2,2,1,shoot height,33,cm
B23-SAV-029,cross,cross.2,2,2,shoot height,22,cm
B23-SAV-029,cross,cross.2,2,3,shoot height,16,cm
B23-SAV-029,cross,cross.2,2,4,shoot height,18,cm
B23-SAV-029,cross,cross.2,2,5,shoot height,39,cm
B23-SAV-029,inner,in.1,3,1,flowering shoot density,0,cnt
B23-SAV-029,inner,in.1,3,1,percent cover,15,%
B23-SAV-029,inner,in.1,3,1,percent macroalgae,0,%
B23-SAV-029,inner,in.1,3,1,shoot density,27,cnt
B23-SAV-029,inner,in.1,3,1,shoot height,27,cm
B23-SAV-029,inner,in.1,3,2,shoot height,42,cm
B23-SAV-029,inner,in.1,3,3,shoot height,16,cm
B23-SAV-029,inner,in.1,3,4,shoot height,36,cm
B23-SAV-029,inner,in.1,3,5,shoot height,31,cm
B23-SAV-029,inner,in.2,3,1,flowering shoot density,0,cnt
B23-SAV-029,inner,in.2,3,1,percent cover,15,%
B23-SAV-029,inner,in.2,3,1,percent macroalgae,0,%
B23-SAV-029,inner,in.2,3,1,shoot density,19,cnt
B23-SAV-029,inner,in.2,3,1,shoot height,49,cm
B23-SAV-029,inner,in.2,3,2,shoot height,48,cm
B23-SAV-029,inner,in.2,3,3,shoot height,35,cm
B23-SAV-029,inner,in.2,3,4,shoot height,12,cm
B23-SAV-029,inner,in.2,3,5,shoot height,24,cm
B23-SAV-029,inner,in.3,3,1,flowering shoot density,0,cnt
B23-SAV-029,inner,in.3,3,1,percent cover,5,%
B23-SAV-029,inner,in.3,3,1,percent macroalgae,0,%
B23-SAV-029,inner,in.3,3,1,shoot density,58,cnt
B23-SAV-029,inner,in.3,3,1,shoot height,27,cm
B23-SAV-029,inner,in.3,3,2,shoot height,48,cm
B23-SAV-029,inner,in.3,3,3,shoot height,51,cm
B23-SAV-029,inner,in.3,3,4,shoot height,14,cm
B23-SAV-029,inner,in.3,3,5,shoot height,43,cm
B23-SAV-029,mid,mid.1,5,1,flowering shoot density,0,cnt
B23-SAV-029,mid,mid.1,5,1,percent cover,90,%
B23-SAV-029,mid,mid.1,5,1,percent macroalgae,10,%
B23-SAV-029,mid,mid.1,5,1,shoot density,30,cnt
B23-SAV-029,mid,mid.1,5,1,shoot height,26,cm
B23-SAV-029,mid,mid.1,5,2,shoot height,30,cm
B23-SAV-029,mid,mid.1,5,3,shoot height,62,cm
B23-SAV-029,mid,mid.1,5,4,shoot height,53,cm
B23-SAV-029,mid,mid.1,5,5,shoot height,62,cm
B23-SAV-029,mid,mid.2,5,1,flowering shoot density,0,cnt
B23-SAV-029,mid,mid.2,5,1,percent cover,80,%
B23-SAV-029,mid,mid.2,5,1,percent macroalgae,5,%
B23-SAV-029,mid,mid.2,5,1,shoot density,23,cnt
B23-SAV-029,mid,mid.2,5,1,shoot height,35,cm
B23-SAV-029,mid,mid.2,5,2,shoot height,42,cm
B23-SAV-029,mid,mid.2,5,3,shoot height,45,cm
B23-SAV-029,mid,mid.2,5,4,shoot height,17,cm
B23-SAV-029,mid,mid.2,5,5,shoot height,16,cm
B23-SAV-029,mid,mid.3,5,1,flowering shoot density,0,cnt
B23-SAV-029,mid,mid.3,5,1,percent cover,10,%
B23-SAV-029,mid,mid.3,5,1,percent macroalgae,1,%
B23-SAV-029,mid,mid.3,5,1,shoot density,9,cnt
B23-SAV-029,mid,mid.3,5,1,shoot height,20,cm
B23-SAV-029,mid,mid.3,5,2,shoot height,27,cm
B23-SAV-029,mid,mid.3,5,3,shoot height,13,cm
B23-SAV-029,mid,mid.3,5,4,shoot height,39,cm
B23-SAV-029,mid,mid.3,5,5,shoot height,19,cm
B23-SAV-029,mid,mid.4,5,1,flowering shoot density,0,cnt
B23-SAV-029,mid,mid.4,5,1,percent cover,10,%
B23-SAV-029,mid,mid.4,5,1,percent macroalgae,3,%
B23-SAV-029,mid,mid.4,5,1,shoot density,8,cnt
B23-SAV-029,mid,mid.4,5,1,shoot height,48,cm
B23-SAV-029,mid,mid.4,5,2,shoot height,25,cm
B23-SAV-029,mid,mid.4,5,3,shoot height,28,cm
B23-SAV-029,mid,mid.4,5,4,shoot height,42,cm
B23-SAV-029,mid,mid.4,5,5,shoot height,23,cm
B23-SAV-029,mid,mid.5,5,1,flowering shoot density,0,cnt
B23-SAV-029,mid,mid.5,5,1,percent cover,30,%
B23-SAV-029,mid,mid.5,5,1,percent macroalgae,1,%
B23-SAV-029,mid,mid.5,5,1,shoot density,32,cnt
B23-SAV-029,mid,mid.5,5,1,shoot height,31,cm
B23-SAV-029,mid,mid.5,5,2,shoot height,24,cm
B23-SAV-029,mid,mid.5,5,3,shoot height,37,cm
B23-SAV-029,mid,mid.5,5,4,shoot height,20,cm
B23-SAV-029,mid,mid.5,5,5,shoot height,32,cm
B23-SAV-029,outer,out.1,3,1,flowering shoot density,0,cnt
B23-SAV-029,outer,out.1,3,1,percent cover,18,%
B23-SAV-029,outer,out.1,3,1,percent macroalgae,5,%
B23-SAV-029,outer,out.1,3,1,shoot density,18,cnt
B23-SAV-029,outer,out.1,3,1,shoot height,55,cm
B23-SAV-029,outer,out.1,3,2,shoot height,22,cm
B23-SAV-029,outer,out.1,3,3,shoot height,16,cm
B23-SAV-029,outer,out.1,3,4,shoot height,27,cm
B23-SAV-029,outer,out.1,3,5,shoot height,20,cm
B23-SAV-029,outer,out.2,3,1,flowering shoot density,0,cnt
B23-SAV-029,outer,out.2,3,1,percent cover,20,%
B23-SAV-029,outer,out.2,3,1,percent macroalgae,0,%
B23-SAV-029,outer,out.2,3,1,shoot density,14,cnt
B23-SAV-029,outer,out.2,3,1,shoot height,16,cm
B23-SAV-029,outer,out.2,3,2,shoot height,17,cm
B23-SAV-029,outer,out.2,3,3,shoot height,17,cm
B23-SAV-029,outer,out.2,3,4,shoot height,27,cm
B23-SAV-029,outer,out.2,3,5,shoot height,18,cm
B23-SAV-029,outer,out.3,3,1,flowering shoot density,0,cnt
B23-SAV-029,outer,out.3,3,1,percent cover,45,%
B23-SAV-029,outer,out.3,3,1,percent macroalgae,8,%
B23-SAV-029,outer,out.3,3,1,shoot density,42,cnt
B23-SAV-029,outer,out.3,3,1,shoot height,38,cm
B23-SAV-029,outer,out.3,3,2,shoot height,63,cm
B23-SAV-029,outer,out.3,3,3,shoot height,22,cm
B23-SAV-029,outer,out.3,3,4,shoot height,61,cm
B23-SAV-029,outer,out.3,3,5,shoot height,55,cm
B23-SAV-030,cross,cross.1,2,1,flowering shoot density,0,cnt
B23-SAV-030,cross,cross.1,2,1,percent cover,-88,%
B23-SAV-030,cross,cross.1,2,1,percent macroalgae,0,%
B23-SAV-030,cross,cross.1,2,1,shoot density,48,cnt
B23-SAV-030,cross,cross.1,2,1,shoot height,27,cm
B23-SAV-030,cross,cross.1,2,2,shoot height,31,cm
B23-SAV-030,cross,cross.1,2,3,shoot height,37,cm
B23-SAV-030,cross,cross.1,2,4,shoot height,24,cm
B23-SAV-030,cross,cross.1,2,5,shoot height,24,cm
B23-SAV-030,cross,cross.2,2,1,flowering shoot density,0,cnt
B23-SAV-030,cross,cross.2,2,1,percent cover,20,%
B23-SAV-030,cross,cross.2,2,1,percent macroalgae,0,%
B23-SAV-030,cross,cross.2,2,1,shoot density,11,cnt
B23-SAV-030,cross,cross.2,2,1,shoot height,40,cm
B23-SAV-030,cross,cross.2,2,2,shoot height,37,cm
B23-SAV-030,cross,cross.2,2,3,shoot height,24,cm
B23-SAV-030,cross,cross.2,2,4,shoot height,29,cm
B23-SAV-030,cross,cross.2,2,5,shoot height,44,cm
B23-SAV-030,inner,in.1,3,1,flowering shoot density,0,cnt
B23-SAV-030,inner,in.1,3,1,percent cover,-88,%
B23-SAV-030,inner,in.1,3,1,percent macroalgae,0,%
B23-SAV-030,inner,in.1,3,1,shoot density,26,cnt
B23-SAV-030,inner,in.1,3,1,shoot height,18,cm
B23-SAV-030,inner,in.1,3,2,shoot height,41,cm
B23-SAV-030,inner,in.1,3,3,shoot height,50,cm
B23-SAV-030,inner,in.1,3,4,shoot height,45,cm
B23-SAV-030,inner,in.1,3,5,shoot height,31,cm
B23-SAV-030,inner,in.2,3,1,flowering shoot density,0,cnt
B23-SAV-030,inner,in.2,3,1,percent cover,-88,%
B23-SAV-030,inner,in.2,3,1,percent macroalgae,0,%
B23-SAV-030,inner,in.2,3,1,shoot density,56,cnt
B23-SAV-030,inner,in.2,3,1,shoot height,38,cm
B23-SAV-030,inner,in.2,3,2,shoot height,32,cm
B23-SAV-030,inner,in.2,3,3,shoot height,26,cm
B23-SAV-030,inner,in.2,3,4,shoot height,37,cm
B23-SAV-030,inner,in.2,3,5,shoot height,32,cm
B23-SAV-030,inner,in.3,3,1,flowering shoot density,0,cnt
B23-SAV-030,inner,in.3,3,1,percent cover,-88,%
B23-SAV-030,inner,in.3,3,1,percent macroalgae,0,%
B23-SAV-030,inner,in.3,3,1,shoot density,49,cnt
B23-SAV-030,inner,in.3,3,1,shoot height,44,cm
B23-SAV-030,inner,in.3,3,2,shoot height,29,cm
B23-SAV-030,inner,in.3,3,3,shoot height,26,cm
B23-SAV-030,inner,in.3,3,4,shoot height,44,cm
B23-SAV-030,inner,in.3,3,5,shoot height,30,cm
B23-SAV-030,mid,mid.1,5,1,flowering shoot density,0,cnt
B23-SAV-030,mid,mid.1,5,1,percent cover,-88,%
B23-SAV-030,mid,mid.1,5,1,percent macroalgae,0,%
B23-SAV-030,mid,mid.1,5,1,shoot density,18,cnt
B23-SAV-030,mid,mid.1,5,1,shoot height,17,cm
B23-SAV-030,mid,mid.1,5,2,shoot height,23,cm
B23-SAV-030,mid,mid.1,5,3,shoot height,31,cm
B23-SAV-030,mid,mid.1,5,4,shoot height,24,cm
B23-SAV-030,mid,mid.1,5,5,shoot height,26,cm
B23-SAV-030,mid,mid.2,5,1,flowering shoot density,0,cnt
B23-SAV-030,mid,mid.2,5,1,percent cover,-88,%
B23-SAV-030,mid,mid.2,5,1,percent macroalgae,0,%
B23-SAV-030,mid,mid.2,5,1,shoot density,43,cnt
B23-SAV-030,mid,mid.2,5,1,shoot height,45,cm
B23-SAV-030,mid,mid.2,5,2,shoot height,50,cm
B23-SAV-030,mid,mid.2,5,3,shoot height,27,cm
B23-SAV-030,mid,mid.2,5,4,shoot height,31,cm
B23-SAV-030,mid,mid.2,5,5,shoot height,44,cm
B23-SAV-030,mid,mid.3,5,1,flowering shoot density,0,cnt
B23-SAV-030,mid,mid.3,5,1,percent cover,-88,%
B23-SAV-030,mid,mid.3,5,1,percent macroalgae,0,%
B23-SAV-030,mid,mid.3,5,1,shoot density,26,cnt
B23-SAV-030,mid,mid.3,5,1,shoot height,33,cm
B23-SAV-030,mid,mid.3,5,2,shoot height,37,cm
B23-SAV-030,mid,mid.3,5,3,shoot height,33,cm
B23-SAV-030,mid,mid.3,5,4,shoot height,39,cm
B23-SAV-030,mid,mid.3,5,5,shoot height,29,cm
B23-SAV-030,mid,mid.4,5,1,flowering shoot density,0,cnt
B23-SAV-030,mid,mid.4,5,1,percent cover,-88,%
B23-SAV-030,mid,mid.4,5,1,percent macroalgae,0,%
B23-SAV-030,mid,mid.4,5,1,shoot density,38,cnt
B23-SAV-030,mid,mid.4,5,1,shoot height,42,cm
B23-SAV-030,mid,mid.4,5,2,shoot height,35,cm
B23-SAV-030,mid,mid.4,5,3,shoot height,45,cm
B23-SAV-030,mid,mid.4,5,4,shoot height,49,cm
B23-SAV-030,mid,mid.4,5,5,shoot height,50,cm
B23-SAV-030,mid,mid.5,5,1,flowering shoot density,0,cnt
B23-SAV-030,mid,mid.5,5,1,percent cover,-88,%
B23-SAV-030,mid,mid.5,5,1,percent macroalgae,0,%
B23-SAV-030,mid,mid.5,5,1,shoot density,35,cnt
B23-SAV-030,mid,mid.5,5,1,shoot height,22,cm
B23-SAV-030,mid,mid.5,5,2,shoot height,28,cm
B23-SAV-030,mid,mid.5,5,3,shoot height,24,cm
B23-SAV-030,mid,mid.5,5,4,shoot height,30,cm
B23-SAV-030,mid,mid.5,5,5,shoot height,35,cm
B23-SAV-030,outer,out.1,3,1,flowering shoot density,0,cnt
B23-SAV-030,outer,out.1,3,1,percent cover,10,%
B23-SAV-030,outer,out.1,3,1,percent macroalgae,2,%
B23-SAV-030,outer,out.1,3,1,shoot density,9,cnt
B23-SAV-030,outer,out.1,3,1,shoot height,44,cm
B23-SAV-030,outer,out.1,3,2,shoot height,27,cm
B23-SAV-030,outer,out.1,3,3,shoot height,30,cm
B23-SAV-030,outer,out.1,3,4,shoot height,43,cm
B23-SAV-030,outer,out.1,3,5,shoot height,24,cm
B23-SAV-030,outer,out.2,3,1,flowering shoot density,0,cnt
B23-SAV-030,outer,out.2,3,1,percent cover,12,%
B23-SAV-030,outer,out.2,3,1,percent macroalgae,2,%
B23-SAV-030,outer,out.2,3,1,shoot density,10,cnt
B23-SAV-030,outer,out.2,3,1,shoot height,52,cm
B23-SAV-030,outer,out.2,3,2,shoot height,32,cm
B23-SAV-030,outer,out.2,3,3,shoot height,31,cm
B23-SAV-030,outer,out.2,3,4,shoot height,18,cm
B23-SAV-030,outer,out.2,3,5,shoot height,43,cm
B23-SAV-030,outer,out.3,3,1,flowering shoot density,0,cnt
B23-SAV-030,outer,out.3,3,1,percent cover,35,%
B23-SAV-030,outer,out.3,3,1,percent macroalgae,0,%
B23-SAV-030,outer,out.3,3,1,shoot density,26,cnt
B23-SAV-030,outer,out.3,3,1,shoot height,32,cm
B23-SAV-030,outer,out.3,3,2,shoot height,45,cm
B23-SAV-030,outer,out.3,3,3,shoot height,42,cm
B23-SAV-030,outer,out.3,3,4,shoot height,31,cm
B23-SAV-030,outer,out.3,3,5,shoot height,31,cm
B23-SAV-031,cross,cross.1,2,1,flowering shoot density,0,cnt
B23-SAV-031,cross,cross.1,2,1,percent cover,10,%
B23-SAV-031,cross,cross.1,2,1,percent macroalgae,90,%
B23-SAV-031,cross,cross.1,2,1,shoot density,16,cnt
B23-SAV-031,cross,cross.1,2,1,shoot height,38,cm
B23-SAV-031,cross,cross.1,2,2,shoot height,44,cm
B23-SAV-031,cross,cross.1,2,3,shoot height,27,cm
B23-SAV-031,cross,cross.1,2,4,shoot height,31,cm
B23-SAV-031,cross,cross.1,2,5,shoot height,14,cm
B23-SAV-031,cross,cross.2,2,1,flowering shoot density,0,cnt
B23-SAV-031,cross,cross.2,2,1,percent cover,80,%
B23-SAV-031,cross,cross.2,2,1,percent macroalgae,20,%
B23-SAV-031,cross,cross.2,2,1,shoot density,42,cnt
B23-SAV-031,cross,cross.2,2,1,shoot height,52,cm
B23-SAV-031,cross,cross.2,2,2,shoot height,39,cm
B23-SAV-031,cross,cross.2,2,3,shoot height,40,cm
B23-SAV-031,cross,cross.2,2,4,shoot height,25,cm
B23-SAV-031,cross,cross.2,2,5,shoot height,74,cm
B23-SAV-031,inner,in.1,3,1,flowering shoot density,0,cnt
B23-SAV-031,inner,in.1,3,1,percent cover,25,%
B23-SAV-031,inner,in.1,3,1,percent macroalgae,75,%
B23-SAV-031,inner,in.1,3,1,shoot density,32,cnt
B23-SAV-031,inner,in.1,3,1,shoot height,35,cm
B23-SAV-031,inner,in.1,3,2,shoot height,22,cm
B23-SAV-031,inner,in.1,3,3,shoot height,18,cm
B23-SAV-031,inner,in.1,3,4,shoot height,32,cm
B23-SAV-031,inner,in.1,3,5,shoot height,40,cm
B23-SAV-031,inner,in.2,3,1,flowering shoot density,0,cnt
B23-SAV-031,inner,in.2,3,1,percent cover,30,%
B23-SAV-031,inner,in.2,3,1,percent macroalgae,70,%
B23-SAV-031,inner,in.2,3,1,shoot density,27,cnt
B23-SAV-031,inner,in.2,3,1,shoot height,37,cm
B23-SAV-031,inner,in.2,3,2,shoot height,42,cm
B23-SAV-031,inner,in.2,3,3,shoot height,42,cm
B23-SAV-031,inner,in.2,3,4,shoot height,26,cm
B23-SAV-031,inner,in.2,3,5,shoot height,34,cm
B23-SAV-031,inner,in.3,3,1,flowering shoot density,0,cnt
B23-SAV-031,inner,in.3,3,1,percent cover,10,%
B23-SAV-031,inner,in.3,3,1,percent macroalgae,90,%
B23-SAV-031,inner,in.3,3,1,shoot density,9,cnt
B23-SAV-031,inner,in.3,3,1,shoot height,37,cm
B23-SAV-031,inner,in.3,3,2,shoot height,43,cm
B23-SAV-031,inner,in.3,3,3,shoot height,64,cm
B23-SAV-031,inner,in.3,3,4,shoot height,39,cm
B23-SAV-031,inner,in.3,3,5,shoot height,49,cm
B23-SAV-031,mid,mid.1,5,1,flowering shoot density,0,cnt
B23-SAV-031,mid,mid.1,5,1,percent cover,60,%
B23-SAV-031,mid,mid.1,5,1,percent macroalgae,40,%
B23-SAV-031,mid,mid.1,5,1,shoot density,35,cnt
B23-SAV-031,mid,mid.1,5,1,shoot height,54,cm
B23-SAV-031,mid,mid.1,5,2,shoot height,44,cm
B23-SAV-031,mid,mid.1,5,3,shoot height,26,cm
B23-SAV-031,mid,mid.1,5,4,shoot height,36,cm
B23-SAV-031,mid,mid.1,5,5,shoot height,34,cm
B23-SAV-031,mid,mid.2,5,1,flowering shoot density,0,cnt
B23-SAV-031,mid,mid.2,5,1,percent cover,50,%
B23-SAV-031,mid,mid.2,5,1,percent macroalgae,50,%
B23-SAV-031,mid,mid.2,5,1,shoot density,31,cnt
B23-SAV-031,mid,mid.2,5,1,shoot height,47,cm
B23-SAV-031,mid,mid.2,5,2,shoot height,48,cm
B23-SAV-031,mid,mid.2,5,3,shoot height,55,cm
B23-SAV-031,mid,mid.2,5,4,shoot height,57,cm
B23-SAV-031,mid,mid.2,5,5,shoot height,28,cm
B23-SAV-031,mid,mid.3,5,1,flowering shoot density,0,cnt
B23-SAV-031,mid,mid.3,5,1,percent cover,30,%
B23-SAV-031,mid,mid.3,5,1,percent macroalgae,35,%
B23-SAV-031,mid,mid.3,5,1,shoot density,21,cnt
B23-SAV-031,mid,mid.3,5,1,shoot height,36,cm
B23-SAV-031,mid,mid.3,5,2,shoot height,42,cm
B23-SAV-031,mid,mid.3,5,3,shoot height,26,cm
B23-SAV-031,mid,mid.3,5,4,shoot height,42,cm
B23-SAV-031,mid,mid.3,5,5,shoot height,41,cm
B23-SAV-031,mid,mid.4,5,1,flowering shoot density,0,cnt
B23-SAV-031,mid,mid.4,5,1,percent cover,70,%
B23-SAV-031,mid,mid.4,5,1,percent macroalgae,30,%
B23-SAV-031,mid,mid.4,5,1,shoot density,17,cnt
B23-SAV-031,mid,mid.4,5,1,shoot height,43,cm
B23-SAV-031,mid,mid.4,5,2,shoot height,42,cm
B23-SAV-031,mid,mid.4,5,3,shoot height,40,cm
B23-SAV-031,mid,mid.4,5,4,shoot height,34,cm
B23-SAV-031,mid,mid.4,5,5,shoot height,44,cm
B23-SAV-031,mid,mid.5,5,1,flowering shoot density,0,cnt
B23-SAV-031,mid,mid.5,5,1,percent cover,15,%
B23-SAV-031,mid,mid.5,5,1,percent macroalgae,85,%
B23-SAV-031,mid,mid.5,5,1,shoot density,27,cnt
B23-SAV-031,mid,mid.5,5,1,shoot height,33,cm
B23-SAV-031,mid,mid.5,5,2,shoot height,27,cm
B23-SAV-031,mid,mid.5,5,3,shoot height,23,cm
B23-SAV-031,mid,mid.5,5,4,shoot height,20,cm
B23-SAV-031,mid,mid.5,5,5,shoot height,23,cm
B23-SAV-031,outer,out.1,3,1,flowering shoot density,0,cnt
B23-SAV-031,outer,out.1,3,1,percent cover,50,%
B23-SAV-031,outer,out.1,3,1,percent macroalgae,45,%
B23-SAV-031,outer,out.1,3,1,shoot density,28,cnt
B23-SAV-031,outer,out.1,3,1,shoot height,37,cm
B23-SAV-031,outer,out.1,3,2,shoot height,26,cm
B23-SAV-031,outer,out.1,3,3,shoot height,32,cm
B23-SAV-031,outer,out.1,3,4,shoot height,29,cm
B23-SAV-031,outer,out.1,3,5,shoot height,41,cm
B23-SAV-031,outer,out.2,3,1,flowering shoot density,0,cnt
B23-SAV-031,outer,out.2,3,1,percent cover,40,%
B23-SAV-031,outer,out.2,3,1,percent macroalgae,55,%
B23-SAV-031,outer,out.2,3,1,shoot density,47,cnt
B23-SAV-031,outer,out.2,3,1,shoot height,46,cm
B23-SAV-031,outer,out.2,3,2,shoot height,22,cm
B23-SAV-031,outer,out.2,3,3,shoot height,31,cm
B23-SAV-031,outer,out.2,3,4,shoot height,18,cm
B23-SAV-031,outer,out.2,3,5,shoot height,36,cm
B23-SAV-031,outer,out.3,3,1,flowering shoot density,0,cnt
B23-SAV-031,outer,out.3,3,1,percent cover,90,%
B23-SAV-031,outer,out.3,3,1,percent macroalgae,5,%
B23-SAV-031,outer,out.3,3,1,shoot density,38,cnt
B23-SAV-031,outer,out.3,3,1,shoot height,38,cm
B23-SAV-031,outer,out.3,3,2,shoot height,45,cm
B23-SAV-031,outer,out.3,3,3,shoot height,38,cm
B23-SAV-031,outer,out.3,3,4,shoot height,31,cm
B23-SAV-031,outer,out.3,3,5,shoot height,49,cm
B23-SAV-032,cross,cross.1,2,1,flowering shoot density,6,cnt
B23-SAV-032,cross,cross.1,2,1,percent cover,5,%
B23-SAV-032,cross,cross.1,2,1,percent macroalgae,0,%
B23-SAV-032,cross,cross.1,2,1,shoot density,22,cnt
B23-SAV-032,cross,cross.1,2,1,shoot height,29,cm
B23-SAV-032,cross,cross.1,2,2,shoot height,34,cm
B23-SAV-032,cross,cross.1,2,3,shoot height,35,cm
B23-SAV-032,cross,cross.1,2,4,shoot height,42,cm
B23-SAV-032,cross,cross.1,2,5,shoot height,45,cm
B23-SAV-032,cross,cross.2,2,1,flowering shoot density,1,cnt
B23-SAV-032,cross,cross.2,2,1,percent cover,5,%
B23-SAV-032,cross,cross.2,2,1,percent macroalgae,0,%
B23-SAV-032,cross,cross.2,2,1,shoot density,27,cnt
B23-SAV-032,cross,cross.2,2,1,shoot height,14,cm
B23-SAV-032,cross,cross.2,2,2,shoot height,15,cm
B23-SAV-032,cross,cross.2,2,3,shoot height,15,cm
B23-SAV-032,cross,cross.2,2,4,shoot height,22,cm
B23-SAV-032,cross,cross.2,2,5,shoot height,33,cm
B23-SAV-032,inner,in.1,3,1,flowering shoot density,9,cnt
B23-SAV-032,inner,in.1,3,1,percent cover,10,%
B23-SAV-032,inner,in.1,3,1,percent macroalgae,0,%
B23-SAV-032,inner,in.1,3,1,shoot density,16,cnt
B23-SAV-032,inner,in.1,3,1,shoot height,43,cm
B23-SAV-032,inner,in.1,3,2,shoot height,21,cm
B23-SAV-032,inner,in.1,3,3,shoot height,12,cm
B23-SAV-032,inner,in.1,3,4,shoot height,26,cm
B23-SAV-032,inner,in.1,3,5,shoot height,15,cm
B23-SAV-032,inner,in.2,3,1,flowering shoot density,7,cnt
B23-SAV-032,inner,in.2,3,1,percent cover,15,%
B23-SAV-032,inner,in.2,3,1,percent macroalgae,0,%
B23-SAV-032,inner,in.2,3,1,shoot density,26,cnt
B23-SAV-032,inner,in.2,3,1,shoot height,38,cm
B23-SAV-032,inner,in.2,3,2,shoot height,35,cm
B23-SAV-032,inner,in.2,3,3,shoot height,23,cm
B23-SAV-032,inner,in.2,3,4,shoot height,29,cm
B23-SAV-032,inner,in.2,3,5,shoot height,44,cm
B23-SAV-032,inner,in.3,3,1,flowering shoot density,0,cnt
B23-SAV-032,inner,in.3,3,1,percent cover,40,%
B23-SAV-032,inner,in.3,3,1,percent macroalgae,0,%
B23-SAV-032,inner,in.3,3,1,shoot density,79,cnt
B23-SAV-032,inner,in.3,3,1,shoot height,17,cm
B23-SAV-032,inner,in.3,3,2,shoot height,48,cm
B23-SAV-032,inner,in.3,3,3,shoot height,31,cm
B23-SAV-032,inner,in.3,3,4,shoot height,63,cm
B23-SAV-032,inner,in.3,3,5,shoot height,59,cm
B23-SAV-032,mid,mid.1,5,1,flowering shoot density,3,cnt
B23-SAV-032,mid,mid.1,5,1,percent cover,15,%
B23-SAV-032,mid,mid.1,5,1,percent macroalgae,0,%
B23-SAV-032,mid,mid.1,5,1,shoot density,48,cnt
B23-SAV-032,mid,mid.1,5,1,shoot height,32,cm
B23-SAV-032,mid,mid.1,5,2,shoot height,37,cm
B23-SAV-032,mid,mid.1,5,3,shoot height,52,cm
B23-SAV-032,mid,mid.1,5,4,shoot height,56,cm
B23-SAV-032,mid,mid.1,5,5,shoot height,59,cm
B23-SAV-032,mid,mid.2,5,1,flowering shoot density,2,cnt
B23-SAV-032,mid,mid.2,5,1,percent cover,10,%
B23-SAV-032,mid,mid.2,5,1,percent macroalgae,0,%
B23-SAV-032,mid,mid.2,5,1,shoot density,32,cnt
B23-SAV-032,mid,mid.2,5,1,shoot height,14,cm
B23-SAV-032,mid,mid.2,5,2,shoot height,21,cm
B23-SAV-032,mid,mid.2,5,3,shoot height,28,cm
B23-SAV-032,mid,mid.2,5,4,shoot height,40,cm
B23-SAV-032,mid,mid.2,5,5,shoot height,57,cm
B23-SAV-032,mid,mid.3,5,1,flowering shoot density,1,cnt
B23-SAV-032,mid,mid.3,5,1,percent cover,5,%
B23-SAV-032,mid,mid.3,5,1,percent macroalgae,0,%
B23-SAV-032,mid,mid.3,5,1,shoot density,19,cnt
B23-SAV-032,mid,mid.3,5,1,shoot height,18,cm
B23-SAV-032,mid,mid.3,5,2,shoot height,20,cm
B23-SAV-032,mid,mid.3,5,3,shoot height,21,cm
B23-SAV-032,mid,mid.3,5,4,shoot height,36,cm
B23-SAV-032,mid,mid.3,5,5,shoot height,50,cm
B23-SAV-032,mid,mid.4,5,1,flowering shoot density,1,cnt
B23-SAV-032,mid,mid.4,5,1,percent cover,20,%
B23-SAV-032,mid,mid.4,5,1,percent macroalgae,0,%
B23-SAV-032,mid,mid.4,5,1,shoot density,59,cnt
B23-SAV-032,mid,mid.4,5,1,shoot height,23,cm
B23-SAV-032,mid,mid.4,5,2,shoot height,26,cm
B23-SAV-032,mid,mid.4,5,3,shoot height,27,cm
B23-SAV-032,mid,mid.4,5,4,shoot height,31,cm
B23-SAV-032,mid,mid.4,5,5,shoot height,48,cm
B23-SAV-032,mid,mid.5,5,1,flowering shoot density,1,cnt
B23-SAV-032,mid,mid.5,5,1,percent cover,20,%
B23-SAV-032,mid,mid.5,5,1,percent macroalgae,0,%
B23-SAV-032,mid,mid.5,5,1,shoot density,57,cnt
B23-SAV-032,mid,mid.5,5,1,shoot height,22,cm
B23-SAV-032,mid,mid.5,5,2,shoot height,29,cm
B23-SAV-032,mid,mid.5,5,3,shoot height,31,cm
B23-SAV-032,mid,mid.5,5,4,shoot height,35,cm
B23-SAV-032,mid,mid.5,5,5,shoot height,36,cm
B23-SAV-032,outer,out.1,3,1,flowering shoot density,6,cnt
B23-SAV-032,outer,out.1,3,1,percent cover,10,%
B23-SAV-032,outer,out.1,3,1,percent macroalgae,0,%
B23-SAV-032,outer,out.1,3,1,shoot density,35,cnt
B23-SAV-032,outer,out.1,3,1,shoot height,37,cm
B23-SAV-032,outer,out.1,3,2,shoot height,51,cm
B23-SAV-032,outer,out.1,3,3,shoot height,40,cm
B23-SAV-032,outer,out.1,3,4,shoot height,49,cm
B23-SAV-032,outer,out.1,3,5,shoot height,22,cm
B23-SAV-032,outer,out.2,3,1,flowering shoot density,3,cnt
B23-SAV-032,outer,out.2,3,1,percent cover,5,%
B23-SAV-032,outer,out.2,3,1,percent macroalgae,0,%
B23-SAV-032,outer,out.2,3,1,shoot density,17,cnt
B23-SAV-032,outer,out.2,3,1,shoot height,36,cm
B23-SAV-032,outer,out.2,3,2,shoot height,33,cm
B23-SAV-032,outer,out.2,3,3,shoot height,8,cm
B23-SAV-032,outer,out.2,3,4,shoot height,29,cm
B23-SAV-032,outer,out.2,3,5,shoot height,10,cm
B23-SAV-032,outer,out.3,3,1,flowering shoot density,4,cnt
B23-SAV-032,outer,out.3,3,1,percent cover,10,%
B23-SAV-032,outer,out.3,3,1,percent macroalgae,0,%
B23-SAV-032,outer,out.3,3,1,shoot density,49,cnt
B23-SAV-032,outer,out.3,3,1,shoot height,25,cm
B23-SAV-032,outer,out.3,3,2,shoot height,26,cm
B23-SAV-032,outer,out.3,3,3,shoot height,30,cm
B23-SAV-032,outer,out.3,3,4,shoot height,23,cm
B23-SAV-032,outer,out.3,3,5,shoot height,32,cm
B23-SAV-035,cross,cross.1,2,1,flowering shoot density,0,cnt
B23-SAV-035,cross,cross.1,2,1,percent cover,95,%
B23-SAV-035,cross,cross.1,2,1,percent macroalgae,0,%
B23-SAV-035,cross,cross.1,2,1,shoot density,56,cnt
B23-SAV-035,cross,cross.1,2,1,shoot height,31,cm
B23-SAV-035,cross,cross.1,2,2,shoot height,25,cm
B23-SAV-035,cross,cross.1,2,3,shoot height,37,cm
B23-SAV-035,cross,cross.1,2,4,shoot height,47,cm
B23-SAV-035,cross,cross.1,2,5,shoot height,45,cm
B23-SAV-035,cross,cross.2,2,1,flowering shoot density,0,cnt
B23-SAV-035,cross,cross.2,2,1,percent cover,50,%
B23-SAV-035,cross,cross.2,2,1,percent macroalgae,0,%
B23-SAV-035,cross,cross.2,2,1,shoot density,87,cnt
B23-SAV-035,cross,cross.2,2,1,shoot height,70,cm
B23-SAV-035,cross,cross.2,2,2,shoot height,93,cm
B23-SAV-035,cross,cross.2,2,3,shoot height,77,cm
B23-SAV-035,cross,cross.2,2,4,shoot height,76,cm
B23-SAV-035,cross,cross.2,2,5,shoot height,43,cm
B23-SAV-035,inner,in.1,2,1,flowering shoot density,0,cnt
B23-SAV-035,inner,in.1,2,1,percent cover,85,%
B23-SAV-035,inner,in.1,2,1,percent macroalgae,0,%
B23-SAV-035,inner,in.1,2,1,shoot density,97,cnt
B23-SAV-035,inner,in.1,2,1,shoot height,38,cm
B23-SAV-035,inner,in.1,2,2,shoot height,40,cm
B23-SAV-035,inner,in.1,2,3,shoot height,32,cm
B23-SAV-035,inner,in.1,2,4,shoot height,48,cm
B23-SAV-035,inner,in.1,2,5,shoot height,40,cm
B23-SAV-035,inner,in.2,2,1,flowering shoot density,0,cnt
B23-SAV-035,inner,in.2,2,1,percent cover,100,%
B23-SAV-035,inner,in.2,2,1,percent macroalgae,0,%
B23-SAV-035,inner,in.2,2,1,shoot density,61,cnt
B23-SAV-035,inner,in.2,2,1,shoot height,42,cm
B23-SAV-035,inner,in.2,2,2,shoot height,58,cm
B23-SAV-035,inner,in.2,2,3,shoot height,48,cm
B23-SAV-035,inner,in.2,2,4,shoot height,33,cm
B23-SAV-035,inner,in.2,2,5,shoot height,51,cm
B23-SAV-035,inner,in.3,5,1,flowering shoot density,0,cnt
B23-SAV-035,inner,in.3,5,1,percent cover,100,%
B23-SAV-035,inner,in.3,5,1,percent macroalgae,0,%
B23-SAV-035,inner,in.3,5,1,shoot density,56,cnt
B23-SAV-035,inner,in.3,5,1,shoot height,30,cm
B23-SAV-035,inner,in.3,5,2,shoot height,43,cm
B23-SAV-035,inner,in.3,5,3,shoot height,39,cm
B23-SAV-035,inner,in.3,5,4,shoot height,40,cm
B23-SAV-035,inner,in.3,5,5,shoot height,46,cm
B23-SAV-035,mid,mid.1,5,1,flowering shoot density,0,cnt
B23-SAV-035,mid,mid.1,5,1,percent cover,30,%
B23-SAV-035,mid,mid.1,5,1,percent macroalgae,20,%
B23-SAV-035,mid,mid.1,5,1,shoot density,36,cnt
B23-SAV-035,mid,mid.1,5,1,shoot height,41,cm
B23-SAV-035,mid,mid.1,5,2,shoot height,39,cm
B23-SAV-035,mid,mid.1,5,3,shoot height,42,cm
B23-SAV-035,mid,mid.1,5,4,shoot height,29,cm
B23-SAV-035,mid,mid.1,5,5,shoot height,56,cm
B23-SAV-035,mid,mid.2,5,1,flowering shoot density,0,cnt
B23-SAV-035,mid,mid.2,5,1,percent cover,90,%
B23-SAV-035,mid,mid.2,5,1,percent macroalgae,0,%
B23-SAV-035,mid,mid.2,5,1,shoot density,32,cnt
B23-SAV-035,mid,mid.2,5,1,shoot height,55,cm
B23-SAV-035,mid,mid.2,5,2,shoot height,69,cm
B23-SAV-035,mid,mid.2,5,3,shoot height,64,cm
B23-SAV-035,mid,mid.2,5,4,shoot height,52,cm
B23-SAV-035,mid,mid.2,5,5,shoot height,63,cm
B23-SAV-035,mid,mid.3,5,1,flowering shoot density,0,cnt
B23-SAV-035,mid,mid.3,5,1,percent cover,40,%
B23-SAV-035,mid,mid.3,5,1,percent macroalgae,20,%
B23-SAV-035,mid,mid.3,5,1,shoot density,56,cnt
B23-SAV-035,mid,mid.3,5,1,shoot height,77,cm
B23-SAV-035,mid,mid.3,5,2,shoot height,87,cm
B23-SAV-035,mid,mid.3,5,3,shoot height,68,cm
B23-SAV-035,mid,mid.3,5,4,shoot height,63,cm
B23-SAV-035,mid,mid.3,5,5,shoot height,25,cm
B23-SAV-035,mid,mid.4,5,1,flowering shoot density,0,cnt
B23-SAV-035,mid,mid.4,5,1,percent cover,20,%
B23-SAV-035,mid,mid.4,5,1,percent macroalgae,10,%
B23-SAV-035,mid,mid.4,5,1,shoot density,41,cnt
B23-SAV-035,mid,mid.4,5,1,shoot height,29,cm
B23-SAV-035,mid,mid.4,5,2,shoot height,17,cm
B23-SAV-035,mid,mid.4,5,3,shoot height,28,cm
B23-SAV-035,mid,mid.4,5,4,shoot height,38,cm
B23-SAV-035,mid,mid.4,5,5,shoot height,30,cm
B23-SAV-035,mid,mid.5,5,1,flowering shoot density,0,cnt
B23-SAV-035,mid,mid.5,5,1,percent cover,15,%
B23-SAV-035,mid,mid.5,5,1,percent macroalgae,0,%
B23-SAV-035,mid,mid.5,5,1,shoot density,35,cnt
B23-SAV-035,mid,mid.5,5,1,shoot height,35,cm
B23-SAV-035,mid,mid.5,5,2,shoot height,24,cm
B23-SAV-035,mid,mid.5,5,3,shoot height,19,cm
B23-SAV-035,mid,mid.5,5,4,shoot height,47,cm
B23-SAV-035,mid,mid.5,5,5,shoot height,43,cm
B23-SAV-035,outer,out.1,2,1,flowering shoot density,0,cnt
B23-SAV-035,outer,out.1,2,1,percent cover,97,%
B23-SAV-035,outer,out.1,2,1,percent macroalgae,3,%
B23-SAV-035,outer,out.1,2,1,shoot density,131,cnt
B23-SAV-035,outer,out.1,2,1,shoot height,60,cm
B23-SAV-035,outer,out.1,2,2,shoot height,34,cm
B23-SAV-035,outer,out.1,2,3,shoot height,14,cm
B23-SAV-035,outer,out.1,2,4,shoot height,45,cm
B23-SAV-035,outer,out.1,2,5,shoot height,34,cm
B23-SAV-035,outer,out.2,2,1,flowering shoot density,0,cnt
B23-SAV-035,outer,out.2,2,1,percent cover,100,%
B23-SAV-035,outer,out.2,2,1,percent macroalgae,0,%
B23-SAV-035,outer,out.2,2,1,shoot density,212,cnt
B23-SAV-035,outer,out.2,2,1,shoot height,43,cm
B23-SAV-035,outer,out.2,2,2,shoot height,69,cm
B23-SAV-035,outer,out.2,2,3,shoot height,77,cm
B23-SAV-035,outer,out.2,2,4,shoot height,63,cm
B23-SAV-035,outer,out.2,2,5,shoot height,58,cm
B23-SAV-035,outer,out.3,5,1,flowering shoot density,0,cnt
B23-SAV-035,outer,out.3,5,1,percent cover,40,%
B23-SAV-035,outer,out.3,5,1,percent macroalgae,20,%
B23-SAV-035,outer,out.3,5,1,shoot density,53,cnt
B23-SAV-035,outer,out.3,5,1,shoot height,46,cm
B23-SAV-035,outer,out.3,5,2,shoot height,53,cm
B23-SAV-035,outer,out.3,5,3,shoot height,61,cm
B23-SAV-035,outer,out.3,5,4,shoot height,55,cm
B23-SAV-035,outer,out.3,5,5,shoot height,39,cm
B23-SAV-036,patch,patch.1,2,1,flowering shoot density,0,cnt
B23-SAV-036,patch,patch.1,2,1,percent cover,10,%
B23-SAV-036,patch,patch.1,2,1,percent macroalgae,30,%
B23-SAV-036,patch,patch.1,2,1,shoot density,12,cnt
B23-SAV-036,patch,patch.1,2,1,shoot height,23,cm
B23-SAV-036,patch,patch.1,2,2,shoot height,17,cm
B23-SAV-036,patch,patch.1,2,3,shoot height,16,cm
B23-SAV-036,patch,patch.1,2,4,shoot height,16,cm
B23-SAV-036,patch,patch.1,2,5,shoot height,28,cm
B23-SAV-036,patch,patch.2,2,1,flowering shoot density,0,cnt
B23-SAV-036,patch,patch.2,2,1,percent cover,75,%
B23-SAV-036,patch,patch.2,2,1,percent macroalgae,15,%
B23-SAV-036,patch,patch.2,2,1,shoot density,68,cnt
B23-SAV-036,patch,patch.2,2,1,shoot height,11,cm
B23-SAV-036,patch,patch.2,2,2,shoot height,16,cm
B23-SAV-036,patch,patch.2,2,3,shoot height,20,cm
B23-SAV-036,patch,patch.2,2,4,shoot height,15,cm
B23-SAV-036,patch,patch.2,2,5,shoot height,22,cm
B23-SAV-063,cross,cross.1,2,1,flowering shoot density,0,cnt
B23-SAV-063,cross,cross.1,2,1,percent cover,35,%
B23-SAV-063,cross,cross.1,2,1,percent macroalgae,35,%
B23-SAV-063,cross,cross.1,2,1,shoot density,49,cnt
B23-SAV-063,cross,cross.1,2,1,shoot height,55,cm
B23-SAV-063,cross,cross.1,2,2,shoot height,55,cm
B23-SAV-063,cross,cross.1,2,3,shoot height,49,cm
B23-SAV-063,cross,cross.1,2,4,shoot height,42,cm
B23-SAV-063,cross,cross.1,2,5,shoot height,63,cm
B23-SAV-063,cross,cross.2,2,1,flowering shoot density,0,cnt
B23-SAV-063,cross,cross.2,2,1,percent cover,70,%
B23-SAV-063,cross,cross.2,2,1,percent macroalgae,30,%
B23-SAV-063,cross,cross.2,2,1,shoot density,43,cnt
B23-SAV-063,cross,cross.2,2,1,shoot height,54,cm
B23-SAV-063,cross,cross.2,2,2,shoot height,62,cm
B23-SAV-063,cross,cross.2,2,3,shoot height,35,cm
B23-SAV-063,cross,cross.2,2,4,shoot height,58,cm
B23-SAV-063,cross,cross.2,2,5,shoot height,48,cm
B23-SAV-063,inner,in.1,3,1,flowering shoot density,0,cnt
B23-SAV-063,inner,in.1,3,1,percent cover,75,%
B23-SAV-063,inner,in.1,3,1,percent macroalgae,20,%
B23-SAV-063,inner,in.1,3,1,shoot density,32,cnt
B23-SAV-063,inner,in.1,3,1,shoot height,58,cm
B23-SAV-063,inner,in.1,3,2,shoot height,48,cm
B23-SAV-063,inner,in.1,3,3,shoot height,56,cm
B23-SAV-063,inner,in.1,3,4,shoot height,32,cm
B23-SAV-063,inner,in.1,3,5,shoot height,30,cm
B23-SAV-063,inner,in.2,3,1,flowering shoot density,0,cnt
B23-SAV-063,inner,in.2,3,1,percent cover,30,%
B23-SAV-063,inner,in.2,3,1,percent macroalgae,5,%
B23-SAV-063,inner,in.2,3,1,shoot density,19,cnt
B23-SAV-063,inner,in.2,3,1,shoot height,42,cm
B23-SAV-063,inner,in.2,3,2,shoot height,46,cm
B23-SAV-063,inner,in.2,3,3,shoot height,56,cm
B23-SAV-063,inner,in.2,3,4,shoot height,48,cm
B23-SAV-063,inner,in.2,3,5,shoot height,44,cm
B23-SAV-063,inner,in.3,3,1,flowering shoot density,0,cnt
B23-SAV-063,inner,in.3,3,1,percent cover,20,%
B23-SAV-063,inner,in.3,3,1,percent macroalgae,20,%
B23-SAV-063,inner,in.3,3,1,shoot density,40,cnt
B23-SAV-063,inner,in.3,3,1,shoot height,41,cm
B23-SAV-063,inner,in.3,3,2,shoot height,34,cm
B23-SAV-063,inner,in.3,3,3,shoot height,58,cm
B23-SAV-063,inner,in.3,3,4,shoot height,74,cm
B23-SAV-063,inner,in.3,3,5,shoot height,36,cm
B23-SAV-063,mid,mid.1,5,1,flowering shoot density,0,cnt
B23-SAV-063,mid,mid.1,5,1,percent cover,45,%
B23-SAV-063,mid,mid.1,5,1,percent macroalgae,15,%
B23-SAV-063,mid,mid.1,5,1,shoot density,54,cnt
B23-SAV-063,mid,mid.1,5,1,shoot height,64,cm
B23-SAV-063,mid,mid.1,5,2,shoot height,47,cm
B23-SAV-063,mid,mid.1,5,3,shoot height,34,cm
B23-SAV-063,mid,mid.1,5,4,shoot height,36,cm
B23-SAV-063,mid,mid.1,5,5,shoot height,69,cm
B23-SAV-063,mid,mid.2,5,1,flowering shoot density,0,cnt
B23-SAV-063,mid,mid.2,5,1,percent cover,100,%
B23-SAV-063,mid,mid.2,5,1,percent macroalgae,0,%
B23-SAV-063,mid,mid.2,5,1,shoot density,47,cnt
B23-SAV-063,mid,mid.2,5,1,shoot height,57,cm
B23-SAV-063,mid,mid.2,5,2,shoot height,55,cm
B23-SAV-063,mid,mid.2,5,3,shoot height,56,cm
B23-SAV-063,mid,mid.2,5,4,shoot height,61,cm
B23-SAV-063,mid,mid.2,5,5,shoot height,59,cm
B23-SAV-063,mid,mid.3,5,1,flowering shoot density,0,cnt
B23-SAV-063,mid,mid.3,5,1,percent cover,80,%
B23-SAV-063,mid,mid.3,5,1,percent macroalgae,20,%
B23-SAV-063,mid,mid.3,5,1,shoot density,43,cnt
B23-SAV-063,mid,mid.3,5,1,shoot height,82,cm
B23-SAV-063,mid,mid.3,5,2,shoot height,43,cm
B23-SAV-063,mid,mid.3,5,3,shoot height,79,cm
B23-SAV-063,mid,mid.3,5,4,shoot height,82,cm
B23-SAV-063,mid,mid.3,5,5,shoot height,78,cm
B23-SAV-063,mid,mid.4,5,1,flowering shoot density,0,cnt
B23-SAV-063,mid,mid.4,5,1,percent cover,80,%
B23-SAV-063,mid,mid.4,5,1,percent macroalgae,15,%
B23-SAV-063,mid,mid.4,5,1,shoot density,48,cnt
B23-SAV-063,mid,mid.4,5,1,shoot height,81,cm
B23-SAV-063,mid,mid.4,5,2,shoot height,78,cm
B23-SAV-063,mid,mid.4,5,3,shoot height,76,cm
B23-SAV-063,mid,mid.4,5,4,shoot height,80,cm
B23-SAV-063,mid,mid.4,5,5,shoot height,82,cm
B23-SAV-063,mid,mid.5,5,1,flowering shoot density,0,cnt
B23-SAV-063,mid,mid.5,5,1,percent cover,35,%
B23-SAV-063,mid,mid.5,5,1,percent macroalgae,30,%
B23-SAV-063,mid,mid.5,5,1,shoot density,67,cnt
B23-SAV-063,mid,mid.5,5,1,shoot height,66,cm
B23-SAV-063,mid,mid.5,5,2,shoot height,68,cm
B23-SAV-063,mid,mid.5,5,3,shoot height,56,cm
B23-SAV-063,mid,mid.5,5,4,shoot height,42,cm
B23-SAV-063,mid,mid.5,5,5,shoot height,49,cm
B23-SAV-063,outer,out.1,3,1,flowering shoot density,0,cnt
B23-SAV-063,outer,out.1,3,1,percent cover,40,%
B23-SAV-063,outer,out.1,3,1,percent macroalgae,35,%
B23-SAV-063,outer,out.1,3,1,shoot density,63,cnt
B23-SAV-063,outer,out.1,3,1,shoot height,23,cm
B23-SAV-063,outer,out.1,3,2,shoot height,27,cm
B23-SAV-063,outer,out.1,3,3,shoot height,58,cm
B23-SAV-063,outer,out.1,3,4,shoot height,60,cm
B23-SAV-063,outer,out.1,3,5,shoot height,62,cm
B23-SAV-063,outer,out.2,3,1,flowering shoot density,0,cnt
B23-SAV-063,outer,out.2,3,1,percent cover,50,%
B23-SAV-063,outer,out.2,3,1,percent macroalgae,15,%
B23-SAV-063,outer,out.2,3,1,shoot density,69,cnt
B23-SAV-063,outer,out.2,3,1,shoot height,28,cm
B23-SAV-063,outer,out.2,3,2,shoot height,48,cm
B23-SAV-063,outer,out.2,3,3,shoot height,52,cm
B23-SAV-063,outer,out.2,3,4,shoot height,63,cm
B23-SAV-063,outer,out.2,3,5,shoot height,67,cm
B23-SAV-063,outer,out.3,3,1,flowering shoot density,0,cnt
B23-SAV-063,outer,out.3,3,1,percent cover,60,%
B23-SAV-063,outer,out.3,3,1,percent macroalgae,5,%
B23-SAV-063,outer,out.3,3,1,shoot density,77,cnt
B23-SAV-063,outer,out.3,3,1,shoot height,22,cm
B23-SAV-063,outer,out.3,3,2,shoot height,30,cm
B23-SAV-063,outer,out.3,3,3,shoot height,35,cm
B23-SAV-063,outer,out.3,3,4,shoot height,48,cm
B23-SAV-063,outer,out.3,3,5,shoot height,54,cm
B23-SAV-064,cross,cross.1,2,1,flowering shoot density,0,cnt
B23-SAV-064,cross,cross.1,2,1,percent cover,20,%
B23-SAV-064,cross,cross.1,2,1,percent macroalgae,1,%
B23-SAV-064,cross,cross.1,2,1,shoot density,19,cnt
B23-SAV-064,cross,cross.1,2,1,shoot height,55,cm
B23-SAV-064,cross,cross.1,2,2,shoot height,30,cm
B23-SAV-064,cross,cross.1,2,3,shoot height,42,cm
B23-SAV-064,cross,cross.1,2,4,shoot height,41,cm
B23-SAV-064,cross,cross.1,2,5,shoot height,22,cm
B23-SAV-064,cross,cross.2,2,1,flowering shoot density,0,cnt
B23-SAV-064,cross,cross.2,2,1,percent cover,40,%
B23-SAV-064,cross,cross.2,2,1,percent macroalgae,0,%
B23-SAV-064,cross,cross.2,2,1,shoot density,11,cnt
B23-SAV-064,cross,cross.2,2,1,shoot height,43,cm
B23-SAV-064,cross,cross.2,2,2,shoot height,59,cm
B23-SAV-064,cross,cross.2,2,3,shoot height,39,cm
B23-SAV-064,cross,cross.2,2,4,shoot height,48,cm
B23-SAV-064,cross,cross.2,2,5,shoot height,38,cm
B23-SAV-064,inner,in.1,3,1,flowering shoot density,0,cnt
B23-SAV-064,inner,in.1,3,1,percent cover,40,%
B23-SAV-064,inner,in.1,3,1,percent macroalgae,0,%
B23-SAV-064,inner,in.1,3,1,shoot density,22,cnt
B23-SAV-064,inner,in.1,3,1,shoot height,38,cm
B23-SAV-064,inner,in.1,3,2,shoot height,39,cm
B23-SAV-064,inner,in.1,3,3,shoot height,34,cm
B23-SAV-064,inner,in.1,3,4,shoot height,35,cm
B23-SAV-064,inner,in.1,3,5,shoot height,42,cm
B23-SAV-064,inner,in.2,3,1,flowering shoot density,0,cnt
B23-SAV-064,inner,in.2,3,1,percent cover,50,%
B23-SAV-064,inner,in.2,3,1,percent macroalgae,1,%
B23-SAV-064,inner,in.2,3,1,shoot density,23,cnt
B23-SAV-064,inner,in.2,3,1,shoot height,43,cm
B23-SAV-064,inner,in.2,3,2,shoot height,50,cm
B23-SAV-064,inner,in.2,3,3,shoot height,45,cm
B23-SAV-064,inner,in.2,3,4,shoot height,40,cm
B23-SAV-064,inner,in.2,3,5,shoot height,38,cm
B23-SAV-064,inner,in.3,3,1,flowering shoot density,0,cnt
B23-SAV-064,inner,in.3,3,1,percent cover,65,%
B23-SAV-064,inner,in.3,3,1,percent macroalgae,0,%
B23-SAV-064,inner,in.3,3,1,shoot density,37,cnt
B23-SAV-064,inner,in.3,3,1,shoot height,52,cm
B23-SAV-064,inner,in.3,3,2,shoot height,33,cm
B23-SAV-064,inner,in.3,3,3,shoot height,37,cm
B23-SAV-064,inner,in.3,3,4,shoot height,45,cm
B23-SAV-064,inner,in.3,3,5,shoot height,39,cm
B23-SAV-064,mid,mid.1,5,1,flowering shoot density,0,cnt
B23-SAV-064,mid,mid.1,5,1,percent cover,70,%
B23-SAV-064,mid,mid.1,5,1,percent macroalgae,1,%
B23-SAV-064,mid,mid.1,5,1,shoot density,26,cnt
B23-SAV-064,mid,mid.1,5,1,shoot height,35,cm
B23-SAV-064,mid,mid.1,5,2,shoot height,51,cm
B23-SAV-064,mid,mid.1,5,3,shoot height,57,cm
B23-SAV-064,mid,mid.1,5,4,shoot height,44,cm
B23-SAV-064,mid,mid.1,5,5,shoot height,25,cm
B23-SAV-064,mid,mid.2,5,1,flowering shoot density,0,cnt
B23-SAV-064,mid,mid.2,5,1,percent cover,50,%
B23-SAV-064,mid,mid.2,5,1,percent macroalgae,0,%
B23-SAV-064,mid,mid.2,5,1,shoot density,10,cnt
B23-SAV-064,mid,mid.2,5,1,shoot height,53,cm
B23-SAV-064,mid,mid.2,5,2,shoot height,33,cm
B23-SAV-064,mid,mid.2,5,3,shoot height,46,cm
B23-SAV-064,mid,mid.2,5,4,shoot height,54,cm
B23-SAV-064,mid,mid.2,5,5,shoot height,25,cm
B23-SAV-064,mid,mid.3,5,1,flowering shoot density,0,cnt
B23-SAV-064,mid,mid.3,5,1,percent cover,20,%
B23-SAV-064,mid,mid.3,5,1,percent macroalgae,0,%
B23-SAV-064,mid,mid.3,5,1,shoot density,11,cnt
B23-SAV-064,mid,mid.3,5,1,shoot height,58,cm
B23-SAV-064,mid,mid.3,5,2,shoot height,35,cm
B23-SAV-064,mid,mid.3,5,3,shoot height,36,cm
B23-SAV-064,mid,mid.3,5,4,shoot height,35,cm
B23-SAV-064,mid,mid.3,5,5,shoot height,62,cm
B23-SAV-064,mid,mid.4,5,1,flowering shoot density,0,cnt
B23-SAV-064,mid,mid.4,5,1,percent cover,25,%
B23-SAV-064,mid,mid.4,5,1,percent macroalgae,0,%
B23-SAV-064,mid,mid.4,5,1,shoot density,14,cnt
B23-SAV-064,mid,mid.4,5,1,shoot height,47,cm
B23-SAV-064,mid,mid.4,5,2,shoot height,49,cm
B23-SAV-064,mid,mid.4,5,3,shoot height,40,cm
B23-SAV-064,mid,mid.4,5,4,shoot height,46,cm
B23-SAV-064,mid,mid.4,5,5,shoot height,24,cm
B23-SAV-064,mid,mid.5,5,1,flowering shoot density,0,cnt
B23-SAV-064,mid,mid.5,5,1,percent cover,5,%
B23-SAV-064,mid,mid.5,5,1,percent macroalgae,0,%
B23-SAV-064,mid,mid.5,5,1,shoot density,3,cnt
B23-SAV-064,mid,mid.5,5,1,shoot height,52,cm
B23-SAV-064,mid,mid.5,5,2,shoot height,74,cm
B23-SAV-064,mid,mid.5,5,3,shoot height,53,cm
B23-SAV-064,mid,mid.5,5,4,shoot height,-88,cm
B23-SAV-064,mid,mid.5,5,5,shoot height,-88,cm
B23-SAV-064,outer,out.1,3,1,flowering shoot density,0,cnt
B23-SAV-064,outer,out.1,3,1,percent cover,25,%
B23-SAV-064,outer,out.1,3,1,percent macroalgae,5,%
B23-SAV-064,outer,out.1,3,1,shoot density,11,cnt
B23-SAV-064,outer,out.1,3,1,shoot height,20,cm
B23-SAV-064,outer,out.1,3,2,shoot height,34,cm
B23-SAV-064,outer,out.1,3,3,shoot height,33,cm
B23-SAV-064,outer,out.1,3,4,shoot height,39,cm
B23-SAV-064,outer,out.1,3,5,shoot height,53,cm
B23-SAV-064,outer,out.2,3,1,flowering shoot density,0,cnt
B23-SAV-064,outer,out.2,3,1,percent cover,50,%
B23-SAV-064,outer,out.2,3,1,percent macroalgae,1,%
B23-SAV-064,outer,out.2,3,1,shoot density,25,cnt
B23-SAV-064,outer,out.2,3,1,shoot height,59,cm
B23-SAV-064,outer,out.2,3,2,shoot height,69,cm
B23-SAV-064,outer,out.2,3,3,shoot height,56,cm
B23-SAV-064,outer,out.2,3,4,shoot height,57,cm
B23-SAV-064,outer,out.2,3,5,shoot height,46,cm
B23-SAV-064,outer,out.3,3,1,flowering shoot density,0,cnt
B23-SAV-064,outer,out.3,3,1,percent cover,20,%
B23-SAV-064,outer,out.3,3,1,percent macroalgae,0,%
B23-SAV-064,outer,out.3,3,1,shoot density,19,cnt
B23-SAV-064,outer,out.3,3,1,shoot height,60,cm
B23-SAV-064,outer,out.3,3,2,shoot height,46,cm
B23-SAV-064,outer,out.3,3,3,shoot height,28,cm
B23-SAV-064,outer,out.3,3,4,shoot height,46,cm
B23-SAV-064,outer,out.3,3,5,shoot height,37,cm
B23-SAV-066,patch,patch.1,2,1,flowering shoot density,0,cnt
B23-SAV-066,patch,patch.1,2,1,percent cover,20,%
B23-SAV-066,patch,patch.1,2,1,percent macroalgae,0,%
B23-SAV-066,patch,patch.1,2,1,shoot density,37,cnt
B23-SAV-066,patch,patch.1,2,1,shoot height,46,cm
B23-SAV-066,patch,patch.1,2,2,shoot height,68,cm
B23-SAV-066,patch,patch.1,2,3,shoot height,53,cm
B23-SAV-066,patch,patch.1,2,4,shoot height,57,cm
B23-SAV-066,patch,patch.1,2,5,shoot height,61,cm
B23-SAV-066,patch,patch.2,2,1,flowering shoot density,0,cnt
B23-SAV-066,patch,patch.2,2,1,percent cover,10,%
B23-SAV-066,patch,patch.2,2,1,percent macroalgae,0,%
B23-SAV-066,patch,patch.2,2,1,shoot density,16,cnt
B23-SAV-066,patch,patch.2,2,1,shoot height,88,cm
B23-SAV-066,patch,patch.2,2,2,shoot height,69,cm
B23-SAV-066,patch,patch.2,2,3,shoot height,73,cm
B23-SAV-066,patch,patch.2,2,4,shoot height,76,cm
B23-SAV-066,patch,patch.2,2,5,shoot height,91,cm
B23-SAV-092,cross,cross.1,2,1,flowering shoot density,0,cnt
B23-SAV-092,cross,cross.1,2,1,percent cover,95,%
B23-SAV-092,cross,cross.1,2,1,percent macroalgae,0,%
B23-SAV-092,cross,cross.1,2,1,shoot density,76,cnt
B23-SAV-092,cross,cross.1,2,1,shoot height,77,cm
B23-SAV-092,cross,cross.1,2,2,shoot height,61,cm
B23-SAV-092,cross,cross.1,2,3,shoot height,53,cm
B23-SAV-092,cross,cross.1,2,4,shoot height,62,cm
B23-SAV-092,cross,cross.1,2,5,shoot height,40,cm
B23-SAV-092,cross,cross.2,2,1,flowering shoot density,0,cnt
B23-SAV-092,cross,cross.2,2,1,percent cover,30,%
B23-SAV-092,cross,cross.2,2,1,percent macroalgae,0,%
B23-SAV-092,cross,cross.2,2,1,shoot density,18,cnt
B23-SAV-092,cross,cross.2,2,1,shoot height,85,cm
B23-SAV-092,cross,cross.2,2,2,shoot height,79,cm
B23-SAV-092,cross,cross.2,2,3,shoot height,33,cm
B23-SAV-092,cross,cross.2,2,4,shoot height,27,cm
B23-SAV-092,cross,cross.2,2,5,shoot height,48,cm
B23-SAV-092,inner,in.1,3,1,flowering shoot density,0,cnt
B23-SAV-092,inner,in.1,3,1,percent cover,85,%
B23-SAV-092,inner,in.1,3,1,percent macroalgae,0,%
B23-SAV-092,inner,in.1,3,1,shoot density,61,cnt
B23-SAV-092,inner,in.1,3,1,shoot height,67,cm
B23-SAV-092,inner,in.1,3,2,shoot height,84,cm
B23-SAV-092,inner,in.1,3,3,shoot height,51,cm
B23-SAV-092,inner,in.1,3,4,shoot height,88,cm
B23-SAV-092,inner,in.1,3,5,shoot height,96,cm
B23-SAV-092,inner,in.2,3,1,flowering shoot density,0,cnt
B23-SAV-092,inner,in.2,3,1,percent cover,90,%
B23-SAV-092,inner,in.2,3,1,percent macroalgae,0,%
B23-SAV-092,inner,in.2,3,1,shoot density,54,cnt
B23-SAV-092,inner,in.2,3,1,shoot height,55,cm
B23-SAV-092,inner,in.2,3,2,shoot height,61,cm
B23-SAV-092,inner,in.2,3,3,shoot height,47,cm
B23-SAV-092,inner,in.2,3,4,shoot height,24,cm
B23-SAV-092,inner,in.2,3,5,shoot height,67,cm
B23-SAV-092,inner,in.3,3,1,flowering shoot density,0,cnt
B23-SAV-092,inner,in.3,3,1,percent cover,95,%
B23-SAV-092,inner,in.3,3,1,percent macroalgae,0,%
B23-SAV-092,inner,in.3,3,1,shoot density,89,cnt
B23-SAV-092,inner,in.3,3,1,shoot height,72,cm
B23-SAV-092,inner,in.3,3,2,shoot height,80,cm
B23-SAV-092,inner,in.3,3,3,shoot height,94,cm
B23-SAV-092,inner,in.3,3,4,shoot height,37,cm
B23-SAV-092,inner,in.3,3,5,shoot height,55,cm
B23-SAV-092,mid,mid.1,5,1,flowering shoot density,0,cnt
B23-SAV-092,mid,mid.1,5,1,percent cover,30,%
B23-SAV-092,mid,mid.1,5,1,percent macroalgae,0,%
B23-SAV-092,mid,mid.1,5,1,shoot density,36,cnt
B23-SAV-092,mid,mid.1,5,1,shoot height,89,cm
B23-SAV-092,mid,mid.1,5,2,shoot height,73,cm
B23-SAV-092,mid,mid.1,5,3,shoot height,86,cm
B23-SAV-092,mid,mid.1,5,4,shoot height,90,cm
B23-SAV-092,mid,mid.1,5,5,shoot height,87,cm
B23-SAV-092,mid,mid.2,5,1,flowering shoot density,0,cnt
B23-SAV-092,mid,mid.2,5,1,percent cover,15,%
B23-SAV-092,mid,mid.2,5,1,percent macroalgae,0,%
B23-SAV-092,mid,mid.2,5,1,shoot density,49,cnt
B23-SAV-092,mid,mid.2,5,1,shoot height,82,cm
B23-SAV-092,mid,mid.2,5,2,shoot height,93,cm
B23-SAV-092,mid,mid.2,5,3,shoot height,65,cm
B23-SAV-092,mid,mid.2,5,4,shoot height,91,cm
B23-SAV-092,mid,mid.2,5,5,shoot height,94,cm
B23-SAV-092,mid,mid.3,5,1,flowering shoot density,0,cnt
B23-SAV-092,mid,mid.3,5,1,percent cover,5,%
B23-SAV-092,mid,mid.3,5,1,percent macroalgae,0,%
B23-SAV-092,mid,mid.3,5,1,shoot density,11,cnt
B23-SAV-092,mid,mid.3,5,1,shoot height,74,cm
B23-SAV-092,mid,mid.3,5,2,shoot height,63,cm
B23-SAV-092,mid,mid.3,5,3,shoot height,27,cm
B23-SAV-092,mid,mid.3,5,4,shoot height,54,cm
B23-SAV-092,mid,mid.3,5,5,shoot height,31,cm
B23-SAV-092,mid,mid.4,5,1,flowering shoot density,0,cnt
B23-SAV-092,mid,mid.4,5,1,percent cover,5,%
B23-SAV-092,mid,mid.4,5,1,percent macroalgae,20,%
B23-SAV-092,mid,mid.4,5,1,shoot density,9,cnt
B23-SAV-092,mid,mid.4,5,1,shoot height,45,cm
B23-SAV-092,mid,mid.4,5,2,shoot height,53,cm
B23-SAV-092,mid,mid.4,5,3,shoot height,73,cm
B23-SAV-092,mid,mid.4,5,4,shoot height,35,cm
B23-SAV-092,mid,mid.4,5,5,shoot height,65,cm
B23-SAV-092,mid,mid.5,5,1,flowering shoot density,0,cnt
B23-SAV-092,mid,mid.5,5,1,percent cover,15,%
B23-SAV-092,mid,mid.5,5,1,percent macroalgae,90,%
B23-SAV-092,mid,mid.5,5,1,shoot density,21,cnt
B23-SAV-092,mid,mid.5,5,1,shoot height,60,cm
B23-SAV-092,mid,mid.5,5,2,shoot height,69,cm
B23-SAV-092,mid,mid.5,5,3,shoot height,66,cm
B23-SAV-092,mid,mid.5,5,4,shoot height,61,cm
B23-SAV-092,mid,mid.5,5,5,shoot height,72,cm
B23-SAV-092,outer,out.1,3,1,flowering shoot density,0,cnt
B23-SAV-092,outer,out.1,3,1,percent cover,10,%
B23-SAV-092,outer,out.1,3,1,percent macroalgae,0,%
B23-SAV-092,outer,out.1,3,1,shoot density,6,cnt
B23-SAV-092,outer,out.1,3,1,shoot height,52,cm
B23-SAV-092,outer,out.1,3,2,shoot height,61,cm
B23-SAV-092,outer,out.1,3,3,shoot height,31,cm
B23-SAV-092,outer,out.1,3,4,shoot height,20,cm
B23-SAV-092,outer,out.1,3,5,shoot height,44,cm
B23-SAV-092,outer,out.2,3,1,flowering shoot density,0,cnt
B23-SAV-092,outer,out.2,3,1,percent cover,10,%
B23-SAV-092,outer,out.2,3,1,percent macroalgae,0,%
B23-SAV-092,outer,out.2,3,1,shoot density,7,cnt
B23-SAV-092,outer,out.2,3,1,shoot height,42,cm
B23-SAV-092,outer,out.2,3,2,shoot height,68,cm
B23-SAV-092,outer,out.2,3,3,shoot height,81,cm
B23-SAV-092,outer,out.2,3,4,shoot height,77,cm
B23-SAV-092,outer,out.2,3,5,shoot height,39,cm
B23-SAV-092,outer,out.3,3,1,flowering shoot density,0,cnt
B23-SAV-092,outer,out.3,3,1,percent cover,15,%
B23-SAV-092,outer,out.3,3,1,percent macroalgae,0,%
B23-SAV-092,outer,out.3,3,1,shoot density,13,cnt
B23-SAV-092,outer,out.3,3,1,shoot height,98,cm
B23-SAV-092,outer,out.3,3,2,shoot height,102,cm
B23-SAV-092,outer,out.3,3,3,shoot height,91,cm
B23-SAV-092,outer,out.3,3,4,shoot height,78,cm
B23-SAV-092,outer,out.3,3,5,shoot height,111,cm
B23-SAV-901,cross,cross.1,2,1,flowering shoot density,0,cnt
B23-SAV-901,cross,cross.1,2,1,percent cover,10,%
B23-SAV-901,cross,cross.1,2,1,percent macroalgae,0,%
B23-SAV-901,cross,cross.1,2,1,shoot density,12,cnt
B23-SAV-901,cross,cross.1,2,1,shoot height,47,cm
B23-SAV-901,cross,cross.1,2,2,shoot height,62,cm
B23-SAV-901,cross,cross.1,2,3,shoot height,53,cm
B23-SAV-901,cross,cross.1,2,4,shoot height,48,cm
B23-SAV-901,cross,cross.1,2,5,shoot height,61,cm
B23-SAV-901,cross,cross.2,2,1,flowering shoot density,0,cnt
B23-SAV-901,cross,cross.2,2,1,percent cover,50,%
B23-SAV-901,cross,cross.2,2,1,percent macroalgae,0,%
B23-SAV-901,cross,cross.2,2,1,shoot density,43,cnt
B23-SAV-901,cross,cross.2,2,1,shoot height,42,cm
B23-SAV-901,cross,cross.2,2,2,shoot height,26,cm
B23-SAV-901,cross,cross.2,2,3,shoot height,55,cm
B23-SAV-901,cross,cross.2,2,4,shoot height,47,cm
B23-SAV-901,cross,cross.2,2,5,shoot height,56,cm
B23-SAV-901,inner,in.1,3,1,flowering shoot density,0,cnt
B23-SAV-901,inner,in.1,3,1,percent cover,60,%
B23-SAV-901,inner,in.1,3,1,percent macroalgae,5,%
B23-SAV-901,inner,in.1,3,1,shoot density,14,cnt
B23-SAV-901,inner,in.1,3,1,shoot height,34,cm
B23-SAV-901,inner,in.1,3,2,shoot height,32,cm
B23-SAV-901,inner,in.1,3,3,shoot height,45,cm
B23-SAV-901,inner,in.1,3,4,shoot height,27,cm
B23-SAV-901,inner,in.1,3,5,shoot height,17,cm
B23-SAV-901,inner,in.2,3,1,flowering shoot density,0,cnt
B23-SAV-901,inner,in.2,3,1,percent cover,70,%
B23-SAV-901,inner,in.2,3,1,percent macroalgae,5,%
B23-SAV-901,inner,in.2,3,1,shoot density,14,cnt
B23-SAV-901,inner,in.2,3,1,shoot height,39,cm
B23-SAV-901,inner,in.2,3,2,shoot height,48,cm
B23-SAV-901,inner,in.2,3,3,shoot height,40,cm
B23-SAV-901,inner,in.2,3,4,shoot height,31,cm
B23-SAV-901,inner,in.2,3,5,shoot height,28,cm
B23-SAV-901,inner,in.3,3,1,flowering shoot density,0,cnt
B23-SAV-901,inner,in.3,3,1,percent cover,45,%
B23-SAV-901,inner,in.3,3,1,percent macroalgae,0,%
B23-SAV-901,inner,in.3,3,1,shoot density,10,cnt
B23-SAV-901,inner,in.3,3,1,shoot height,37,cm
B23-SAV-901,inner,in.3,3,2,shoot height,3,cm
B23-SAV-901,inner,in.3,3,3,shoot height,29,cm
B23-SAV-901,inner,in.3,3,4,shoot height,25,cm
B23-SAV-901,inner,in.3,3,5,shoot height,40,cm
B23-SAV-901,mid,mid.1,5,1,flowering shoot density,0,cnt
B23-SAV-901,mid,mid.1,5,1,percent cover,10,%
B23-SAV-901,mid,mid.1,5,1,percent macroalgae,0,%
B23-SAV-901,mid,mid.1,5,1,shoot density,15,cnt
B23-SAV-901,mid,mid.1,5,1,shoot height,54,cm
B23-SAV-901,mid,mid.1,5,2,shoot height,38,cm
B23-SAV-901,mid,mid.1,5,3,shoot height,24,cm
B23-SAV-901,mid,mid.1,5,4,shoot height,25,cm
B23-SAV-901,mid,mid.1,5,5,shoot height,29,cm
B23-SAV-901,mid,mid.2,5,1,flowering shoot density,0,cnt
B23-SAV-901,mid,mid.2,5,1,percent cover,35,%
B23-SAV-901,mid,mid.2,5,1,percent macroalgae,0,%
B23-SAV-901,mid,mid.2,5,1,shoot density,32,cnt
B23-SAV-901,mid,mid.2,5,1,shoot height,41,cm
B23-SAV-901,mid,mid.2,5,2,shoot height,33,cm
B23-SAV-901,mid,mid.2,5,3,shoot height,34,cm
B23-SAV-901,mid,mid.2,5,4,shoot height,18,cm
B23-SAV-901,mid,mid.2,5,5,shoot height,35,cm
B23-SAV-901,mid,mid.3,5,1,flowering shoot density,0,cnt
B23-SAV-901,mid,mid.3,5,1,percent cover,35,%
B23-SAV-901,mid,mid.3,5,1,percent macroalgae,0,%
B23-SAV-901,mid,mid.3,5,1,shoot density,34,cnt
B23-SAV-901,mid,mid.3,5,1,shoot height,21,cm
B23-SAV-901,mid,mid.3,5,2,shoot height,30,cm
B23-SAV-901,mid,mid.3,5,3,shoot height,29,cm
B23-SAV-901,mid,mid.3,5,4,shoot height,28,cm
B23-SAV-901,mid,mid.3,5,5,shoot height,32,cm
B23-SAV-901,mid,mid.4,5,1,flowering shoot density,0,cnt
B23-SAV-901,mid,mid.4,5,1,percent cover,45,%
B23-SAV-901,mid,mid.4,5,1,percent macroalgae,0,%
B23-SAV-901,mid,mid.4,5,1,shoot density,40,cnt
B23-SAV-901,mid,mid.4,5,1,shoot height,56,cm
B23-SAV-901,mid,mid.4,5,2,shoot height,43,cm
B23-SAV-901,mid,mid.4,5,3,shoot height,51,cm
B23-SAV-901,mid,mid.4,5,4,shoot height,25,cm
B23-SAV-901,mid,mid.4,5,5,shoot height,39,cm
B23-SAV-901,mid,mid.5,5,1,flowering shoot density,0,cnt
B23-SAV-901,mid,mid.5,5,1,percent cover,10,%
B23-SAV-901,mid,mid.5,5,1,percent macroalgae,0,%
B23-SAV-901,mid,mid.5,5,1,shoot density,11,cnt
B23-SAV-901,mid,mid.5,5,1,shoot height,63,cm
B23-SAV-901,mid,mid.5,5,2,shoot height,59,cm
B23-SAV-901,mid,mid.5,5,3,shoot height,44,cm
B23-SAV-901,mid,mid.5,5,4,shoot height,39,cm
B23-SAV-901,mid,mid.5,5,5,shoot height,41,cm
B23-SAV-901,outer,out.1,3,1,flowering shoot density,0,cnt
B23-SAV-901,outer,out.1,3,1,percent cover,40,%
B23-SAV-901,outer,out.1,3,1,percent macroalgae,20,%
B23-SAV-901,outer,out.1,3,1,shoot density,9,cnt
B23-SAV-901,outer,out.1,3,1,shoot height,28,cm
B23-SAV-901,outer,out.1,3,2,shoot height,51,cm
B23-SAV-901,outer,out.1,3,3,shoot height,42,cm
B23-SAV-901,outer,out.1,3,4,shoot height,40,cm
B23-SAV-901,outer,out.1,3,5,shoot height,59,cm
B23-SAV-901,outer,out.2,3,1,flowering shoot density,0,cnt
B23-SAV-901,outer,out.2,3,1,percent cover,40,%
B23-SAV-901,outer,out.2,3,1,percent macroalgae,20,%
B23-SAV-901,outer,out.2,3,1,shoot density,13,cnt
B23-SAV-901,outer,out.2,3,1,shoot height,35,cm
B23-SAV-901,outer,out.2,3,2,shoot height,34,cm
B23-SAV-901,outer,out.2,3,3,shoot height,16,cm
B23-SAV-901,outer,out.2,3,4,shoot height,38,cm
B23-SAV-901,outer,out.2,3,5,shoot height,36,cm
B23-SAV-901,outer,out.3,3,1,flowering shoot density,0,cnt
B23-SAV-901,outer,out.3,3,1,percent cover,60,%
B23-SAV-901,outer,out.3,3,1,percent macroalgae,30,%
B23-SAV-901,outer,out.3,3,1,shoot density,10,cnt
B23-SAV-901,outer,out.3,3,1,shoot height,50,cm
B23-SAV-901,outer,out.3,3,2,shoot height,47,cm
B23-SAV-901,outer,out.3,3,3,shoot height,63,cm
B23-SAV-901,outer,out.3,3,4,shoot height,27,cm
B23-SAV-901,outer,out.3,3,5,shoot height,35,cm
B23-SAV-902,cross,cross.1,2,1,flowering shoot density,0,cnt
B23-SAV-902,cross,cross.1,2,1,percent cover,75,%
B23-SAV-902,cross,cross.1,2,1,percent macroalgae,0,%
B23-SAV-902,cross,cross.1,2,1,shoot density,12,cnt
B23-SAV-902,cross,cross.1,2,1,shoot height,28,cm
B23-SAV-902,cross,cross.1,2,2,shoot height,34,cm
B23-SAV-902,cross,cross.1,2,3,shoot height,20,cm
B23-SAV-902,cross,cross.1,2,4,shoot height,35,cm
B23-SAV-902,cross,cross.1,2,5,shoot height,31,cm
B23-SAV-902,cross,cross.2,2,1,flowering shoot density,0,cnt
B23-SAV-902,cross,cross.2,2,1,percent cover,40,%
B23-SAV-902,cross,cross.2,2,1,percent macroalgae,0,%
B23-SAV-902,cross,cross.2,2,1,shoot density,7,cnt
B23-SAV-902,cross,cross.2,2,1,shoot height,64,cm
B23-SAV-902,cross,cross.2,2,2,shoot height,52,cm
B23-SAV-902,cross,cross.2,2,3,shoot height,41,cm
B23-SAV-902,cross,cross.2,2,4,shoot height,22,cm
B23-SAV-902,cross,cross.2,2,5,shoot height,27,cm
B23-SAV-902,inner,in.1,3,1,flowering shoot density,0,cnt
B23-SAV-902,inner,in.1,3,1,percent cover,55,%
B23-SAV-902,inner,in.1,3,1,percent macroalgae,0,%
B23-SAV-902,inner,in.1,3,1,shoot density,12,cnt
B23-SAV-902,inner,in.1,3,1,shoot height,19,cm
B23-SAV-902,inner,in.1,3,2,shoot height,14,cm
B23-SAV-902,inner,in.1,3,3,shoot height,15,cm
B23-SAV-902,inner,in.1,3,4,shoot height,21,cm
B23-SAV-902,inner,in.1,3,5,shoot height,18,cm
B23-SAV-902,inner,in.2,3,1,flowering shoot density,0,cnt
B23-SAV-902,inner,in.2,3,1,percent cover,85,%
B23-SAV-902,inner,in.2,3,1,percent macroalgae,0,%
B23-SAV-902,inner,in.2,3,1,shoot density,14,cnt
B23-SAV-902,inner,in.2,3,1,shoot height,48,cm
B23-SAV-902,inner,in.2,3,2,shoot height,30,cm
B23-SAV-902,inner,in.2,3,3,shoot height,20,cm
B23-SAV-902,inner,in.2,3,4,shoot height,31,cm
B23-SAV-902,inner,in.2,3,5,shoot height,23,cm
B23-SAV-902,inner,in.3,3,1,flowering shoot density,0,cnt
B23-SAV-902,inner,in.3,3,1,percent cover,80,%
B23-SAV-902,inner,in.3,3,1,percent macroalgae,0,%
B23-SAV-902,inner,in.3,3,1,shoot density,15,cnt
B23-SAV-902,inner,in.3,3,1,shoot height,25,cm
B23-SAV-902,inner,in.3,3,2,shoot height,24,cm
B23-SAV-902,inner,in.3,3,3,shoot height,17,cm
B23-SAV-902,inner,in.3,3,4,shoot height,34,cm
B23-SAV-902,inner,in.3,3,5,shoot height,21,cm
B23-SAV-902,mid,mid.1,5,1,flowering shoot density,0,cnt
B23-SAV-902,mid,mid.1,5,1,percent cover,10,%
B23-SAV-902,mid,mid.1,5,1,percent macroalgae,0,%
B23-SAV-902,mid,mid.1,5,1,shoot density,14,cnt
B23-SAV-902,mid,mid.1,5,1,shoot height,49,cm
B23-SAV-902,mid,mid.1,5,2,shoot height,26,cm
B23-SAV-902,mid,mid.1,5,3,shoot height,23,cm
B23-SAV-902,mid,mid.1,5,4,shoot height,59,cm
B23-SAV-902,mid,mid.1,5,5,shoot height,15,cm
B23-SAV-902,mid,mid.2,5,1,flowering shoot density,0,cnt
B23-SAV-902,mid,mid.2,5,1,percent cover,10,%
B23-SAV-902,mid,mid.2,5,1,percent macroalgae,0,%
B23-SAV-902,mid,mid.2,5,1,shoot density,11,cnt
B23-SAV-902,mid,mid.2,5,1,shoot height,32,cm
B23-SAV-902,mid,mid.2,5,2,shoot height,34,cm
B23-SAV-902,mid,mid.2,5,3,shoot height,44,cm
B23-SAV-902,mid,mid.2,5,4,shoot height,58,cm
B23-SAV-902,mid,mid.2,5,5,shoot height,23,cm
B23-SAV-902,mid,mid.3,5,1,flowering shoot density,0,cnt
B23-SAV-902,mid,mid.3,5,1,percent cover,15,%
B23-SAV-902,mid,mid.3,5,1,percent macroalgae,0,%
B23-SAV-902,mid,mid.3,5,1,shoot density,17,cnt
B23-SAV-902,mid,mid.3,5,1,shoot height,17,cm
B23-SAV-902,mid,mid.3,5,2,shoot height,47,cm
B23-SAV-902,mid,mid.3,5,3,shoot height,20,cm
B23-SAV-902,mid,mid.3,5,4,shoot height,55,cm
B23-SAV-902,mid,mid.3,5,5,shoot height,28,cm
B23-SAV-902,mid,mid.4,5,1,flowering shoot density,0,cnt
B23-SAV-902,mid,mid.4,5,1,percent cover,25,%
B23-SAV-902,mid,mid.4,5,1,percent macroalgae,0,%
B23-SAV-902,mid,mid.4,5,1,shoot density,30,cnt
B23-SAV-902,mid,mid.4,5,1,shoot height,40,cm
B23-SAV-902,mid,mid.4,5,2,shoot height,56,cm
B23-SAV-902,mid,mid.4,5,3,shoot height,42,cm
B23-SAV-902,mid,mid.4,5,4,shoot height,46,cm
B23-SAV-902,mid,mid.4,5,5,shoot height,21,cm
B23-SAV-902,mid,mid.5,5,1,flowering shoot density,0,cnt
B23-SAV-902,mid,mid.5,5,1,percent cover,20,%
B23-SAV-902,mid,mid.5,5,1,percent macroalgae,0,%
B23-SAV-902,mid,mid.5,5,1,shoot density,23,cnt
B23-SAV-902,mid,mid.5,5,1,shoot height,33,cm
B23-SAV-902,mid,mid.5,5,2,shoot height,31,cm
B23-SAV-902,mid,mid.5,5,3,shoot height,52,cm
B23-SAV-902,mid,mid.5,5,4,shoot height,30,cm
B23-SAV-902,mid,mid.5,5,5,shoot height,23,cm
B23-SAV-902,outer,out.1,3,1,flowering shoot density,0,cnt
B23-SAV-902,outer,out.1,3,1,percent cover,85,%
B23-SAV-902,outer,out.1,3,1,percent macroalgae,0,%
B23-SAV-902,outer,out.1,3,1,shoot density,8,cnt
B23-SAV-902,outer,out.1,3,1,shoot height,33,cm
B23-SAV-902,outer,out.1,3,2,shoot height,49,cm
B23-SAV-902,outer,out.1,3,3,shoot height,19,cm
B23-SAV-902,outer,out.1,3,4,shoot height,61,cm
B23-SAV-902,outer,out.1,3,5,shoot height,20,cm
B23-SAV-902,outer,out.2,3,1,flowering shoot density,0,cnt
B23-SAV-902,outer,out.2,3,1,percent cover,80,%
B23-SAV-902,outer,out.2,3,1,percent macroalgae,0,%
B23-SAV-902,outer,out.2,3,1,shoot density,17,cnt
B23-SAV-902,outer,out.2,3,1,shoot height,65,cm
B23-SAV-902,outer,out.2,3,2,shoot height,36,cm
B23-SAV-902,outer,out.2,3,3,shoot height,45,cm
B23-SAV-902,outer,out.2,3,4,shoot height,67,cm
B23-SAV-902,outer,out.2,3,5,shoot height,48,cm
B23-SAV-902,outer,out.3,3,1,flowering shoot density,0,cnt
B23-SAV-902,outer,out.3,3,1,percent cover,50,%
B23-SAV-902,outer,out.3,3,1,percent macroalgae,0,%
B23-SAV-902,outer,out.3,3,1,shoot density,9,cnt
B23-SAV-902,outer,out.3,3,1,shoot height,29,cm
B23-SAV-902,outer,out.3,3,2,shoot height,32,cm
B23-SAV-902,outer,out.3,3,3,shoot height,31,cm
B23-SAV-902,outer,out.3,3,4,shoot height,41,cm
B23-SAV-902,outer,out.3,3,5,shoot height,36,cm
B23-SAV-903,patch,patch.1,3,1,flowering shoot density,0,cnt
B23-SAV-903,patch,patch.1,3,1,percent cover,5,%
B23-SAV-903,patch,patch.1,3,1,percent macroalgae,95,%
B23-SAV-903,patch,patch.1,3,1,shoot density,3,cnt
B23-SAV-903,patch,patch.1,3,1,shoot height,41,cm
B23-SAV-903,patch,patch.1,3,2,shoot height,17,cm
B23-SAV-903,patch,patch.1,3,3,shoot height,43,cm
B23-SAV-903,patch,patch.1,3,4,shoot height,-88,cm
B23-SAV-903,patch,patch.1,3,5,shoot height,-88,cm
B23-SAV-903,patch,patch.2,3,1,flowering shoot density,0,cnt
B23-SAV-903,patch,patch.2,3,1,percent cover,5,%
B23-SAV-903,patch,patch.2,3,1,percent macroalgae,95,%
B23-SAV-903,patch,patch.2,3,1,shoot density,7,cnt
B23-SAV-903,patch,patch.2,3,1,shoot height,56,cm
B23-SAV-903,patch,patch.2,3,2,shoot height,34,cm
B23-SAV-903,patch,patch.2,3,3,shoot height,11,cm
B23-SAV-903,patch,patch.2,3,4,shoot height,18,cm
B23-SAV-903,patch,patch.2,3,5,shoot height,19,cm
B23-SAV-904,patch,patch.1,2,1,flowering shoot density,0,cnt
B23-SAV-904,patch,patch.1,2,1,percent cover,55,%
B23-SAV-904,patch,patch.1,2,1,percent macroalgae,35,%
B23-SAV-904,patch,patch.1,2,1,shoot density,10,cnt
B23-SAV-904,patch,patch.1,2,1,shoot height,79,cm
B23-SAV-904,patch,patch.1,2,2,shoot height,68,cm
B23-SAV-904,patch,patch.1,2,3,shoot height,71,cm
B23-SAV-904,patch,patch.1,2,4,shoot height,73,cm
B23-SAV-904,patch,patch.1,2,5,shoot height,23,cm
B23-SAV-904,patch,patch.2,2,1,flowering shoot density,0,cnt
B23-SAV-904,patch,patch.2,2,1,percent cover,50,%
B23-SAV-904,patch,patch.2,2,1,percent macroalgae,5,%
B23-SAV-904,patch,patch.2,2,1,shoot density,9,cnt
B23-SAV-904,patch,patch.2,2,1,shoot height,38,cm
B23-SAV-904,patch,patch.2,2,2,shoot height,57,cm
B23-SAV-904,patch,patch.2,2,3,shoot height,31,cm
B23-SAV-904,patch,patch.2,2,4,shoot height,29,cm
B23-SAV-904,patch,patch.2,2,5,shoot height,71,cm
B23-SAV-905,cross,cross.1,2,1,flowering shoot density,0,cnt
B23-SAV-905,cross,cross.1,2,1,percent cover,45,%
B23-SAV-905,cross,cross.1,2,1,percent macroalgae,10,%
B23-SAV-905,cross,cross.1,2,1,shoot density,5,cnt
B23-SAV-905,cross,cross.1,2,1,shoot height,74,cm
B23-SAV-905,cross,cross.1,2,2,shoot height,66,cm
B23-SAV-905,cross,cross.1,2,3,shoot height,64,cm
B23-SAV-905,cross,cross.1,2,4,shoot height,39,cm
B23-SAV-905,cross,cross.1,2,5,shoot height,73,cm
B23-SAV-905,cross,cross.2,2,1,flowering shoot density,0,cnt
B23-SAV-905,cross,cross.2,2,1,percent cover,30,%
B23-SAV-905,cross,cross.2,2,1,percent macroalgae,1,%
B23-SAV-905,cross,cross.2,2,1,shoot density,3,cnt
B23-SAV-905,cross,cross.2,2,1,shoot height,52,cm
B23-SAV-905,cross,cross.2,2,2,shoot height,72,cm
B23-SAV-905,cross,cross.2,2,3,shoot height,72,cm
B23-SAV-905,cross,cross.2,2,4,shoot height,72,cm
B23-SAV-905,cross,cross.2,2,5,shoot height,49,cm
B23-SAV-905,inner,in.1,3,1,flowering shoot density,0,cnt
B23-SAV-905,inner,in.1,3,1,percent cover,40,%
B23-SAV-905,inner,in.1,3,1,percent macroalgae,3,%
B23-SAV-905,inner,in.1,3,1,shoot density,10,cnt
B23-SAV-905,inner,in.1,3,1,shoot height,47,cm
B23-SAV-905,inner,in.1,3,2,shoot height,69,cm
B23-SAV-905,inner,in.1,3,3,shoot height,67,cm
B23-SAV-905,inner,in.1,3,4,shoot height,50,cm
B23-SAV-905,inner,in.1,3,5,shoot height,28,cm
B23-SAV-905,inner,in.2,3,1,flowering shoot density,0,cnt
B23-SAV-905,inner,in.2,3,1,percent cover,50,%
B23-SAV-905,inner,in.2,3,1,percent macroalgae,1,%
B23-SAV-905,inner,in.2,3,1,shoot density,17,cnt
B23-SAV-905,inner,in.2,3,1,shoot height,66,cm
B23-SAV-905,inner,in.2,3,2,shoot height,24,cm
B23-SAV-905,inner,in.2,3,3,shoot height,67,cm
B23-SAV-905,inner,in.2,3,4,shoot height,42,cm
B23-SAV-905,inner,in.2,3,5,shoot height,63,cm
B23-SAV-905,inner,in.3,3,1,flowering shoot density,0,cnt
B23-SAV-905,inner,in.3,3,1,percent cover,70,%
B23-SAV-905,inner,in.3,3,1,percent macroalgae,5,%
B23-SAV-905,inner,in.3,3,1,shoot density,17,cnt
B23-SAV-905,inner,in.3,3,1,shoot height,68,cm
B23-SAV-905,inner,in.3,3,2,shoot height,59,cm
B23-SAV-905,inner,in.3,3,3,shoot height,51,cm
B23-SAV-905,inner,in.3,3,4,shoot height,70,cm
B23-SAV-905,inner,in.3,3,5,shoot height,63,cm
B23-SAV-905,mid,mid.1,5,1,flowering shoot density,0,cnt
B23-SAV-905,mid,mid.1,5,1,percent cover,65,%
B23-SAV-905,mid,mid.1,5,1,percent macroalgae,0,%
B23-SAV-905,mid,mid.1,5,1,shoot density,8,cnt
B23-SAV-905,mid,mid.1,5,1,shoot height,65,cm
B23-SAV-905,mid,mid.1,5,2,shoot height,65,cm
B23-SAV-905,mid,mid.1,5,3,shoot height,71,cm
B23-SAV-905,mid,mid.1,5,4,shoot height,43,cm
B23-SAV-905,mid,mid.1,5,5,shoot height,67,cm
B23-SAV-905,mid,mid.2,5,1,flowering shoot density,0,cnt
B23-SAV-905,mid,mid.2,5,1,percent cover,50,%
B23-SAV-905,mid,mid.2,5,1,percent macroalgae,5,%
B23-SAV-905,mid,mid.2,5,1,shoot density,5,cnt
B23-SAV-905,mid,mid.2,5,1,shoot height,49,cm
B23-SAV-905,mid,mid.2,5,2,shoot height,43,cm
B23-SAV-905,mid,mid.2,5,3,shoot height,67,cm
B23-SAV-905,mid,mid.2,5,4,shoot height,60,cm
B23-SAV-905,mid,mid.2,5,5,shoot height,15,cm
B23-SAV-905,mid,mid.3,5,1,flowering shoot density,0,cnt
B23-SAV-905,mid,mid.3,5,1,percent cover,35,%
B23-SAV-905,mid,mid.3,5,1,percent macroalgae,15,%
B23-SAV-905,mid,mid.3,5,1,shoot density,3,cnt
B23-SAV-905,mid,mid.3,5,1,shoot height,48,cm
B23-SAV-905,mid,mid.3,5,2,shoot height,38,cm
B23-SAV-905,mid,mid.3,5,3,shoot height,59,cm
B23-SAV-905,mid,mid.3,5,4,shoot height,-88,cm
B23-SAV-905,mid,mid.3,5,5,shoot height,-88,cm
B23-SAV-905,mid,mid.4,5,1,flowering shoot density,0,cnt
B23-SAV-905,mid,mid.4,5,1,percent cover,70,%
B23-SAV-905,mid,mid.4,5,1,percent macroalgae,2,%
B23-SAV-905,mid,mid.4,5,1,shoot density,20,cnt
B23-SAV-905,mid,mid.4,5,1,shoot height,48,cm
B23-SAV-905,mid,mid.4,5,2,shoot height,40,cm
B23-SAV-905,mid,mid.4,5,3,shoot height,71,cm
B23-SAV-905,mid,mid.4,5,4,shoot height,67,cm
B23-SAV-905,mid,mid.4,5,5,shoot height,51,cm
B23-SAV-905,mid,mid.5,5,1,flowering shoot density,0,cnt
B23-SAV-905,mid,mid.5,5,1,percent cover,25,%
B23-SAV-905,mid,mid.5,5,1,percent macroalgae,5,%
B23-SAV-905,mid,mid.5,5,1,shoot density,14,cnt
B23-SAV-905,mid,mid.5,5,1,shoot height,24,cm
B23-SAV-905,mid,mid.5,5,2,shoot height,38,cm
B23-SAV-905,mid,mid.5,5,3,shoot height,46,cm
B23-SAV-905,mid,mid.5,5,4,shoot height,21,cm
B23-SAV-905,mid,mid.5,5,5,shoot height,38,cm
B23-SAV-905,outer,out.1,3,1,flowering shoot density,0,cnt
B23-SAV-905,outer,out.1,3,1,percent cover,10,%
B23-SAV-905,outer,out.1,3,1,percent macroalgae,5,%
B23-SAV-905,outer,out.1,3,1,shoot density,17,cnt
B23-SAV-905,outer,out.1,3,1,shoot height,51,cm
B23-SAV-905,outer,out.1,3,2,shoot height,30,cm
B23-SAV-905,outer,out.1,3,3,shoot height,42,cm
B23-SAV-905,outer,out.1,3,4,shoot height,54,cm
B23-SAV-905,outer,out.1,3,5,shoot height,51,cm
B23-SAV-905,outer,out.2,3,1,flowering shoot density,0,cnt
B23-SAV-905,outer,out.2,3,1,percent cover,70,%
B23-SAV-905,outer,out.2,3,1,percent macroalgae,5,%
B23-SAV-905,outer,out.2,3,1,shoot density,15,cnt
B23-SAV-905,outer,out.2,3,1,shoot height,61,cm
B23-SAV-905,outer,out.2,3,2,shoot height,64,cm
B23-SAV-905,outer,out.2,3,3,shoot height,38,cm
B23-SAV-905,outer,out.2,3,4,shoot height,35,cm
B23-SAV-905,outer,out.2,3,5,shoot height,68,cm
B23-SAV-905,outer,out.3,3,1,flowering shoot density,0,cnt
B23-SAV-905,outer,out.3,3,1,percent cover,40,%
B23-SAV-905,outer,out.3,3,1,percent macroalgae,10,%
B23-SAV-905,outer,out.3,3,1,shoot density,11,cnt
B23-SAV-905,outer,out.3,3,1,shoot height,73,cm
B23-SAV-905,outer,out.3,3,2,shoot height,73,cm
B23-SAV-905,outer,out.3,3,3,shoot height,68,cm
B23-SAV-905,outer,out.3,3,4,shoot height,67,cm
B23-SAV-905,outer,out.3,3,5,shoot height,77,cm
B23-SAV-906,patch,patch.1,3,1,flowering shoot density,0,cnt
B23-SAV-906,patch,patch.1,3,1,percent cover,45,%
B23-SAV-906,patch,patch.1,3,1,percent macroalgae,0,%
B23-SAV-906,patch,patch.1,3,1,shoot density,91,cnt
B23-SAV-906,patch,patch.1,3,1,shoot height,96,cm
B23-SAV-906,patch,patch.1,3,2,shoot height,120,cm
B23-SAV-906,patch,patch.1,3,3,shoot height,76,cm
B23-SAV-906,patch,patch.1,3,4,shoot height,102,cm
B23-SAV-906,patch,patch.1,3,5,shoot height,80,cm
B23-SAV-906,patch,patch.2,3,1,flowering shoot density,0,cnt
B23-SAV-906,patch,patch.2,3,1,percent cover,28,%
B23-SAV-906,patch,patch.2,3,1,percent macroalgae,10,%
B23-SAV-906,patch,patch.2,3,1,shoot density,41,cnt
B23-SAV-906,patch,patch.2,3,1,shoot height,81,cm
B23-SAV-906,patch,patch.2,3,2,shoot height,39,cm
B23-SAV-906,patch,patch.2,3,3,shoot height,95,cm
B23-SAV-906,patch,patch.2,3,4,shoot height,67,cm
B23-SAV-906,patch,patch.2,3,5,shoot height,60,cm
B23-SAV-906,patch,patch.3,3,1,flowering shoot density,0,cnt
B23-SAV-906,patch,patch.3,3,1,percent cover,16,%
B23-SAV-906,patch,patch.3,3,1,percent macroalgae,0,%
B23-SAV-906,patch,patch.3,3,1,shoot density,12,cnt
B23-SAV-906,patch,patch.3,3,1,shoot height,97,cm
B23-SAV-906,patch,patch.3,3,2,shoot height,93,cm
B23-SAV-906,patch,patch.3,3,3,shoot height,35,cm
B23-SAV-906,patch,patch.3,3,4,shoot height,96,cm
B23-SAV-906,patch,patch.3,3,5,shoot height,13,cm
B23-SAV-908,cross,cross.1,2,1,flowering shoot density,0,cnt
B23-SAV-908,cross,cross.1,2,1,percent cover,15,%
B23-SAV-908,cross,cross.1,2,1,percent macroalgae,0,%
B23-SAV-908,cross,cross.1,2,1,shoot density,28,cnt
B23-SAV-908,cross,cross.1,2,1,shoot height,52,cm
B23-SAV-908,cross,cross.1,2,2,shoot height,66,cm
B23-SAV-908,cross,cross.1,2,3,shoot height,15,cm
B23-SAV-908,cross,cross.1,2,4,shoot height,54,cm
B23-SAV-908,cross,cross.1,2,5,shoot height,43,cm
B23-SAV-908,cross,cross.2,2,1,flowering shoot density,0,cnt
B23-SAV-908,cross,cross.2,2,1,percent cover,30,%
B23-SAV-908,cross,cross.2,2,1,percent macroalgae,0,%
B23-SAV-908,cross,cross.2,2,1,shoot density,38,cnt
B23-SAV-908,cross,cross.2,2,1,shoot height,72,cm
B23-SAV-908,cross,cross.2,2,2,shoot height,46,cm
B23-SAV-908,cross,cross.2,2,3,shoot height,58,cm
B23-SAV-908,cross,cross.2,2,4,shoot height,61,cm
B23-SAV-908,cross,cross.2,2,5,shoot height,36,cm
B23-SAV-908,mid,mid.1,5,1,flowering shoot density,0,cnt
B23-SAV-908,mid,mid.1,5,1,percent cover,50,%
B23-SAV-908,mid,mid.1,5,1,percent macroalgae,5,%
B23-SAV-908,mid,mid.1,5,1,shoot density,43,cnt
B23-SAV-908,mid,mid.1,5,1,shoot height,32,cm
B23-SAV-908,mid,mid.1,5,2,shoot height,48,cm
B23-SAV-908,mid,mid.1,5,3,shoot height,90,cm
B23-SAV-908,mid,mid.1,5,4,shoot height,49,cm
B23-SAV-908,mid,mid.1,5,5,shoot height,50,cm
B23-SAV-908,mid,mid.2,5,1,flowering shoot density,0,cnt
B23-SAV-908,mid,mid.2,5,1,percent cover,48,%
B23-SAV-908,mid,mid.2,5,1,percent macroalgae,5,%
B23-SAV-908,mid,mid.2,5,1,shoot density,41,cnt
B23-SAV-908,mid,mid.2,5,1,shoot height,73,cm
B23-SAV-908,mid,mid.2,5,2,shoot height,16,cm
B23-SAV-908,mid,mid.2,5,3,shoot height,74,cm
B23-SAV-908,mid,mid.2,5,4,shoot height,37,cm
B23-SAV-908,mid,mid.2,5,5,shoot height,30,cm
B23-SAV-908,mid,mid.3,5,1,flowering shoot density,0,cnt
B23-SAV-908,mid,mid.3,5,1,percent cover,10,%
B23-SAV-908,mid,mid.3,5,1,percent macroalgae,0,%
B23-SAV-908,mid,mid.3,5,1,shoot density,14,cnt
B23-SAV-908,mid,mid.3,5,1,shoot height,20,cm
B23-SAV-908,mid,mid.3,5,2,shoot height,29,cm
B23-SAV-908,mid,mid.3,5,3,shoot height,26,cm
B23-SAV-908,mid,mid.3,5,4,shoot height,23,cm
B23-SAV-908,mid,mid.3,5,5,shoot height,47,cm
B23-SAV-908,mid,mid.4,5,1,flowering shoot density,0,cnt
B23-SAV-908,mid,mid.4,5,1,percent cover,15,%
B23-SAV-908,mid,mid.4,5,1,percent macroalgae,2,%
B23-SAV-908,mid,mid.4,5,1,shoot density,19,cnt
B23-SAV-908,mid,mid.4,5,1,shoot height,47,cm
B23-SAV-908,mid,mid.4,5,2,shoot height,30,cm
B23-SAV-908,mid,mid.4,5,3,shoot height,49,cm
B23-SAV-908,mid,mid.4,5,4,shoot height,65,cm
B23-SAV-908,mid,mid.4,5,5,shoot height,62,cm
B23-SAV-908,mid,mid.5,5,1,flowering shoot density,0,cnt
B23-SAV-908,mid,mid.5,5,1,percent cover,50,%
B23-SAV-908,mid,mid.5,5,1,percent macroalgae,10,%
B23-SAV-908,mid,mid.5,5,1,shoot density,48,cnt
B23-SAV-908,mid,mid.5,5,1,shoot height,67,cm
B23-SAV-908,mid,mid.5,5,2,shoot height,134,cm
B23-SAV-908,mid,mid.5,5,3,shoot height,42,cm
B23-SAV-908,mid,mid.5,5,4,shoot height,47,cm
B23-SAV-908,mid,mid.5,5,5,shoot height,56,cm
B23-SAV-909,patch,patch.1,3,1,flowering shoot density,0,cnt
B23-SAV-909,patch,patch.1,3,1,percent cover,5,%
B23-SAV-909,patch,patch.1,3,1,percent macroalgae,20,%
B23-SAV-909,patch,patch.1,3,1,shoot density,9,cnt
B23-SAV-909,patch,patch.1,3,1,shoot height,20,cm
B23-SAV-909,patch,patch.1,3,2,shoot height,35,cm
B23-SAV-909,patch,patch.1,3,3,shoot height,51,cm
B23-SAV-909,patch,patch.1,3,4,shoot height,51,cm
B23-SAV-909,patch,patch.1,3,5,shoot height,57,cm
B23-SAV-909,patch,patch.2,3,1,flowering shoot density,0,cnt
B23-SAV-909,patch,patch.2,3,1,percent cover,10,%
B23-SAV-909,patch,patch.2,3,1,percent macroalgae,25,%
B23-SAV-909,patch,patch.2,3,1,shoot density,13,cnt
B23-SAV-909,patch,patch.2,3,1,shoot height,24,cm
B23-SAV-909,patch,patch.2,3,2,shoot height,40,cm
B23-SAV-909,patch,patch.2,3,3,shoot height,42,cm
B23-SAV-909,patch,patch.2,3,4,shoot height,52,cm
B23-SAV-909,patch,patch.2,3,5,shoot height,55,cm
B23-SAV-910,patch,patch.1,3,1,flowering shoot density,0,cnt
B23-SAV-910,patch,patch.1,3,1,percent cover,15,%
B23-SAV-910,patch,patch.1,3,1,percent macroalgae,0,%
B23-SAV-910,patch,patch.1,3,1,shoot density,13,cnt
B23-SAV-910,patch,patch.1,3,1,shoot height,58,cm
B23-SAV-910,patch,patch.1,3,2,shoot height,44,cm
B23-SAV-910,patch,patch.1,3,3,shoot height,65,cm
B23-SAV-910,patch,patch.1,3,4,shoot height,72,cm
B23-SAV-910,patch,patch.1,3,5,shoot height,66,cm
B23-SAV-910,patch,patch.2,3,1,flowering shoot density,0,cnt
B23-SAV-910,patch,patch.2,3,1,percent cover,10,%
B23-SAV-910,patch,patch.2,3,1,percent macroalgae,0,%
B23-SAV-910,patch,patch.2,3,1,shoot density,7,cnt
B23-SAV-910,patch,patch.2,3,1,shoot height,36,cm
B23-SAV-910,patch,patch.2,3,2,shoot height,72,cm
B23-SAV-910,patch,patch.2,3,3,shoot height,61,cm
B23-SAV-910,patch,patch.2,3,4,shoot height,39,cm
B23-SAV-910,patch,patch.2,3,5,shoot height,65,cm
B23-SAV-910,patch,patch.3,3,1,flowering shoot density,0,cnt
B23-SAV-910,patch,patch.3,3,1,percent cover,15,%
B23-SAV-910,patch,patch.3,3,1,percent macroalgae,0,%
B23-SAV-910,patch,patch.3,3,1,shoot density,12,cnt
B23-SAV-910,patch,patch.3,3,1,shoot height,70,cm
B23-SAV-910,patch,patch.3,3,2,shoot height,63,cm
B23-SAV-910,patch,patch.3,3,3,shoot height,74,cm
B23-SAV-910,patch,patch.3,3,4,shoot height,61,cm
B23-SAV-910,patch,patch.3,3,5,shoot height,67,cm
B23-SAV-991,patch,patch.1,3,1,flowering shoot density,0,cnt
B23-SAV-991,patch,patch.1,3,1,percent cover,15,%
B23-SAV-991,patch,patch.1,3,1,percent macroalgae,0,%
B23-SAV-991,patch,patch.1,3,1,shoot density,10,cnt
B23-SAV-991,patch,patch.1,3,1,shoot height,51,cm
B23-SAV-991,patch,patch.1,3,2,shoot height,61,cm
B23-SAV-991,patch,patch.1,3,3,shoot height,83,cm
B23-SAV-991,patch,patch.1,3,4,shoot height,62,cm
B23-SAV-991,patch,patch.1,3,5,shoot height,39,cm
B23-SAV-991,patch,patch.2,3,1,flowering shoot density,0,cnt
B23-SAV-991,patch,patch.2,3,1,percent cover,15,%
B23-SAV-991,patch,patch.2,3,1,percent macroalgae,0,%
B23-SAV-991,patch,patch.2,3,1,shoot density,13,cnt
B23-SAV-991,patch,patch.2,3,1,shoot height,26,cm
B23-SAV-991,patch,patch.2,3,2,shoot height,28,cm
B23-SAV-991,patch,patch.2,3,3,shoot height,70,cm
B23-SAV-991,patch,patch.2,3,4,shoot height,18,cm
B23-SAV-991,patch,patch.2,3,5,shoot height,78,cm
B23-SAV-991,patch,patch.3,3,1,flowering shoot density,0,cnt
B23-SAV-991,patch,patch.3,3,1,percent cover,25,%
B23-SAV-991,patch,patch.3,3,1,percent macroalgae,0,%
B23-SAV-991,patch,patch.3,3,1,shoot density,17,cnt
B23-SAV-991,patch,patch.3,3,1,shoot height,60,cm
B23-SAV-991,patch,patch.3,3,2,shoot height,61,cm
B23-SAV-991,patch,patch.3,3,3,shoot height,59,cm
B23-SAV-991,patch,patch.3,3,4,shoot height,75,cm
B23-SAV-991,patch,patch.3,3,5,shoot height,69,cm
RESCQ-Site-001,cross,cross.1,2,1,flowering shoot density,0,cnt
RESCQ-Site-001,cross,cross.1,2,1,percent cover,20,%
RESCQ-Site-001,cross,cross.1,2,1,percent macroalgae,15,%
RESCQ-Site-001,cross,cross.1,2,1,shoot density,54,cnt
RESCQ-Site-001,cross,cross.1,2,1,shoot height,12,cm
RESCQ-Site-001,cross,cross.1,2,2,shoot height,17,cm
RESCQ-Site-001,cross,cross.1,2,3,shoot height,20,cm
RESCQ-Site-001,cross,cross.1,2,4,shoot height,25,cm
RESCQ-Site-001,cross,cross.1,2,5,shoot height,30,cm
RESCQ-Site-001,cross,cross.2,2,1,flowering shoot density,0,cnt
RESCQ-Site-001,cross,cross.2,2,1,percent cover,30,%
RESCQ-Site-001,cross,cross.2,2,1,percent macroalgae,5,%
RESCQ-Site-001,cross,cross.2,2,1,shoot density,61,cnt
RESCQ-Site-001,cross,cross.2,2,1,shoot height,12,cm
RESCQ-Site-001,cross,cross.2,2,2,shoot height,19,cm
RESCQ-Site-001,cross,cross.2,2,3,shoot height,19,cm
RESCQ-Site-001,cross,cross.2,2,4,shoot height,23,cm
RESCQ-Site-001,cross,cross.2,2,5,shoot height,34,cm
RESCQ-Site-001,mid,mid.1,5,1,flowering shoot density,0,cnt
RESCQ-Site-001,mid,mid.1,5,1,percent cover,2,%
RESCQ-Site-001,mid,mid.1,5,1,percent macroalgae,20,%
RESCQ-Site-001,mid,mid.1,5,1,shoot density,13,cnt
RESCQ-Site-001,mid,mid.1,5,1,shoot height,21,cm
RESCQ-Site-001,mid,mid.1,5,2,shoot height,10,cm
RESCQ-Site-001,mid,mid.1,5,3,shoot height,11,cm
RESCQ-Site-001,mid,mid.1,5,4,shoot height,21,cm
RESCQ-Site-001,mid,mid.1,5,5,shoot height,20,cm
RESCQ-Site-001,mid,mid.2,5,1,flowering shoot density,0,cnt
RESCQ-Site-001,mid,mid.2,5,1,percent cover,25,%
RESCQ-Site-001,mid,mid.2,5,1,percent macroalgae,5,%
RESCQ-Site-001,mid,mid.2,5,1,shoot density,58,cnt
RESCQ-Site-001,mid,mid.2,5,1,shoot height,15,cm
RESCQ-Site-001,mid,mid.2,5,2,shoot height,29,cm
RESCQ-Site-001,mid,mid.2,5,3,shoot height,24,cm
RESCQ-Site-001,mid,mid.2,5,4,shoot height,31,cm
RESCQ-Site-001,mid,mid.2,5,5,shoot height,25,cm
RESCQ-Site-001,mid,mid.3,5,1,flowering shoot density,0,cnt
RESCQ-Site-001,mid,mid.3,5,1,percent cover,60,%
RESCQ-Site-001,mid,mid.3,5,1,percent macroalgae,0,%
RESCQ-Site-001,mid,mid.3,5,1,shoot density,147,cnt
RESCQ-Site-001,mid,mid.3,5,1,shoot height,12,cm
RESCQ-Site-001,mid,mid.3,5,2,shoot height,10,cm
RESCQ-Site-001,mid,mid.3,5,3,shoot height,35,cm
RESCQ-Site-001,mid,mid.3,5,4,shoot height,23,cm
RESCQ-Site-001,mid,mid.3,5,5,shoot height,19,cm
RESCQ-Site-001,mid,mid.4,5,1,flowering shoot density,0,cnt
RESCQ-Site-001,mid,mid.4,5,1,percent cover,25,%
RESCQ-Site-001,mid,mid.4,5,1,percent macroalgae,5,%
RESCQ-Site-001,mid,mid.4,5,1,shoot density,24,cnt
RESCQ-Site-001,mid,mid.4,5,1,shoot height,18,cm
RESCQ-Site-001,mid,mid.4,5,2,shoot height,18,cm
RESCQ-Site-001,mid,mid.4,5,3,shoot height,25,cm
RESCQ-Site-001,mid,mid.4,5,4,shoot height,41,cm
RESCQ-Site-001,mid,mid.4,5,5,shoot height,54,cm
RESCQ-Site-001,mid,mid.5,5,1,flowering shoot density,0,cnt
RESCQ-Site-001,mid,mid.5,5,1,percent cover,75,%
RESCQ-Site-001,mid,mid.5,5,1,percent macroalgae,0,%
RESCQ-Site-001,mid,mid.5,5,1,shoot density,33,cnt
RESCQ-Site-001,mid,mid.5,5,1,shoot height,28,cm
RESCQ-Site-001,mid,mid.5,5,2,shoot height,42,cm
RESCQ-Site-001,mid,mid.5,5,3,shoot height,43,cm
RESCQ-Site-001,mid,mid.5,5,4,shoot height,52,cm
RESCQ-Site-001,mid,mid.5,5,5,shoot height,52,cm
RESCQ-Site-003,cross,cross.1,2,1,flowering shoot density,0,cnt
RESCQ-Site-003,cross,cross.1,2,1,percent cover,5,%
RESCQ-Site-003,cross,cross.1,2,1,percent macroalgae,2,%
RESCQ-Site-003,cross,cross.1,2,1,shoot density,26,cnt
RESCQ-Site-003,cross,cross.1,2,1,shoot height,11,cm
RESCQ-Site-003,cross,cross.1,2,2,shoot height,18,cm
RESCQ-Site-003,cross,cross.1,2,3,shoot height,42,cm
RESCQ-Site-003,cross,cross.1,2,4,shoot height,40,cm
RESCQ-Site-003,cross,cross.1,2,5,shoot height,27,cm
RESCQ-Site-003,cross,cross.2,2,1,flowering shoot density,0,cnt
RESCQ-Site-003,cross,cross.2,2,1,percent cover,5,%
RESCQ-Site-003,cross,cross.2,2,1,percent macroalgae,0,%
RESCQ-Site-003,cross,cross.2,2,1,shoot density,21,cnt
RESCQ-Site-003,cross,cross.2,2,1,shoot height,27,cm
RESCQ-Site-003,cross,cross.2,2,2,shoot height,29,cm
RESCQ-Site-003,cross,cross.2,2,3,shoot height,10,cm
RESCQ-Site-003,cross,cross.2,2,4,shoot height,31,cm
RESCQ-Site-003,cross,cross.2,2,5,shoot height,26,cm
RESCQ-Site-003,mid,mid.1,5,1,flowering shoot density,0,cnt
RESCQ-Site-003,mid,mid.1,5,1,percent cover,80,%
RESCQ-Site-003,mid,mid.1,5,1,percent macroalgae,0,%
RESCQ-Site-003,mid,mid.1,5,1,shoot density,113,cnt
RESCQ-Site-003,mid,mid.1,5,1,shoot height,43,cm
RESCQ-Site-003,mid,mid.1,5,2,shoot height,45,cm
RESCQ-Site-003,mid,mid.1,5,3,shoot height,31,cm
RESCQ-Site-003,mid,mid.1,5,4,shoot height,45,cm
RESCQ-Site-003,mid,mid.1,5,5,shoot height,43,cm
RESCQ-Site-003,mid,mid.2,5,1,flowering shoot density,0,cnt
RESCQ-Site-003,mid,mid.2,5,1,percent cover,5,%
RESCQ-Site-003,mid,mid.2,5,1,percent macroalgae,10,%
RESCQ-Site-003,mid,mid.2,5,1,shoot density,26,cnt
RESCQ-Site-003,mid,mid.2,5,1,shoot height,15,cm
RESCQ-Site-003,mid,mid.2,5,2,shoot height,22,cm
RESCQ-Site-003,mid,mid.2,5,3,shoot height,23,cm
RESCQ-Site-003,mid,mid.2,5,4,shoot height,25,cm
RESCQ-Site-003,mid,mid.2,5,5,shoot height,23,cm
RESCQ-Site-003,mid,mid.3,5,1,flowering shoot density,0,cnt
RESCQ-Site-003,mid,mid.3,5,1,percent cover,10,%
RESCQ-Site-003,mid,mid.3,5,1,percent macroalgae,5,%
RESCQ-Site-003,mid,mid.3,5,1,shoot density,26,cnt
RESCQ-Site-003,mid,mid.3,5,1,shoot height,34,cm
RESCQ-Site-003,mid,mid.3,5,2,shoot height,45,cm
RESCQ-Site-003,mid,mid.3,5,3,shoot height,29,cm
RESCQ-Site-003,mid,mid.3,5,4,shoot height,18,cm
RESCQ-Site-003,mid,mid.3,5,5,shoot height,27,cm
RESCQ-Site-003,mid,mid.4,5,1,flowering shoot density,0,cnt
RESCQ-Site-003,mid,mid.4,5,1,percent cover,20,%
RESCQ-Site-003,mid,mid.4,5,1,percent macroalgae,40,%
RESCQ-Site-003,mid,mid.4,5,1,shoot density,65,cnt
RESCQ-Site-003,mid,mid.4,5,1,shoot height,24,cm
RESCQ-Site-003,mid,mid.4,5,2,shoot height,36,cm
RESCQ-Site-003,mid,mid.4,5,3,shoot height,27,cm
RESCQ-Site-003,mid,mid.4,5,4,shoot height,43,cm
RESCQ-Site-003,mid,mid.4,5,5,shoot height,41,cm
RESCQ-Site-003,mid,mid.5,5,1,flowering shoot density,0,cnt
RESCQ-Site-003,mid,mid.5,5,1,percent cover,30,%
RESCQ-Site-003,mid,mid.5,5,1,percent macroalgae,5,%
RESCQ-Site-003,mid,mid.5,5,1,shoot density,52,cnt
RESCQ-Site-003,mid,mid.5,5,1,shoot height,35,cm
RESCQ-Site-003,mid,mid.5,5,2,shoot height,35,cm
RESCQ-Site-003,mid,mid.5,5,3,shoot height,28,cm
RESCQ-Site-003,mid,mid.5,5,4,shoot height,27,cm
RESCQ-Site-003,mid,mid.5,5,5,shoot height,25,cm
RESCQ-Site-004,cross,cross.1,2,1,flowering shoot density,0,cnt
RESCQ-Site-004,cross,cross.1,2,1,percent cover,95,%
RESCQ-Site-004,cross,cross.1,2,1,percent macroalgae,10,%
RESCQ-Site-004,cross,cross.1,2,1,shoot density,169,cnt
RESCQ-Site-004,cross,cross.1,2,1,shoot height,94,cm
RESCQ-Site-004,cross,cross.1,2,2,shoot height,103,cm
RESCQ-Site-004,cross,cross.1,2,3,shoot height,90,cm
RESCQ-Site-004,cross,cross.1,2,4,shoot height,96,cm
RESCQ-Site-004,cross,cross.1,2,5,shoot height,89,cm
RESCQ-Site-004,cross,cross.2,2,1,flowering shoot density,0,cnt
RESCQ-Site-004,cross,cross.2,2,1,percent cover,30,%
RESCQ-Site-004,cross,cross.2,2,1,percent macroalgae,0,%
RESCQ-Site-004,cross,cross.2,2,1,shoot density,52,cnt
RESCQ-Site-004,cross,cross.2,2,1,shoot height,70,cm
RESCQ-Site-004,cross,cross.2,2,2,shoot height,62,cm
RESCQ-Site-004,cross,cross.2,2,3,shoot height,56,cm
RESCQ-Site-004,cross,cross.2,2,4,shoot height,49,cm
RESCQ-Site-004,cross,cross.2,2,5,shoot height,67,cm
RESCQ-Site-004,mid,mid.1,5,1,flowering shoot density,0,cnt
RESCQ-Site-004,mid,mid.1,5,1,percent cover,70,%
RESCQ-Site-004,mid,mid.1,5,1,percent macroalgae,0,%
RESCQ-Site-004,mid,mid.1,5,1,shoot density,81,cnt
RESCQ-Site-004,mid,mid.1,5,1,shoot height,148,cm
RESCQ-Site-004,mid,mid.1,5,2,shoot height,76,cm
RESCQ-Site-004,mid,mid.1,5,3,shoot height,124,cm
RESCQ-Site-004,mid,mid.1,5,4,shoot height,122,cm
RESCQ-Site-004,mid,mid.1,5,5,shoot height,110,cm
RESCQ-Site-004,mid,mid.2,5,1,flowering shoot density,0,cnt
RESCQ-Site-004,mid,mid.2,5,1,percent cover,80,%
RESCQ-Site-004,mid,mid.2,5,1,percent macroalgae,0,%
RESCQ-Site-004,mid,mid.2,5,1,shoot density,122,cnt
RESCQ-Site-004,mid,mid.2,5,1,shoot height,124,cm
RESCQ-Site-004,mid,mid.2,5,2,shoot height,97,cm
RESCQ-Site-004,mid,mid.2,5,3,shoot height,123,cm
RESCQ-Site-004,mid,mid.2,5,4,shoot height,69,cm
RESCQ-Site-004,mid,mid.2,5,5,shoot height,116,cm
RESCQ-Site-004,mid,mid.3,5,1,flowering shoot density,0,cnt
RESCQ-Site-004,mid,mid.3,5,1,percent cover,90,%
RESCQ-Site-004,mid,mid.3,5,1,percent macroalgae,20,%
RESCQ-Site-004,mid,mid.3,5,1,shoot density,89,cnt
RESCQ-Site-004,mid,mid.3,5,1,shoot height,87,cm
RESCQ-Site-004,mid,mid.3,5,2,shoot height,112,cm
RESCQ-Site-004,mid,mid.3,5,3,shoot height,95,cm
RESCQ-Site-004,mid,mid.3,5,4,shoot height,122,cm
RESCQ-Site-004,mid,mid.3,5,5,shoot height,123,cm
RESCQ-Site-004,mid,mid.4,5,1,flowering shoot density,0,cnt
RESCQ-Site-004,mid,mid.4,5,1,percent cover,90,%
RESCQ-Site-004,mid,mid.4,5,1,percent macroalgae,10,%
RESCQ-Site-004,mid,mid.4,5,1,shoot density,128,cnt
RESCQ-Site-004,mid,mid.4,5,1,shoot height,105,cm
RESCQ-Site-004,mid,mid.4,5,2,shoot height,107,cm
RESCQ-Site-004,mid,mid.4,5,3,shoot height,126,cm
RESCQ-Site-004,mid,mid.4,5,4,shoot height,131,cm
RESCQ-Site-004,mid,mid.4,5,5,shoot height,111,cm
RESCQ-Site-004,mid,mid.5,5,1,flowering shoot density,0,cnt
RESCQ-Site-004,mid,mid.5,5,1,percent cover,85,%
RESCQ-Site-004,mid,mid.5,5,1,percent macroalgae,5,%
RESCQ-Site-004,mid,mid.5,5,1,shoot density,107,cnt
RESCQ-Site-004,mid,mid.5,5,1,shoot height,99,cm
RESCQ-Site-004,mid,mid.5,5,2,shoot height,88,cm
RESCQ-Site-004,mid,mid.5,5,3,shoot height,102,cm
RESCQ-Site-004,mid,mid.5,5,4,shoot height,97,cm
RESCQ-Site-004,mid,mid.5,5,5,shoot height,96,cm
RESCQ-Site-007,mid,mid.1,5,1,flowering shoot density,0,cnt
RESCQ-Site-007,mid,mid.1,5,1,percent cover,60,%
RESCQ-Site-007,mid,mid.1,5,1,percent macroalgae,0,%
RESCQ-Site-007,mid,mid.1,5,1,shoot density,31,cnt
RESCQ-Site-007,mid,mid.1,5,1,shoot height,50,cm
RESCQ-Site-007,mid,mid.1,5,2,shoot height,69,cm
RESCQ-Site-007,mid,mid.1,5,3,shoot height,61,cm
RESCQ-Site-007,mid,mid.1,5,4,shoot height,84,cm
RESCQ-Site-007,mid,mid.1,5,5,shoot height,73,cm
RESCQ-Site-007,mid,mid.2,5,1,flowering shoot density,0,cnt
RESCQ-Site-007,mid,mid.2,5,1,percent cover,70,%
RESCQ-Site-007,mid,mid.2,5,1,percent macroalgae,0,%
RESCQ-Site-007,mid,mid.2,5,1,shoot density,35,cnt
RESCQ-Site-007,mid,mid.2,5,1,shoot height,98,cm
RESCQ-Site-007,mid,mid.2,5,2,shoot height,87,cm
RESCQ-Site-007,mid,mid.2,5,3,shoot height,82,cm
RESCQ-Site-007,mid,mid.2,5,4,shoot height,89,cm
RESCQ-Site-007,mid,mid.2,5,5,shoot height,53,cm
RESCQ-Site-007,mid,mid.3,5,1,flowering shoot density,0,cnt
RESCQ-Site-007,mid,mid.3,5,1,percent cover,95,%
RESCQ-Site-007,mid,mid.3,5,1,percent macroalgae,0,%
RESCQ-Site-007,mid,mid.3,5,1,shoot density,30,cnt
RESCQ-Site-007,mid,mid.3,5,1,shoot height,86,cm
RESCQ-Site-007,mid,mid.3,5,2,shoot height,98,cm
RESCQ-Site-007,mid,mid.3,5,3,shoot height,105,cm
RESCQ-Site-007,mid,mid.3,5,4,shoot height,102,cm
RESCQ-Site-007,mid,mid.3,5,5,shoot height,91,cm
RESCQ-Site-007,mid,mid.4,5,1,flowering shoot density,0,cnt
RESCQ-Site-007,mid,mid.4,5,1,percent cover,70,%
RESCQ-Site-007,mid,mid.4,5,1,percent macroalgae,10,%
RESCQ-Site-007,mid,mid.4,5,1,shoot density,48,cnt
RESCQ-Site-007,mid,mid.4,5,1,shoot height,71,cm
RESCQ-Site-007,mid,mid.4,5,2,shoot height,75,cm
RESCQ-Site-007,mid,mid.4,5,3,shoot height,46,cm
RESCQ-Site-007,mid,mid.4,5,4,shoot height,53,cm
RESCQ-Site-007,mid,mid.4,5,5,shoot height,45,cm
RESCQ-Site-007,mid,mid.5,5,1,flowering shoot density,0,cnt
RESCQ-Site-007,mid,mid.5,5,1,percent cover,60,%
RESCQ-Site-007,mid,mid.5,5,1,percent macroalgae,30,%
RESCQ-Site-007,mid,mid.5,5,1,shoot density,38,cnt
RESCQ-Site-007,mid,mid.5,5,1,shoot height,56,cm
RESCQ-Site-007,mid,mid.5,5,2,shoot height,70,cm
RESCQ-Site-007,mid,mid.5,5,3,shoot height,92,cm
RESCQ-Site-007,mid,mid.5,5,4,shoot height,65,cm
RESCQ-Site-007,mid,mid.5,5,5,shoot height,75,cm
RESCQ-Site-008,cross,cross.1,2,1,flowering shoot density,0,cnt
RESCQ-Site-008,cross,cross.1,2,1,percent cover,15,%
RESCQ-Site-008,cross,cross.1,2,1,percent macroalgae,50,%
RESCQ-Site-008,cross,cross.1,2,1,shoot density,10,cnt
RESCQ-Site-008,cross,cross.1,2,1,shoot height,35,cm
RESCQ-Site-008,cross,cross.1,2,2,shoot height,44,cm
RESCQ-Site-008,cross,cross.1,2,3,shoot height,33,cm
RESCQ-Site-008,cross,cross.1,2,4,shoot height,32,cm
RESCQ-Site-008,cross,cross.1,2,5,shoot height,38,cm
RESCQ-Site-008,cross,cross.2,2,1,flowering shoot density,0,cnt
RESCQ-Site-008,cross,cross.2,2,1,percent cover,30,%
RESCQ-Site-008,cross,cross.2,2,1,percent macroalgae,40,%
RESCQ-Site-008,cross,cross.2,2,1,shoot density,37,cnt
RESCQ-Site-008,cross,cross.2,2,1,shoot height,33,cm
RESCQ-Site-008,cross,cross.2,2,2,shoot height,55,cm
RESCQ-Site-008,cross,cross.2,2,3,shoot height,26,cm
RESCQ-Site-008,cross,cross.2,2,4,shoot height,41,cm
RESCQ-Site-008,cross,cross.2,2,5,shoot height,28,cm
RESCQ-Site-008,mid,mid.1,5,1,flowering shoot density,0,cnt
RESCQ-Site-008,mid,mid.1,5,1,percent cover,20,%
RESCQ-Site-008,mid,mid.1,5,1,percent macroalgae,80,%
RESCQ-Site-008,mid,mid.1,5,1,shoot density,11,cnt
RESCQ-Site-008,mid,mid.1,5,1,shoot height,16,cm
RESCQ-Site-008,mid,mid.1,5,2,shoot height,58,cm
RESCQ-Site-008,mid,mid.1,5,3,shoot height,73,cm
RESCQ-Site-008,mid,mid.1,5,4,shoot height,35,cm
RESCQ-Site-008,mid,mid.1,5,5,shoot height,61,cm
RESCQ-Site-008,mid,mid.2,5,1,flowering shoot density,0,cnt
RESCQ-Site-008,mid,mid.2,5,1,percent cover,10,%
RESCQ-Site-008,mid,mid.2,5,1,percent macroalgae,60,%
RESCQ-Site-008,mid,mid.2,5,1,shoot density,14,cnt
RESCQ-Site-008,mid,mid.2,5,1,shoot height,31,cm
RESCQ-Site-008,mid,mid.2,5,2,shoot height,35,cm
RESCQ-Site-008,mid,mid.2,5,3,shoot height,47,cm
RESCQ-Site-008,mid,mid.2,5,4,shoot height,55,cm
RESCQ-Site-008,mid,mid.2,5,5,shoot height,47,cm
RESCQ-Site-008,mid,mid.3,5,1,flowering shoot density,0,cnt
RESCQ-Site-008,mid,mid.3,5,1,percent cover,15,%
RESCQ-Site-008,mid,mid.3,5,1,percent macroalgae,60,%
RESCQ-Site-008,mid,mid.3,5,1,shoot density,20,cnt
RESCQ-Site-008,mid,mid.3,5,1,shoot height,55,cm
RESCQ-Site-008,mid,mid.3,5,2,shoot height,28,cm
RESCQ-Site-008,mid,mid.3,5,3,shoot height,62,cm
RESCQ-Site-008,mid,mid.3,5,4,shoot height,47,cm
RESCQ-Site-008,mid,mid.3,5,5,shoot height,42,cm
RESCQ-Site-008,mid,mid.4,5,1,flowering shoot density,0,cnt
RESCQ-Site-008,mid,mid.4,5,1,percent cover,30,%
RESCQ-Site-008,mid,mid.4,5,1,percent macroalgae,70,%
RESCQ-Site-008,mid,mid.4,5,1,shoot density,26,cnt
RESCQ-Site-008,mid,mid.4,5,1,shoot height,15,cm
RESCQ-Site-008,mid,mid.4,5,2,shoot height,44,cm
RESCQ-Site-008,mid,mid.4,5,3,shoot height,48,cm
RESCQ-Site-008,mid,mid.4,5,4,shoot height,32,cm
RESCQ-Site-008,mid,mid.4,5,5,shoot height,57,cm
RESCQ-Site-008,mid,mid.5,5,1,flowering shoot density,0,cnt
RESCQ-Site-008,mid,mid.5,5,1,percent cover,100,%
RESCQ-Site-008,mid,mid.5,5,1,percent macroalgae,0,%
RESCQ-Site-008,mid,mid.5,5,1,shoot density,23,cnt
RESCQ-Site-008,mid,mid.5,5,1,shoot height,68,cm
RESCQ-Site-008,mid,mid.5,5,2,shoot height,85,cm
RESCQ-Site-008,mid,mid.5,5,3,shoot height,99,cm
RESCQ-Site-008,mid,mid.5,5,4,shoot height,95,cm
RESCQ-Site-008,mid,mid.5,5,5,shoot height,89,cm
RESCQ-Site-009,cross,cross.1,2,1,flowering shoot density,0,cnt
RESCQ-Site-009,cross,cross.1,2,1,percent cover,15,%
RESCQ-Site-009,cross,cross.1,2,1,percent macroalgae,5,%
RESCQ-Site-009,cross,cross.1,2,1,shoot density,68,cnt
RESCQ-Site-009,cross,cross.1,2,1,shoot height,12,cm
RESCQ-Site-009,cross,cross.1,2,2,shoot height,13,cm
RESCQ-Site-009,cross,cross.1,2,3,shoot height,23,cm
RESCQ-Site-009,cross,cross.1,2,4,shoot height,25,cm
RESCQ-Site-009,cross,cross.1,2,5,shoot height,23,cm
RESCQ-Site-009,cross,cross.2,2,1,flowering shoot density,0,cnt
RESCQ-Site-009,cross,cross.2,2,1,percent cover,15,%
RESCQ-Site-009,cross,cross.2,2,1,percent macroalgae,5,%
RESCQ-Site-009,cross,cross.2,2,1,shoot density,85,cnt
RESCQ-Site-009,cross,cross.2,2,1,shoot height,7,cm
RESCQ-Site-009,cross,cross.2,2,2,shoot height,12,cm
RESCQ-Site-009,cross,cross.2,2,3,shoot height,14,cm
RESCQ-Site-009,cross,cross.2,2,4,shoot height,18,cm
RESCQ-Site-009,cross,cross.2,2,5,shoot height,24,cm
RESCQ-Site-009,mid,mid.1,5,1,flowering shoot density,0,cnt
RESCQ-Site-009,mid,mid.1,5,1,percent cover,95,%
RESCQ-Site-009,mid,mid.1,5,1,percent macroalgae,0,%
RESCQ-Site-009,mid,mid.1,5,1,shoot density,41,cnt
RESCQ-Site-009,mid,mid.1,5,1,shoot height,58,cm
RESCQ-Site-009,mid,mid.1,5,2,shoot height,42,cm
RESCQ-Site-009,mid,mid.1,5,3,shoot height,61,cm
RESCQ-Site-009,mid,mid.1,5,4,shoot height,40,cm
RESCQ-Site-009,mid,mid.1,5,5,shoot height,59,cm
RESCQ-Site-009,mid,mid.2,5,1,flowering shoot density,5,cnt
RESCQ-Site-009,mid,mid.2,5,1,percent cover,80,%
RESCQ-Site-009,mid,mid.2,5,1,percent macroalgae,0,%
RESCQ-Site-009,mid,mid.2,5,1,shoot density,72,cnt
RESCQ-Site-009,mid,mid.2,5,1,shoot height,48,cm
RESCQ-Site-009,mid,mid.2,5,2,shoot height,51,cm
RESCQ-Site-009,mid,mid.2,5,3,shoot height,37,cm
RESCQ-Site-009,mid,mid.2,5,4,shoot height,42,cm
RESCQ-Site-009,mid,mid.2,5,5,shoot height,28,cm
RESCQ-Site-009,mid,mid.3,5,1,flowering shoot density,4,cnt
RESCQ-Site-009,mid,mid.3,5,1,percent cover,75,%
RESCQ-Site-009,mid,mid.3,5,1,percent macroalgae,0,%
RESCQ-Site-009,mid,mid.3,5,1,shoot density,77,cnt
RESCQ-Site-009,mid,mid.3,5,1,shoot height,24,cm
RESCQ-Site-009,mid,mid.3,5,2,shoot height,28,cm
RESCQ-Site-009,mid,mid.3,5,3,shoot height,39,cm
RESCQ-Site-009,mid,mid.3,5,4,shoot height,61,cm
RESCQ-Site-009,mid,mid.3,5,5,shoot height,27,cm
RESCQ-Site-009,mid,mid.4,5,1,flowering shoot density,0,cnt
RESCQ-Site-009,mid,mid.4,5,1,percent cover,25,%
RESCQ-Site-009,mid,mid.4,5,1,percent macroalgae,0,%
RESCQ-Site-009,mid,mid.4,5,1,shoot density,43,cnt
RESCQ-Site-009,mid,mid.4,5,1,shoot height,8,cm
RESCQ-Site-009,mid,mid.4,5,2,shoot height,16,cm
RESCQ-Site-009,mid,mid.4,5,3,shoot height,12,cm
RESCQ-Site-009,mid,mid.4,5,4,shoot height,5,cm
RESCQ-Site-009,mid,mid.4,5,5,shoot height,11,cm
RESCQ-Site-009,mid,mid.5,5,1,flowering shoot density,5,cnt
RESCQ-Site-009,mid,mid.5,5,1,percent cover,30,%
RESCQ-Site-009,mid,mid.5,5,1,percent macroalgae,0,%
RESCQ-Site-009,mid,mid.5,5,1,shoot density,89,cnt
RESCQ-Site-009,mid,mid.5,5,1,shoot height,33,cm
RESCQ-Site-009,mid,mid.5,5,2,shoot height,21,cm
RESCQ-Site-009,mid,mid.5,5,3,shoot height,15,cm
RESCQ-Site-009,mid,mid.5,5,4,shoot height,37,cm
RESCQ-Site-009,mid,mid.5,5,5,shoot height,18,cm
RESCQ-Site-010,cross,cross.1,2,1,flowering shoot density,0,cnt
RESCQ-Site-010,cross,cross.1,2,1,percent cover,60,%
RESCQ-Site-010,cross,cross.1,2,1,percent macroalgae,0,%
RESCQ-Site-010,cross,cross.1,2,1,shoot density,146,cnt
RESCQ-Site-010,cross,cross.1,2,1,shoot height,27,cm
RESCQ-Site-010,cross,cross.1,2,2,shoot height,31,cm
RESCQ-Site-010,cross,cross.1,2,3,shoot height,31,cm
RESCQ-Site-010,cross,cross.1,2,4,shoot height,32,cm
RESCQ-Site-010,cross,cross.1,2,5,shoot height,38,cm
RESCQ-Site-010,cross,cross.2,2,1,flowering shoot density,0,cnt
RESCQ-Site-010,cross,cross.2,2,1,percent cover,80,%
RESCQ-Site-010,cross,cross.2,2,1,percent macroalgae,0,%
RESCQ-Site-010,cross,cross.2,2,1,shoot density,119,cnt
RESCQ-Site-010,cross,cross.2,2,1,shoot height,22,cm
RESCQ-Site-010,cross,cross.2,2,2,shoot height,29,cm
RESCQ-Site-010,cross,cross.2,2,3,shoot height,32,cm
RESCQ-Site-010,cross,cross.2,2,4,shoot height,33,cm
RESCQ-Site-010,cross,cross.2,2,5,shoot height,48,cm
RESCQ-Site-010,mid,mid.1,5,1,flowering shoot density,8,cnt
RESCQ-Site-010,mid,mid.1,5,1,percent cover,95,%
RESCQ-Site-010,mid,mid.1,5,1,percent macroalgae,0,%
RESCQ-Site-010,mid,mid.1,5,1,shoot density,86,cnt
RESCQ-Site-010,mid,mid.1,5,1,shoot height,62,cm
RESCQ-Site-010,mid,mid.1,5,2,shoot height,54,cm
RESCQ-Site-010,mid,mid.1,5,3,shoot height,49,cm
RESCQ-Site-010,mid,mid.1,5,4,shoot height,43,cm
RESCQ-Site-010,mid,mid.1,5,5,shoot height,41,cm
RESCQ-Site-010,mid,mid.2,5,1,flowering shoot density,0,cnt
RESCQ-Site-010,mid,mid.2,5,1,percent cover,98,%
RESCQ-Site-010,mid,mid.2,5,1,percent macroalgae,0,%
RESCQ-Site-010,mid,mid.2,5,1,shoot density,93,cnt
RESCQ-Site-010,mid,mid.2,5,1,shoot height,30,cm
RESCQ-Site-010,mid,mid.2,5,2,shoot height,9,cm
RESCQ-Site-010,mid,mid.2,5,3,shoot height,24,cm
RESCQ-Site-010,mid,mid.2,5,4,shoot height,37,cm
RESCQ-Site-010,mid,mid.2,5,5,shoot height,33,cm
RESCQ-Site-010,mid,mid.3,5,1,flowering shoot density,0,cnt
RESCQ-Site-010,mid,mid.3,5,1,percent cover,50,%
RESCQ-Site-010,mid,mid.3,5,1,percent macroalgae,0,%
RESCQ-Site-010,mid,mid.3,5,1,shoot density,72,cnt
RESCQ-Site-010,mid,mid.3,5,1,shoot height,36,cm
RESCQ-Site-010,mid,mid.3,5,2,shoot height,12,cm
RESCQ-Site-010,mid,mid.3,5,3,shoot height,19,cm
RESCQ-Site-010,mid,mid.3,5,4,shoot height,28,cm
RESCQ-Site-010,mid,mid.3,5,5,shoot height,31,cm
RESCQ-Site-010,mid,mid.4,5,1,flowering shoot density,0,cnt
RESCQ-Site-010,mid,mid.4,5,1,percent cover,75,%
RESCQ-Site-010,mid,mid.4,5,1,percent macroalgae,0,%
RESCQ-Site-010,mid,mid.4,5,1,shoot density,46,cnt
RESCQ-Site-010,mid,mid.4,5,1,shoot height,17,cm
RESCQ-Site-010,mid,mid.4,5,2,shoot height,46,cm
RESCQ-Site-010,mid,mid.4,5,3,shoot height,50,cm
RESCQ-Site-010,mid,mid.4,5,4,shoot height,38,cm
RESCQ-Site-010,mid,mid.4,5,5,shoot height,55,cm
RESCQ-Site-010,mid,mid.5,5,1,flowering shoot density,0,cnt
RESCQ-Site-010,mid,mid.5,5,1,percent cover,50,%
RESCQ-Site-010,mid,mid.5,5,1,percent macroalgae,0,%
RESCQ-Site-010,mid,mid.5,5,1,shoot density,132,cnt
RESCQ-Site-010,mid,mid.5,5,1,shoot height,18,cm
RESCQ-Site-010,mid,mid.5,5,2,shoot height,26,cm
RESCQ-Site-010,mid,mid.5,5,3,shoot height,28,cm
RESCQ-Site-010,mid,mid.5,5,4,shoot height,37,cm
RESCQ-Site-010,mid,mid.5,5,5,shoot height,38,cm
RESCQ-Site-013,cross,cross.1,2,1,flowering shoot density,0,cnt
RESCQ-Site-013,cross,cross.1,2,1,percent cover,15,%
RESCQ-Site-013,cross,cross.1,2,1,percent macroalgae,0,%
RESCQ-Site-013,cross,cross.1,2,1,shoot density,38,cnt
RESCQ-Site-013,cross,cross.1,2,1,shoot height,105,cm
RESCQ-Site-013,cross,cross.1,2,2,shoot height,49,cm
RESCQ-Site-013,cross,cross.1,2,3,shoot height,15,cm
RESCQ-Site-013,cross,cross.1,2,4,shoot height,62,cm
RESCQ-Site-013,cross,cross.1,2,5,shoot height,83,cm
RESCQ-Site-013,cross,cross.2,2,1,flowering shoot density,0,cnt
RESCQ-Site-013,cross,cross.2,2,1,percent cover,20,%
RESCQ-Site-013,cross,cross.2,2,1,percent macroalgae,0,%
RESCQ-Site-013,cross,cross.2,2,1,shoot density,46,cnt
RESCQ-Site-013,cross,cross.2,2,1,shoot height,54,cm
RESCQ-Site-013,cross,cross.2,2,2,shoot height,69,cm
RESCQ-Site-013,cross,cross.2,2,3,shoot height,110,cm
RESCQ-Site-013,cross,cross.2,2,4,shoot height,76,cm
RESCQ-Site-013,cross,cross.2,2,5,shoot height,81,cm
RESCQ-Site-013,mid,mid.1,5,1,flowering shoot density,0,cnt
RESCQ-Site-013,mid,mid.1,5,1,percent cover,10,%
RESCQ-Site-013,mid,mid.1,5,1,percent macroalgae,0,%
RESCQ-Site-013,mid,mid.1,5,1,shoot density,21,cnt
RESCQ-Site-013,mid,mid.1,5,1,shoot height,24,cm
RESCQ-Site-013,mid,mid.1,5,2,shoot height,10,cm
RESCQ-Site-013,mid,mid.1,5,3,shoot height,14,cm
RESCQ-Site-013,mid,mid.1,5,4,shoot height,18,cm
RESCQ-Site-013,mid,mid.1,5,5,shoot height,20,cm
RESCQ-Site-013,mid,mid.2,5,1,flowering shoot density,0,cnt
RESCQ-Site-013,mid,mid.2,5,1,percent cover,40,%
RESCQ-Site-013,mid,mid.2,5,1,percent macroalgae,0,%
RESCQ-Site-013,mid,mid.2,5,1,shoot density,32,cnt
RESCQ-Site-013,mid,mid.2,5,1,shoot height,72,cm
RESCQ-Site-013,mid,mid.2,5,2,shoot height,80,cm
RESCQ-Site-013,mid,mid.2,5,3,shoot height,60,cm
RESCQ-Site-013,mid,mid.2,5,4,shoot height,98,cm
RESCQ-Site-013,mid,mid.2,5,5,shoot height,35,cm
RESCQ-Site-013,mid,mid.3,5,1,flowering shoot density,0,cnt
RESCQ-Site-013,mid,mid.3,5,1,percent cover,50,%
RESCQ-Site-013,mid,mid.3,5,1,percent macroalgae,0,%
RESCQ-Site-013,mid,mid.3,5,1,shoot density,55,cnt
RESCQ-Site-013,mid,mid.3,5,1,shoot height,74,cm
RESCQ-Site-013,mid,mid.3,5,2,shoot height,108,cm
RESCQ-Site-013,mid,mid.3,5,3,shoot height,99,cm
RESCQ-Site-013,mid,mid.3,5,4,shoot height,81,cm
RESCQ-Site-013,mid,mid.3,5,5,shoot height,72,cm
RESCQ-Site-013,mid,mid.4,5,1,flowering shoot density,0,cnt
RESCQ-Site-013,mid,mid.4,5,1,percent cover,40,%
RESCQ-Site-013,mid,mid.4,5,1,percent macroalgae,0,%
RESCQ-Site-013,mid,mid.4,5,1,shoot density,50,cnt
RESCQ-Site-013,mid,mid.4,5,1,shoot height,68,cm
RESCQ-Site-013,mid,mid.4,5,2,shoot height,104,cm
RESCQ-Site-013,mid,mid.4,5,3,shoot height,98,cm
RESCQ-Site-013,mid,mid.4,5,4,shoot height,63,cm
RESCQ-Site-013,mid,mid.4,5,5,shoot height,82,cm
RESCQ-Site-013,mid,mid.5,5,1,flowering shoot density,0,cnt
RESCQ-Site-013,mid,mid.5,5,1,percent cover,40,%
RESCQ-Site-013,mid,mid.5,5,1,percent macroalgae,0,%
RESCQ-Site-013,mid,mid.5,5,1,shoot density,45,cnt
RESCQ-Site-013,mid,mid.5,5,1,shoot height,65,cm
RESCQ-Site-013,mid,mid.5,5,2,shoot height,88,cm
RESCQ-Site-013,mid,mid.5,5,3,shoot height,68,cm
RESCQ-Site-013,mid,mid.5,5,4,shoot height,77,cm
RESCQ-Site-013,mid,mid.5,5,5,shoot height,92,cm
RESCQ-Site-014,patch,patch.1,2,1,flowering shoot density,0,cnt
RESCQ-Site-014,patch,patch.1,2,1,percent cover,5,%
RESCQ-Site-014,patch,patch.1,2,1,percent macroalgae,0,%
RESCQ-Site-014,patch,patch.1,2,1,shoot density,2,cnt
RESCQ-Site-014,patch,patch.1,2,1,shoot height,27,cm
RESCQ-Site-014,patch,patch.1,2,2,shoot height,19,cm
RESCQ-Site-014,patch,patch.1,2,3,shoot height,-88,cm
RESCQ-Site-014,patch,patch.1,2,4,shoot height,-88,cm
RESCQ-Site-014,patch,patch.1,2,5,shoot height,-88,cm
RESCQ-Site-014,patch,patch.2,2,1,flowering shoot density,0,cnt
RESCQ-Site-014,patch,patch.2,2,1,percent cover,8,%
RESCQ-Site-014,patch,patch.2,2,1,percent macroalgae,0,%
RESCQ-Site-014,patch,patch.2,2,1,shoot density,6,cnt
RESCQ-Site-014,patch,patch.2,2,1,shoot height,25,cm
RESCQ-Site-014,patch,patch.2,2,2,shoot height,14,cm
RESCQ-Site-014,patch,patch.2,2,3,shoot height,19,cm
RESCQ-Site-014,patch,patch.2,2,4,shoot height,25,cm
RESCQ-Site-014,patch,patch.2,2,5,shoot height,10,cm
RESCQ-Site-017,cross,cross.1,2,1,flowering shoot density,0,cnt
RESCQ-Site-017,cross,cross.1,2,1,percent cover,15,%
RESCQ-Site-017,cross,cross.1,2,1,percent macroalgae,0,%
RESCQ-Site-017,cross,cross.1,2,1,shoot density,18,cnt
RESCQ-Site-017,cross,cross.1,2,1,shoot height,52,cm
RESCQ-Site-017,cross,cross.1,2,2,shoot height,53,cm
RESCQ-Site-017,cross,cross.1,2,3,shoot height,55,cm
RESCQ-Site-017,cross,cross.1,2,4,shoot height,61,cm
RESCQ-Site-017,cross,cross.1,2,5,shoot height,73,cm
RESCQ-Site-017,cross,cross.2,2,1,flowering shoot density,0,cnt
RESCQ-Site-017,cross,cross.2,2,1,percent cover,25,%
RESCQ-Site-017,cross,cross.2,2,1,percent macroalgae,0,%
RESCQ-Site-017,cross,cross.2,2,1,shoot density,34,cnt
RESCQ-Site-017,cross,cross.2,2,1,shoot height,59,cm
RESCQ-Site-017,cross,cross.2,2,2,shoot height,75,cm
RESCQ-Site-017,cross,cross.2,2,3,shoot height,89,cm
RESCQ-Site-017,cross,cross.2,2,4,shoot height,100,cm
RESCQ-Site-017,cross,cross.2,2,5,shoot height,103,cm
RESCQ-Site-017,mid,mid.1,5,1,flowering shoot density,0,cnt
RESCQ-Site-017,mid,mid.1,5,1,percent cover,15,%
RESCQ-Site-017,mid,mid.1,5,1,percent macroalgae,0,%
RESCQ-Site-017,mid,mid.1,5,1,shoot density,25,cnt
RESCQ-Site-017,mid,mid.1,5,1,shoot height,72,cm
RESCQ-Site-017,mid,mid.1,5,2,shoot height,92,cm
RESCQ-Site-017,mid,mid.1,5,3,shoot height,115,cm
RESCQ-Site-017,mid,mid.1,5,4,shoot height,120,cm
RESCQ-Site-017,mid,mid.1,5,5,shoot height,71,cm
RESCQ-Site-017,mid,mid.2,5,1,flowering shoot density,0,cnt
RESCQ-Site-017,mid,mid.2,5,1,percent cover,10,%
RESCQ-Site-017,mid,mid.2,5,1,percent macroalgae,0,%
RESCQ-Site-017,mid,mid.2,5,1,shoot density,12,cnt
RESCQ-Site-017,mid,mid.2,5,1,shoot height,30,cm
RESCQ-Site-017,mid,mid.2,5,2,shoot height,72,cm
RESCQ-Site-017,mid,mid.2,5,3,shoot height,84,cm
RESCQ-Site-017,mid,mid.2,5,4,shoot height,85,cm
RESCQ-Site-017,mid,mid.2,5,5,shoot height,90,cm
RESCQ-Site-017,mid,mid.3,5,1,flowering shoot density,0,cnt
RESCQ-Site-017,mid,mid.3,5,1,percent cover,10,%
RESCQ-Site-017,mid,mid.3,5,1,percent macroalgae,0,%
RESCQ-Site-017,mid,mid.3,5,1,shoot density,14,cnt
RESCQ-Site-017,mid,mid.3,5,1,shoot height,53,cm
RESCQ-Site-017,mid,mid.3,5,2,shoot height,65,cm
RESCQ-Site-017,mid,mid.3,5,3,shoot height,67,cm
RESCQ-Site-017,mid,mid.3,5,4,shoot height,67,cm
RESCQ-Site-017,mid,mid.3,5,5,shoot height,81,cm
RESCQ-Site-017,mid,mid.4,5,1,flowering shoot density,2,cnt
RESCQ-Site-017,mid,mid.4,5,1,percent cover,15,%
RESCQ-Site-017,mid,mid.4,5,1,percent macroalgae,0,%
RESCQ-Site-017,mid,mid.4,5,1,shoot density,22,cnt
RESCQ-Site-017,mid,mid.4,5,1,shoot height,15,cm
RESCQ-Site-017,mid,mid.4,5,2,shoot height,62,cm
RESCQ-Site-017,mid,mid.4,5,3,shoot height,87,cm
RESCQ-Site-017,mid,mid.4,5,4,shoot height,90,cm
RESCQ-Site-017,mid,mid.4,5,5,shoot height,103,cm
RESCQ-Site-017,mid,mid.5,5,1,flowering shoot density,2,cnt
RESCQ-Site-017,mid,mid.5,5,1,percent cover,10,%
RESCQ-Site-017,mid,mid.5,5,1,percent macroalgae,0,%
RESCQ-Site-017,mid,mid.5,5,1,shoot density,18,cnt
RESCQ-Site-017,mid,mid.5,5,1,shoot height,18,cm
RESCQ-Site-017,mid,mid.5,5,2,shoot height,77,cm
RESCQ-Site-017,mid,mid.5,5,3,shoot height,36,cm
RESCQ-Site-017,mid,mid.5,5,4,shoot height,39,cm
RESCQ-Site-017,mid,mid.5,5,5,shoot height,62,cm
RESCQ-Site-020,patch,patch.1,2,1,flowering shoot density,0,cnt
RESCQ-Site-020,patch,patch.1,2,1,percent cover,5,%
RESCQ-Site-020,patch,patch.1,2,1,percent macroalgae,10,%
RESCQ-Site-020,patch,patch.1,2,1,shoot density,5,cnt
RESCQ-Site-020,patch,patch.1,2,1,shoot height,70,cm
RESCQ-Site-020,patch,patch.1,2,2,shoot height,74,cm
RESCQ-Site-020,patch,patch.1,2,3,shoot height,89,cm
RESCQ-Site-020,patch,patch.1,2,4,shoot height,127,cm
RESCQ-Site-020,patch,patch.1,2,5,shoot height,69,cm
RESCQ-Site-020,patch,patch.2,2,1,flowering shoot density,0,cnt
RESCQ-Site-020,patch,patch.2,2,1,percent cover,2,%
RESCQ-Site-020,patch,patch.2,2,1,percent macroalgae,0,%
RESCQ-Site-020,patch,patch.2,2,1,shoot density,10,cnt
RESCQ-Site-020,patch,patch.2,2,1,shoot height,56,cm
RESCQ-Site-020,patch,patch.2,2,2,shoot height,79,cm
RESCQ-Site-020,patch,patch.2,2,3,shoot height,117,cm
RESCQ-Site-020,patch,patch.2,2,4,shoot height,64,cm
RESCQ-Site-020,patch,patch.2,2,5,shoot height,71,cm
RESCQ-Site-021,cross,cross.1,2,1,flowering shoot density,0,cnt
RESCQ-Site-021,cross,cross.1,2,1,percent cover,90,%
RESCQ-Site-021,cross,cross.1,2,1,percent macroalgae,0,%
RESCQ-Site-021,cross,cross.1,2,1,shoot density,76,cnt
RESCQ-Site-021,cross,cross.1,2,1,shoot height,56,cm
RESCQ-Site-021,cross,cross.1,2,2,shoot height,41,cm
RESCQ-Site-021,cross,cross.1,2,3,shoot height,28,cm
RESCQ-Site-021,cross,cross.1,2,4,shoot height,72,cm
RESCQ-Site-021,cross,cross.1,2,5,shoot height,70,cm
RESCQ-Site-021,cross,cross.2,2,1,flowering shoot density,0,cnt
RESCQ-Site-021,cross,cross.2,2,1,percent cover,5,%
RESCQ-Site-021,cross,cross.2,2,1,percent macroalgae,0,%
RESCQ-Site-021,cross,cross.2,2,1,shoot density,2,cnt
RESCQ-Site-021,cross,cross.2,2,1,shoot height,35,cm
RESCQ-Site-021,cross,cross.2,2,2,shoot height,94,cm
RESCQ-Site-021,cross,cross.2,2,3,shoot height,88,cm
RESCQ-Site-021,cross,cross.2,2,4,shoot height,22,cm
RESCQ-Site-021,cross,cross.2,2,5,shoot height,34,cm
RESCQ-Site-021,mid,mid.1,5,1,flowering shoot density,0,cnt
RESCQ-Site-021,mid,mid.1,5,1,percent cover,80,%
RESCQ-Site-021,mid,mid.1,5,1,percent macroalgae,0,%
RESCQ-Site-021,mid,mid.1,5,1,shoot density,79,cnt
RESCQ-Site-021,mid,mid.1,5,1,shoot height,71,cm
RESCQ-Site-021,mid,mid.1,5,2,shoot height,80,cm
RESCQ-Site-021,mid,mid.1,5,3,shoot height,53,cm
RESCQ-Site-021,mid,mid.1,5,4,shoot height,56,cm
RESCQ-Site-021,mid,mid.1,5,5,shoot height,65,cm
RESCQ-Site-021,mid,mid.2,5,1,flowering shoot density,0,cnt
RESCQ-Site-021,mid,mid.2,5,1,percent cover,50,%
RESCQ-Site-021,mid,mid.2,5,1,percent macroalgae,0,%
RESCQ-Site-021,mid,mid.2,5,1,shoot density,85,cnt
RESCQ-Site-021,mid,mid.2,5,1,shoot height,46,cm
RESCQ-Site-021,mid,mid.2,5,2,shoot height,53,cm
RESCQ-Site-021,mid,mid.2,5,3,shoot height,58,cm
RESCQ-Site-021,mid,mid.2,5,4,shoot height,62,cm
RESCQ-Site-021,mid,mid.2,5,5,shoot height,54,cm
RESCQ-Site-021,mid,mid.3,5,1,flowering shoot density,0,cnt
RESCQ-Site-021,mid,mid.3,5,1,percent cover,20,%
RESCQ-Site-021,mid,mid.3,5,1,percent macroalgae,0,%
RESCQ-Site-021,mid,mid.3,5,1,shoot density,51,cnt
RESCQ-Site-021,mid,mid.3,5,1,shoot height,78,cm
RESCQ-Site-021,mid,mid.3,5,2,shoot height,44,cm
RESCQ-Site-021,mid,mid.3,5,3,shoot height,61,cm
RESCQ-Site-021,mid,mid.3,5,4,shoot height,49,cm
RESCQ-Site-021,mid,mid.3,5,5,shoot height,56,cm
RESCQ-Site-021,mid,mid.4,5,1,flowering shoot density,0,cnt
RESCQ-Site-021,mid,mid.4,5,1,percent cover,5,%
RESCQ-Site-021,mid,mid.4,5,1,percent macroalgae,0,%
RESCQ-Site-021,mid,mid.4,5,1,shoot density,5,cnt
RESCQ-Site-021,mid,mid.4,5,1,shoot height,61,cm
RESCQ-Site-021,mid,mid.4,5,2,shoot height,66,cm
RESCQ-Site-021,mid,mid.4,5,3,shoot height,55,cm
RESCQ-Site-021,mid,mid.4,5,4,shoot height,73,cm
RESCQ-Site-021,mid,mid.4,5,5,shoot height,60,cm
RESCQ-Site-021,mid,mid.5,5,1,flowering shoot density,0,cnt
RESCQ-Site-021,mid,mid.5,5,1,percent cover,30,%
RESCQ-Site-021,mid,mid.5,5,1,percent macroalgae,0,%
RESCQ-Site-021,mid,mid.5,5,1,shoot density,43,cnt
RESCQ-Site-021,mid,mid.5,5,1,shoot height,35,cm
RESCQ-Site-021,mid,mid.5,5,2,shoot height,49,cm
RESCQ-Site-021,mid,mid.5,5,3,shoot height,61,cm
RESCQ-Site-021,mid,mid.5,5,4,shoot height,51,cm
RESCQ-Site-021,mid,mid.5,5,5,shoot height,47,cm
RESCQ-Site-022,cross,cross.1,2,1,flowering shoot density,0,cnt
RESCQ-Site-022,cross,cross.1,2,1,percent cover,30,%
RESCQ-Site-022,cross,cross.1,2,1,percent macroalgae,0,%
RESCQ-Site-022,cross,cross.1,2,1,shoot density,28,cnt
RESCQ-Site-022,cross,cross.1,2,1,shoot height,52,cm
RESCQ-Site-022,cross,cross.1,2,2,shoot height,30,cm
RESCQ-Site-022,cross,cross.1,2,3,shoot height,16,cm
RESCQ-Site-022,cross,cross.1,2,4,shoot height,64,cm
RESCQ-Site-022,cross,cross.1,2,5,shoot height,62,cm
RESCQ-Site-022,cross,cross.2,2,1,flowering shoot density,0,cnt
RESCQ-Site-022,cross,cross.2,2,1,percent cover,45,%
RESCQ-Site-022,cross,cross.2,2,1,percent macroalgae,0,%
RESCQ-Site-022,cross,cross.2,2,1,shoot density,23,cnt
RESCQ-Site-022,cross,cross.2,2,1,shoot height,32,cm
RESCQ-Site-022,cross,cross.2,2,2,shoot height,50,cm
RESCQ-Site-022,cross,cross.2,2,3,shoot height,69,cm
RESCQ-Site-022,cross,cross.2,2,4,shoot height,57,cm
RESCQ-Site-022,cross,cross.2,2,5,shoot height,70,cm
RESCQ-Site-022,mid,mid.1,5,1,flowering shoot density,0,cnt
RESCQ-Site-022,mid,mid.1,5,1,percent cover,35,%
RESCQ-Site-022,mid,mid.1,5,1,percent macroalgae,5,%
RESCQ-Site-022,mid,mid.1,5,1,shoot density,8,cnt
RESCQ-Site-022,mid,mid.1,5,1,shoot height,24,cm
RESCQ-Site-022,mid,mid.1,5,2,shoot height,62,cm
RESCQ-Site-022,mid,mid.1,5,3,shoot height,40,cm
RESCQ-Site-022,mid,mid.1,5,4,shoot height,32,cm
RESCQ-Site-022,mid,mid.1,5,5,shoot height,51,cm
RESCQ-Site-022,mid,mid.2,5,1,flowering shoot density,0,cnt
RESCQ-Site-022,mid,mid.2,5,1,percent cover,45,%
RESCQ-Site-022,mid,mid.2,5,1,percent macroalgae,10,%
RESCQ-Site-022,mid,mid.2,5,1,shoot density,7,cnt
RESCQ-Site-022,mid,mid.2,5,1,shoot height,33,cm
RESCQ-Site-022,mid,mid.2,5,2,shoot height,51,cm
RESCQ-Site-022,mid,mid.2,5,3,shoot height,44,cm
RESCQ-Site-022,mid,mid.2,5,4,shoot height,42,cm
RESCQ-Site-022,mid,mid.2,5,5,shoot height,31,cm
RESCQ-Site-022,mid,mid.3,5,1,flowering shoot density,0,cnt
RESCQ-Site-022,mid,mid.3,5,1,percent cover,70,%
RESCQ-Site-022,mid,mid.3,5,1,percent macroalgae,0,%
RESCQ-Site-022,mid,mid.3,5,1,shoot density,13,cnt
RESCQ-Site-022,mid,mid.3,5,1,shoot height,39,cm
RESCQ-Site-022,mid,mid.3,5,2,shoot height,27,cm
RESCQ-Site-022,mid,mid.3,5,3,shoot height,42,cm
RESCQ-Site-022,mid,mid.3,5,4,shoot height,37,cm
RESCQ-Site-022,mid,mid.3,5,5,shoot height,29,cm
RESCQ-Site-022,mid,mid.4,5,1,flowering shoot density,0,cnt
RESCQ-Site-022,mid,mid.4,5,1,percent cover,30,%
RESCQ-Site-022,mid,mid.4,5,1,percent macroalgae,0,%
RESCQ-Site-022,mid,mid.4,5,1,shoot density,16,cnt
RESCQ-Site-022,mid,mid.4,5,1,shoot height,20,cm
RESCQ-Site-022,mid,mid.4,5,2,shoot height,30,cm
RESCQ-Site-022,mid,mid.4,5,3,shoot height,35,cm
RESCQ-Site-022,mid,mid.4,5,4,shoot height,15,cm
RESCQ-Site-022,mid,mid.4,5,5,shoot height,31,cm
RESCQ-Site-022,mid,mid.5,5,1,flowering shoot density,0,cnt
RESCQ-Site-022,mid,mid.5,5,1,percent cover,20,%
RESCQ-Site-022,mid,mid.5,5,1,percent macroalgae,0,%
RESCQ-Site-022,mid,mid.5,5,1,shoot density,29,cnt
RESCQ-Site-022,mid,mid.5,5,1,shoot height,21,cm
RESCQ-Site-022,mid,mid.5,5,2,shoot height,23,cm
RESCQ-Site-022,mid,mid.5,5,3,shoot height,41,cm
RESCQ-Site-022,mid,mid.5,5,4,shoot height,40,cm
RESCQ-Site-022,mid,mid.5,5,5,shoot height,19,cm
RESCQ-Site-023,cross,cross.1,2,1,flowering shoot density,0,cnt
RESCQ-Site-023,cross,cross.1,2,1,percent cover,15,%
RESCQ-Site-023,cross,cross.1,2,1,percent macroalgae,0,%
RESCQ-Site-023,cross,cross.1,2,1,shoot density,8,cnt
RESCQ-Site-023,cross,cross.1,2,1,shoot height,54,cm
RESCQ-Site-023,cross,cross.1,2,2,shoot height,29,cm
RESCQ-Site-023,cross,cross.1,2,3,shoot height,48,cm
RESCQ-Site-023,cross,cross.1,2,4,shoot height,37,cm
RESCQ-Site-023,cross,cross.1,2,5,shoot height,52,cm
RESCQ-Site-023,cross,cross.2,2,1,flowering shoot density,0,cnt
RESCQ-Site-023,cross,cross.2,2,1,percent cover,55,%
RESCQ-Site-023,cross,cross.2,2,1,percent macroalgae,0,%
RESCQ-Site-023,cross,cross.2,2,1,shoot density,25,cnt
RESCQ-Site-023,cross,cross.2,2,1,shoot height,60,cm
RESCQ-Site-023,cross,cross.2,2,2,shoot height,70,cm
RESCQ-Site-023,cross,cross.2,2,3,shoot height,78,cm
RESCQ-Site-023,cross,cross.2,2,4,shoot height,26,cm
RESCQ-Site-023,cross,cross.2,2,5,shoot height,31,cm
RESCQ-Site-023,mid,mid.1,5,1,flowering shoot density,0,cnt
RESCQ-Site-023,mid,mid.1,5,1,percent cover,15,%
RESCQ-Site-023,mid,mid.1,5,1,percent macroalgae,0,%
RESCQ-Site-023,mid,mid.1,5,1,shoot density,5,cnt
RESCQ-Site-023,mid,mid.1,5,1,shoot height,24,cm
RESCQ-Site-023,mid,mid.1,5,2,shoot height,31,cm
RESCQ-Site-023,mid,mid.1,5,3,shoot height,18,cm
RESCQ-Site-023,mid,mid.1,5,4,shoot height,26,cm
RESCQ-Site-023,mid,mid.1,5,5,shoot height,29,cm
RESCQ-Site-023,mid,mid.2,5,1,flowering shoot density,0,cnt
RESCQ-Site-023,mid,mid.2,5,1,percent cover,30,%
RESCQ-Site-023,mid,mid.2,5,1,percent macroalgae,0,%
RESCQ-Site-023,mid,mid.2,5,1,shoot density,13,cnt
RESCQ-Site-023,mid,mid.2,5,1,shoot height,47,cm
RESCQ-Site-023,mid,mid.2,5,2,shoot height,55,cm
RESCQ-Site-023,mid,mid.2,5,3,shoot height,65,cm
RESCQ-Site-023,mid,mid.2,5,4,shoot height,36,cm
RESCQ-Site-023,mid,mid.2,5,5,shoot height,54,cm
RESCQ-Site-023,mid,mid.3,5,1,flowering shoot density,0,cnt
RESCQ-Site-023,mid,mid.3,5,1,percent cover,65,%
RESCQ-Site-023,mid,mid.3,5,1,percent macroalgae,0,%
RESCQ-Site-023,mid,mid.3,5,1,shoot density,22,cnt
RESCQ-Site-023,mid,mid.3,5,1,shoot height,74,cm
RESCQ-Site-023,mid,mid.3,5,2,shoot height,40,cm
RESCQ-Site-023,mid,mid.3,5,3,shoot height,64,cm
RESCQ-Site-023,mid,mid.3,5,4,shoot height,71,cm
RESCQ-Site-023,mid,mid.3,5,5,shoot height,59,cm
RESCQ-Site-023,mid,mid.4,5,1,flowering shoot density,0,cnt
RESCQ-Site-023,mid,mid.4,5,1,percent cover,30,%
RESCQ-Site-023,mid,mid.4,5,1,percent macroalgae,0,%
RESCQ-Site-023,mid,mid.4,5,1,shoot density,16,cnt
RESCQ-Site-023,mid,mid.4,5,1,shoot height,58,cm
RESCQ-Site-023,mid,mid.4,5,2,shoot height,51,cm
RESCQ-Site-023,mid,mid.4,5,3,shoot height,70,cm
RESCQ-Site-023,mid,mid.4,5,4,shoot height,26,cm
RESCQ-Site-023,mid,mid.4,5,5,shoot height,32,cm
RESCQ-Site-023,mid,mid.5,5,1,flowering shoot density,0,cnt
RESCQ-Site-023,mid,mid.5,5,1,percent cover,40,%
RESCQ-Site-023,mid,mid.5,5,1,percent macroalgae,0,%
RESCQ-Site-023,mid,mid.5,5,1,shoot density,16,cnt
RESCQ-Site-023,mid,mid.5,5,1,shoot height,34,cm
RESCQ-Site-023,mid,mid.5,5,2,shoot height,46,cm
RESCQ-Site-023,mid,mid.5,5,3,shoot height,68,cm
RESCQ-Site-023,mid,mid.5,5,4,shoot height,71,cm
RESCQ-Site-023,mid,mid.5,5,5,shoot height,55,cm
RESCQ-Site-024,cross,cross.1,2,1,flowering shoot density,0,cnt
RESCQ-Site-024,cross,cross.1,2,1,percent cover,35,%
RESCQ-Site-024,cross,cross.1,2,1,percent macroalgae,0,%
RESCQ-Site-024,cross,cross.1,2,1,shoot density,33,cnt
RESCQ-Site-024,cross,cross.1,2,1,shoot height,36,cm
RESCQ-Site-024,cross,cross.1,2,2,shoot height,25,cm
RESCQ-Site-024,cross,cross.1,2,3,shoot height,53,cm
RESCQ-Site-024,cross,cross.1,2,4,shoot height,34,cm
RESCQ-Site-024,cross,cross.1,2,5,shoot height,41,cm
RESCQ-Site-024,cross,cross.2,2,1,flowering shoot density,0,cnt
RESCQ-Site-024,cross,cross.2,2,1,percent cover,20,%
RESCQ-Site-024,cross,cross.2,2,1,percent macroalgae,15,%
RESCQ-Site-024,cross,cross.2,2,1,shoot density,13,cnt
RESCQ-Site-024,cross,cross.2,2,1,shoot height,17,cm
RESCQ-Site-024,cross,cross.2,2,2,shoot height,72,cm
RESCQ-Site-024,cross,cross.2,2,3,shoot height,79,cm
RESCQ-Site-024,cross,cross.2,2,4,shoot height,93,cm
RESCQ-Site-024,cross,cross.2,2,5,shoot height,58,cm
RESCQ-Site-024,mid,mid.1,5,1,flowering shoot density,0,cnt
RESCQ-Site-024,mid,mid.1,5,1,percent cover,20,%
RESCQ-Site-024,mid,mid.1,5,1,percent macroalgae,0,%
RESCQ-Site-024,mid,mid.1,5,1,shoot density,28,cnt
RESCQ-Site-024,mid,mid.1,5,1,shoot height,48,cm
RESCQ-Site-024,mid,mid.1,5,2,shoot height,76,cm
RESCQ-Site-024,mid,mid.1,5,3,shoot height,39,cm
RESCQ-Site-024,mid,mid.1,5,4,shoot height,28,cm
RESCQ-Site-024,mid,mid.1,5,5,shoot height,20,cm
RESCQ-Site-024,mid,mid.2,5,1,flowering shoot density,0,cnt
RESCQ-Site-024,mid,mid.2,5,1,percent cover,2,%
RESCQ-Site-024,mid,mid.2,5,1,percent macroalgae,5,%
RESCQ-Site-024,mid,mid.2,5,1,shoot density,5,cnt
RESCQ-Site-024,mid,mid.2,5,1,shoot height,69,cm
RESCQ-Site-024,mid,mid.2,5,2,shoot height,56,cm
RESCQ-Site-024,mid,mid.2,5,3,shoot height,37,cm
RESCQ-Site-024,mid,mid.2,5,4,shoot height,38,cm
RESCQ-Site-024,mid,mid.2,5,5,shoot height,32,cm
RESCQ-Site-024,mid,mid.3,5,1,flowering shoot density,0,cnt
RESCQ-Site-024,mid,mid.3,5,1,percent cover,5,%
RESCQ-Site-024,mid,mid.3,5,1,percent macroalgae,0,%
RESCQ-Site-024,mid,mid.3,5,1,shoot density,4,cnt
RESCQ-Site-024,mid,mid.3,5,1,shoot height,77,cm
RESCQ-Site-024,mid,mid.3,5,2,shoot height,58,cm
RESCQ-Site-024,mid,mid.3,5,3,shoot height,56,cm
RESCQ-Site-024,mid,mid.3,5,4,shoot height,50,cm
RESCQ-Site-024,mid,mid.3,5,5,shoot height,-88,cm
RESCQ-Site-024,mid,mid.4,5,1,flowering shoot density,0,cnt
RESCQ-Site-024,mid,mid.4,5,1,percent cover,30,%
RESCQ-Site-024,mid,mid.4,5,1,percent macroalgae,1,%
RESCQ-Site-024,mid,mid.4,5,1,shoot density,42,cnt
RESCQ-Site-024,mid,mid.4,5,1,shoot height,35,cm
RESCQ-Site-024,mid,mid.4,5,2,shoot height,89,cm
RESCQ-Site-024,mid,mid.4,5,3,shoot height,92,cm
RESCQ-Site-024,mid,mid.4,5,4,shoot height,58,cm
RESCQ-Site-024,mid,mid.4,5,5,shoot height,75,cm
RESCQ-Site-024,mid,mid.5,5,1,flowering shoot density,0,cnt
RESCQ-Site-024,mid,mid.5,5,1,percent cover,15,%
RESCQ-Site-024,mid,mid.5,5,1,percent macroalgae,5,%
RESCQ-Site-024,mid,mid.5,5,1,shoot density,22,cnt
RESCQ-Site-024,mid,mid.5,5,1,shoot height,102,cm
RESCQ-Site-024,mid,mid.5,5,2,shoot height,99,cm
RESCQ-Site-024,mid,mid.5,5,3,shoot height,47,cm
RESCQ-Site-024,mid,mid.5,5,4,shoot height,68,cm
RESCQ-Site-024,mid,mid.5,5,5,shoot height,80,cm
RESCQ-Site-025,cross,cross.1,2,1,flowering shoot density,0,cnt
RESCQ-Site-025,cross,cross.1,2,1,percent cover,3,%
RESCQ-Site-025,cross,cross.1,2,1,percent macroalgae,70,%
RESCQ-Site-025,cross,cross.1,2,1,shoot density,3,cnt
RESCQ-Site-025,cross,cross.1,2,1,shoot height,3,cm
RESCQ-Site-025,cross,cross.1,2,2,shoot height,31,cm
RESCQ-Site-025,cross,cross.1,2,3,shoot height,27,cm
RESCQ-Site-025,cross,cross.1,2,4,shoot height,20,cm
RESCQ-Site-025,cross,cross.1,2,5,shoot height,13,cm
RESCQ-Site-025,cross,cross.2,2,1,flowering shoot density,0,cnt
RESCQ-Site-025,cross,cross.2,2,1,percent cover,5,%
RESCQ-Site-025,cross,cross.2,2,1,percent macroalgae,85,%
RESCQ-Site-025,cross,cross.2,2,1,shoot density,7,cnt
RESCQ-Site-025,cross,cross.2,2,1,shoot height,8,cm
RESCQ-Site-025,cross,cross.2,2,2,shoot height,31,cm
RESCQ-Site-025,cross,cross.2,2,3,shoot height,20,cm
RESCQ-Site-025,cross,cross.2,2,4,shoot height,7,cm
RESCQ-Site-025,cross,cross.2,2,5,shoot height,22,cm
RESCQ-Site-025,mid,mid.1,5,1,flowering shoot density,0,cnt
RESCQ-Site-025,mid,mid.1,5,1,percent cover,5,%
RESCQ-Site-025,mid,mid.1,5,1,percent macroalgae,90,%
RESCQ-Site-025,mid,mid.1,5,1,shoot density,7,cnt
RESCQ-Site-025,mid,mid.1,5,1,shoot height,19,cm
RESCQ-Site-025,mid,mid.1,5,2,shoot height,23,cm
RESCQ-Site-025,mid,mid.1,5,3,shoot height,37,cm
RESCQ-Site-025,mid,mid.1,5,4,shoot height,35,cm
RESCQ-Site-025,mid,mid.1,5,5,shoot height,27,cm
RESCQ-Site-025,mid,mid.2,5,1,flowering shoot density,0,cnt
RESCQ-Site-025,mid,mid.2,5,1,percent cover,15,%
RESCQ-Site-025,mid,mid.2,5,1,percent macroalgae,80,%
RESCQ-Site-025,mid,mid.2,5,1,shoot density,8,cnt
RESCQ-Site-025,mid,mid.2,5,1,shoot height,36,cm
RESCQ-Site-025,mid,mid.2,5,2,shoot height,30,cm
RESCQ-Site-025,mid,mid.2,5,3,shoot height,29,cm
RESCQ-Site-025,mid,mid.2,5,4,shoot height,32,cm
RESCQ-Site-025,mid,mid.2,5,5,shoot height,9,cm
RESCQ-Site-025,mid,mid.3,5,1,flowering shoot density,0,cnt
RESCQ-Site-025,mid,mid.3,5,1,percent cover,20,%
RESCQ-Site-025,mid,mid.3,5,1,percent macroalgae,80,%
RESCQ-Site-025,mid,mid.3,5,1,shoot density,11,cnt
RESCQ-Site-025,mid,mid.3,5,1,shoot height,23,cm
RESCQ-Site-025,mid,mid.3,5,2,shoot height,31,cm
RESCQ-Site-025,mid,mid.3,5,3,shoot height,25,cm
RESCQ-Site-025,mid,mid.3,5,4,shoot height,24,cm
RESCQ-Site-025,mid,mid.3,5,5,shoot height,29,cm
RESCQ-Site-025,mid,mid.4,5,1,flowering shoot density,0,cnt
RESCQ-Site-025,mid,mid.4,5,1,percent cover,10,%
RESCQ-Site-025,mid,mid.4,5,1,percent macroalgae,90,%
RESCQ-Site-025,mid,mid.4,5,1,shoot density,11,cnt
RESCQ-Site-025,mid,mid.4,5,1,shoot height,33,cm
RESCQ-Site-025,mid,mid.4,5,2,shoot height,20,cm
RESCQ-Site-025,mid,mid.4,5,3,shoot height,42,cm
RESCQ-Site-025,mid,mid.4,5,4,shoot height,31,cm
RESCQ-Site-025,mid,mid.4,5,5,shoot height,17,cm
RESCQ-Site-025,mid,mid.5,5,1,flowering shoot density,0,cnt
RESCQ-Site-025,mid,mid.5,5,1,percent cover,5,%
RESCQ-Site-025,mid,mid.5,5,1,percent macroalgae,90,%
RESCQ-Site-025,mid,mid.5,5,1,shoot density,8,cnt
RESCQ-Site-025,mid,mid.5,5,1,shoot height,29,cm
RESCQ-Site-025,mid,mid.5,5,2,shoot height,23,cm
RESCQ-Site-025,mid,mid.5,5,3,shoot height,27,cm
RESCQ-Site-025,mid,mid.5,5,4,shoot height,27,cm
RESCQ-Site-025,mid,mid.5,5,5,shoot height,15,cm
RESCQ-Site-026,cross,cross.1,2,1,flowering shoot density,0,cnt
RESCQ-Site-026,cross,cross.1,2,1,percent cover,40,%
RESCQ-Site-026,cross,cross.1,2,1,percent macroalgae,45,%
RESCQ-Site-026,cross,cross.1,2,1,shoot density,63,cnt
RESCQ-Site-026,cross,cross.1,2,1,shoot height,31,cm
RESCQ-Site-026,cross,cross.1,2,2,shoot height,13,cm
RESCQ-Site-026,cross,cross.1,2,3,shoot height,22,cm
RESCQ-Site-026,cross,cross.1,2,4,shoot height,14,cm
RESCQ-Site-026,cross,cross.1,2,5,shoot height,15,cm
RESCQ-Site-026,cross,cross.2,2,1,flowering shoot density,0,cnt
RESCQ-Site-026,cross,cross.2,2,1,percent cover,30,%
RESCQ-Site-026,cross,cross.2,2,1,percent macroalgae,15,%
RESCQ-Site-026,cross,cross.2,2,1,shoot density,42,cnt
RESCQ-Site-026,cross,cross.2,2,1,shoot height,12,cm
RESCQ-Site-026,cross,cross.2,2,2,shoot height,14,cm
RESCQ-Site-026,cross,cross.2,2,3,shoot height,9,cm
RESCQ-Site-026,cross,cross.2,2,4,shoot height,15,cm
RESCQ-Site-026,cross,cross.2,2,5,shoot height,14,cm
RESCQ-Site-026,mid,mid.1,5,1,flowering shoot density,0,cnt
RESCQ-Site-026,mid,mid.1,5,1,percent cover,80,%
RESCQ-Site-026,mid,mid.1,5,1,percent macroalgae,20,%
RESCQ-Site-026,mid,mid.1,5,1,shoot density,48,cnt
RESCQ-Site-026,mid,mid.1,5,1,shoot height,35,cm
RESCQ-Site-026,mid,mid.1,5,2,shoot height,36,cm
RESCQ-Site-026,mid,mid.1,5,3,shoot height,46,cm
RESCQ-Site-026,mid,mid.1,5,4,shoot height,42,cm
RESCQ-Site-026,mid,mid.1,5,5,shoot height,39,cm
RESCQ-Site-026,mid,mid.2,5,1,flowering shoot density,0,cnt
RESCQ-Site-026,mid,mid.2,5,1,percent cover,70,%
RESCQ-Site-026,mid,mid.2,5,1,percent macroalgae,5,%
RESCQ-Site-026,mid,mid.2,5,1,shoot density,34,cnt
RESCQ-Site-026,mid,mid.2,5,1,shoot height,9,cm
RESCQ-Site-026,mid,mid.2,5,2,shoot height,13,cm
RESCQ-Site-026,mid,mid.2,5,3,shoot height,16,cm
RESCQ-Site-026,mid,mid.2,5,4,shoot height,14,cm
RESCQ-Site-026,mid,mid.2,5,5,shoot height,17,cm
RESCQ-Site-026,mid,mid.3,5,1,flowering shoot density,0,cnt
RESCQ-Site-026,mid,mid.3,5,1,percent cover,40,%
RESCQ-Site-026,mid,mid.3,5,1,percent macroalgae,50,%
RESCQ-Site-026,mid,mid.3,5,1,shoot density,62,cnt
RESCQ-Site-026,mid,mid.3,5,1,shoot height,33,cm
RESCQ-Site-026,mid,mid.3,5,2,shoot height,25,cm
RESCQ-Site-026,mid,mid.3,5,3,shoot height,27,cm
RESCQ-Site-026,mid,mid.3,5,4,shoot height,26,cm
RESCQ-Site-026,mid,mid.3,5,5,shoot height,31,cm
RESCQ-Site-026,mid,mid.4,5,1,flowering shoot density,0,cnt
RESCQ-Site-026,mid,mid.4,5,1,percent cover,50,%
RESCQ-Site-026,mid,mid.4,5,1,percent macroalgae,50,%
RESCQ-Site-026,mid,mid.4,5,1,shoot density,58,cnt
RESCQ-Site-026,mid,mid.4,5,1,shoot height,30,cm
RESCQ-Site-026,mid,mid.4,5,2,shoot height,31,cm
RESCQ-Site-026,mid,mid.4,5,3,shoot height,31,cm
RESCQ-Site-026,mid,mid.4,5,4,shoot height,17,cm
RESCQ-Site-026,mid,mid.4,5,5,shoot height,22,cm
RESCQ-Site-026,mid,mid.5,5,1,flowering shoot density,0,cnt
RESCQ-Site-026,mid,mid.5,5,1,percent cover,20,%
RESCQ-Site-026,mid,mid.5,5,1,percent macroalgae,80,%
RESCQ-Site-026,mid,mid.5,5,1,shoot density,24,cnt
RESCQ-Site-026,mid,mid.5,5,1,shoot height,30,cm
RESCQ-Site-026,mid,mid.5,5,2,shoot height,25,cm
RESCQ-Site-026,mid,mid.5,5,3,shoot height,26,cm
RESCQ-Site-026,mid,mid.5,5,4,shoot height,16,cm
RESCQ-Site-026,mid,mid.5,5,5,shoot height,17,cm
RESCQ-Site-027,cross,cross.1,2,1,flowering shoot density,0,cnt
RESCQ-Site-027,cross,cross.1,2,1,percent cover,85,%
RESCQ-Site-027,cross,cross.1,2,1,percent macroalgae,0,%
RESCQ-Site-027,cross,cross.1,2,1,shoot density,83,cnt
RESCQ-Site-027,cross,cross.1,2,1,shoot height,23,cm
RESCQ-Site-027,cross,cross.1,2,2,shoot height,22,cm
RESCQ-Site-027,cross,cross.1,2,3,shoot height,36,cm
RESCQ-Site-027,cross,cross.1,2,4,shoot height,47,cm
RESCQ-Site-027,cross,cross.1,2,5,shoot height,24,cm
RESCQ-Site-027,cross,cross.2,2,1,flowering shoot density,0,cnt
RESCQ-Site-027,cross,cross.2,2,1,percent cover,20,%
RESCQ-Site-027,cross,cross.2,2,1,percent macroalgae,40,%
RESCQ-Site-027,cross,cross.2,2,1,shoot density,19,cnt
RESCQ-Site-027,cross,cross.2,2,1,shoot height,33,cm
RESCQ-Site-027,cross,cross.2,2,2,shoot height,53,cm
RESCQ-Site-027,cross,cross.2,2,3,shoot height,60,cm
RESCQ-Site-027,cross,cross.2,2,4,shoot height,32,cm
RESCQ-Site-027,cross,cross.2,2,5,shoot height,41,cm
RESCQ-Site-027,mid,mid.1,5,1,flowering shoot density,0,cnt
RESCQ-Site-027,mid,mid.1,5,1,percent cover,35,%
RESCQ-Site-027,mid,mid.1,5,1,percent macroalgae,10,%
RESCQ-Site-027,mid,mid.1,5,1,shoot density,44,cnt
RESCQ-Site-027,mid,mid.1,5,1,shoot height,35,cm
RESCQ-Site-027,mid,mid.1,5,2,shoot height,73,cm
RESCQ-Site-027,mid,mid.1,5,3,shoot height,72,cm
RESCQ-Site-027,mid,mid.1,5,4,shoot height,76,cm
RESCQ-Site-027,mid,mid.1,5,5,shoot height,105,cm
RESCQ-Site-027,mid,mid.2,5,1,flowering shoot density,0,cnt
RESCQ-Site-027,mid,mid.2,5,1,percent cover,0,%
RESCQ-Site-027,mid,mid.2,5,1,percent macroalgae,30,%
RESCQ-Site-027,mid,mid.2,5,1,shoot density,0,cnt
RESCQ-Site-027,mid,mid.2,5,1,shoot height,-88,cm
RESCQ-Site-027,mid,mid.2,5,2,shoot height,-88,cm
RESCQ-Site-027,mid,mid.2,5,3,shoot height,-88,cm
RESCQ-Site-027,mid,mid.2,5,4,shoot height,-88,cm
RESCQ-Site-027,mid,mid.2,5,5,shoot height,-88,cm
RESCQ-Site-027,mid,mid.3,5,1,flowering shoot density,0,cnt
RESCQ-Site-027,mid,mid.3,5,1,percent cover,1,%
RESCQ-Site-027,mid,mid.3,5,1,percent macroalgae,2,%
RESCQ-Site-027,mid,mid.3,5,1,shoot density,2,cnt
RESCQ-Site-027,mid,mid.3,5,1,shoot height,9,cm
RESCQ-Site-027,mid,mid.3,5,2,shoot height,32,cm
RESCQ-Site-027,mid,mid.3,5,3,shoot height,-88,cm
RESCQ-Site-027,mid,mid.3,5,4,shoot height,-88,cm
RESCQ-Site-027,mid,mid.3,5,5,shoot height,-88,cm
RESCQ-Site-027,mid,mid.4,5,1,flowering shoot density,0,cnt
RESCQ-Site-027,mid,mid.4,5,1,percent cover,30,%
RESCQ-Site-027,mid,mid.4,5,1,percent macroalgae,30,%
RESCQ-Site-027,mid,mid.4,5,1,shoot density,44,cnt
RESCQ-Site-027,mid,mid.4,5,1,shoot height,69,cm
RESCQ-Site-027,mid,mid.4,5,2,shoot height,39,cm
RESCQ-Site-027,mid,mid.4,5,3,shoot height,32,cm
RESCQ-Site-027,mid,mid.4,5,4,shoot height,101,cm
RESCQ-Site-027,mid,mid.4,5,5,shoot height,70,cm
RESCQ-Site-027,mid,mid.5,5,1,flowering shoot density,0,cnt
RESCQ-Site-027,mid,mid.5,5,1,percent cover,90,%
RESCQ-Site-027,mid,mid.5,5,1,percent macroalgae,0,%
RESCQ-Site-027,mid,mid.5,5,1,shoot density,106,cnt
RESCQ-Site-027,mid,mid.5,5,1,shoot height,46,cm
RESCQ-Site-027,mid,mid.5,5,2,shoot height,44,cm
RESCQ-Site-027,mid,mid.5,5,3,shoot height,56,cm
RESCQ-Site-027,mid,mid.5,5,4,shoot height,81,cm
RESCQ-Site-027,mid,mid.5,5,5,shoot height,84,cm
RESCQ-Site-028,cross,cross.1,2,1,flowering shoot density,0,cnt
RESCQ-Site-028,cross,cross.1,2,1,percent cover,4,%
RESCQ-Site-028,cross,cross.1,2,1,percent macroalgae,20,%
RESCQ-Site-028,cross,cross.1,2,1,shoot density,19,cnt
RESCQ-Site-028,cross,cross.1,2,1,shoot height,14,cm
RESCQ-Site-028,cross,cross.1,2,2,shoot height,21,cm
RESCQ-Site-028,cross,cross.1,2,3,shoot height,25,cm
RESCQ-Site-028,cross,cross.1,2,4,shoot height,28,cm
RESCQ-Site-028,cross,cross.1,2,5,shoot height,33,cm
RESCQ-Site-028,cross,cross.2,2,1,flowering shoot density,0,cnt
RESCQ-Site-028,cross,cross.2,2,1,percent cover,5,%
RESCQ-Site-028,cross,cross.2,2,1,percent macroalgae,15,%
RESCQ-Site-028,cross,cross.2,2,1,shoot density,24,cnt
RESCQ-Site-028,cross,cross.2,2,1,shoot height,35,cm
RESCQ-Site-028,cross,cross.2,2,2,shoot height,59,cm
RESCQ-Site-028,cross,cross.2,2,3,shoot height,60,cm
RESCQ-Site-028,cross,cross.2,2,4,shoot height,68,cm
RESCQ-Site-028,cross,cross.2,2,5,shoot height,73,cm
RESCQ-Site-028,mid,mid.1,5,1,flowering shoot density,0,cnt
RESCQ-Site-028,mid,mid.1,5,1,percent cover,2,%
RESCQ-Site-028,mid,mid.1,5,1,percent macroalgae,75,%
RESCQ-Site-028,mid,mid.1,5,1,shoot density,7,cnt
RESCQ-Site-028,mid,mid.1,5,1,shoot height,42,cm
RESCQ-Site-028,mid,mid.1,5,2,shoot height,21,cm
RESCQ-Site-028,mid,mid.1,5,3,shoot height,27,cm
RESCQ-Site-028,mid,mid.1,5,4,shoot height,29,cm
RESCQ-Site-028,mid,mid.1,5,5,shoot height,31,cm
RESCQ-Site-028,mid,mid.2,5,1,flowering shoot density,0,cnt
RESCQ-Site-028,mid,mid.2,5,1,percent cover,10,%
RESCQ-Site-028,mid,mid.2,5,1,percent macroalgae,55,%
RESCQ-Site-028,mid,mid.2,5,1,shoot density,20,cnt
RESCQ-Site-028,mid,mid.2,5,1,shoot height,55,cm
RESCQ-Site-028,mid,mid.2,5,2,shoot height,88,cm
RESCQ-Site-028,mid,mid.2,5,3,shoot height,73,cm
RESCQ-Site-028,mid,mid.2,5,4,shoot height,79,cm
RESCQ-Site-028,mid,mid.2,5,5,shoot height,34,cm
RESCQ-Site-028,mid,mid.3,5,1,flowering shoot density,0,cnt
RESCQ-Site-028,mid,mid.3,5,1,percent cover,10,%
RESCQ-Site-028,mid,mid.3,5,1,percent macroalgae,35,%
RESCQ-Site-028,mid,mid.3,5,1,shoot density,18,cnt
RESCQ-Site-028,mid,mid.3,5,1,shoot height,56,cm
RESCQ-Site-028,mid,mid.3,5,2,shoot height,38,cm
RESCQ-Site-028,mid,mid.3,5,3,shoot height,84,cm
RESCQ-Site-028,mid,mid.3,5,4,shoot height,59,cm
RESCQ-Site-028,mid,mid.3,5,5,shoot height,41,cm
RESCQ-Site-028,mid,mid.4,5,1,flowering shoot density,0,cnt
RESCQ-Site-028,mid,mid.4,5,1,percent cover,10,%
RESCQ-Site-028,mid,mid.4,5,1,percent macroalgae,90,%
RESCQ-Site-028,mid,mid.4,5,1,shoot density,17,cnt
RESCQ-Site-028,mid,mid.4,5,1,shoot height,71,cm
RESCQ-Site-028,mid,mid.4,5,2,shoot height,57,cm
RESCQ-Site-028,mid,mid.4,5,3,shoot height,81,cm
RESCQ-Site-028,mid,mid.4,5,4,shoot height,52,cm
RESCQ-Site-028,mid,mid.4,5,5,shoot height,35,cm
RESCQ-Site-028,mid,mid.5,5,1,flowering shoot density,0,cnt
RESCQ-Site-028,mid,mid.5,5,1,percent cover,10,%
RESCQ-Site-028,mid,mid.5,5,1,percent macroalgae,100,%
RESCQ-Site-028,mid,mid.5,5,1,shoot density,23,cnt
RESCQ-Site-028,mid,mid.5,5,1,shoot height,62,cm
RESCQ-Site-028,mid,mid.5,5,2,shoot height,56,cm
RESCQ-Site-028,mid,mid.5,5,3,shoot height,47,cm
RESCQ-Site-028,mid,mid.5,5,4,shoot height,35,cm
RESCQ-Site-028,mid,mid.5,5,5,shoot height,55,cm
RESCQ-Site-029,cross,cross.1,2,1,flowering shoot density,0,cnt
RESCQ-Site-029,cross,cross.1,2,1,percent cover,83,%
RESCQ-Site-029,cross,cross.1,2,1,percent macroalgae,4,%
RESCQ-Site-029,cross,cross.1,2,1,shoot density,76,cnt
RESCQ-Site-029,cross,cross.1,2,1,shoot height,27,cm
RESCQ-Site-029,cross,cross.1,2,2,shoot height,31,cm
RESCQ-Site-029,cross,cross.1,2,3,shoot height,33,cm
RESCQ-Site-029,cross,cross.1,2,4,shoot height,34,cm
RESCQ-Site-029,cross,cross.1,2,5,shoot height,35,cm
RESCQ-Site-029,cross,cross.2,2,1,flowering shoot density,0,cnt
RESCQ-Site-029,cross,cross.2,2,1,percent cover,70,%
RESCQ-Site-029,cross,cross.2,2,1,percent macroalgae,3,%
RESCQ-Site-029,cross,cross.2,2,1,shoot density,64,cnt
RESCQ-Site-029,cross,cross.2,2,1,shoot height,22,cm
RESCQ-Site-029,cross,cross.2,2,2,shoot height,34,cm
RESCQ-Site-029,cross,cross.2,2,3,shoot height,35,cm
RESCQ-Site-029,cross,cross.2,2,4,shoot height,40,cm
RESCQ-Site-029,cross,cross.2,2,5,shoot height,38,cm
RESCQ-Site-029,mid,mid.1,5,1,flowering shoot density,0,cnt
RESCQ-Site-029,mid,mid.1,5,1,percent cover,25,%
RESCQ-Site-029,mid,mid.1,5,1,percent macroalgae,75,%
RESCQ-Site-029,mid,mid.1,5,1,shoot density,31,cnt
RESCQ-Site-029,mid,mid.1,5,1,shoot height,24,cm
RESCQ-Site-029,mid,mid.1,5,2,shoot height,29,cm
RESCQ-Site-029,mid,mid.1,5,3,shoot height,22,cm
RESCQ-Site-029,mid,mid.1,5,4,shoot height,22,cm
RESCQ-Site-029,mid,mid.1,5,5,shoot height,22,cm
RESCQ-Site-029,mid,mid.2,5,1,flowering shoot density,0,cnt
RESCQ-Site-029,mid,mid.2,5,1,percent cover,60,%
RESCQ-Site-029,mid,mid.2,5,1,percent macroalgae,40,%
RESCQ-Site-029,mid,mid.2,5,1,shoot density,53,cnt
RESCQ-Site-029,mid,mid.2,5,1,shoot height,31,cm
RESCQ-Site-029,mid,mid.2,5,2,shoot height,34,cm
RESCQ-Site-029,mid,mid.2,5,3,shoot height,36,cm
RESCQ-Site-029,mid,mid.2,5,4,shoot height,26,cm
RESCQ-Site-029,mid,mid.2,5,5,shoot height,21,cm
RESCQ-Site-029,mid,mid.3,5,1,flowering shoot density,0,cnt
RESCQ-Site-029,mid,mid.3,5,1,percent cover,70,%
RESCQ-Site-029,mid,mid.3,5,1,percent macroalgae,30,%
RESCQ-Site-029,mid,mid.3,5,1,shoot density,49,cnt
RESCQ-Site-029,mid,mid.3,5,1,shoot height,36,cm
RESCQ-Site-029,mid,mid.3,5,2,shoot height,23,cm
RESCQ-Site-029,mid,mid.3,5,3,shoot height,44,cm
RESCQ-Site-029,mid,mid.3,5,4,shoot height,22,cm
RESCQ-Site-029,mid,mid.3,5,5,shoot height,35,cm
RESCQ-Site-029,mid,mid.4,5,1,flowering shoot density,0,cnt
RESCQ-Site-029,mid,mid.4,5,1,percent cover,30,%
RESCQ-Site-029,mid,mid.4,5,1,percent macroalgae,10,%
RESCQ-Site-029,mid,mid.4,5,1,shoot density,45,cnt
RESCQ-Site-029,mid,mid.4,5,1,shoot height,28,cm
RESCQ-Site-029,mid,mid.4,5,2,shoot height,25,cm
RESCQ-Site-029,mid,mid.4,5,3,shoot height,21,cm
RESCQ-Site-029,mid,mid.4,5,4,shoot height,24,cm
RESCQ-Site-029,mid,mid.4,5,5,shoot height,16,cm
RESCQ-Site-029,mid,mid.5,5,1,flowering shoot density,0,cnt
RESCQ-Site-029,mid,mid.5,5,1,percent cover,95,%
RESCQ-Site-029,mid,mid.5,5,1,percent macroalgae,5,%
RESCQ-Site-029,mid,mid.5,5,1,shoot density,38,cnt
RESCQ-Site-029,mid,mid.5,5,1,shoot height,37,cm
RESCQ-Site-029,mid,mid.5,5,2,shoot height,35,cm
RESCQ-Site-029,mid,mid.5,5,3,shoot height,35,cm
RESCQ-Site-029,mid,mid.5,5,4,shoot height,40,cm
RESCQ-Site-029,mid,mid.5,5,5,shoot height,28,cm
RESCQ-Site-030,cross,cross.1,2,1,flowering shoot density,0,cnt
RESCQ-Site-030,cross,cross.1,2,1,percent cover,25,%
RESCQ-Site-030,cross,cross.1,2,1,percent macroalgae,20,%
RESCQ-Site-030,cross,cross.1,2,1,shoot density,18,cnt
RESCQ-Site-030,cross,cross.1,2,1,shoot height,49,cm
RESCQ-Site-030,cross,cross.1,2,2,shoot height,53,cm
RESCQ-Site-030,cross,cross.1,2,3,shoot height,37,cm
RESCQ-Site-030,cross,cross.1,2,4,shoot height,55,cm
RESCQ-Site-030,cross,cross.1,2,5,shoot height,57,cm
RESCQ-Site-030,cross,cross.2,2,1,flowering shoot density,0,cnt
RESCQ-Site-030,cross,cross.2,2,1,percent cover,15,%
RESCQ-Site-030,cross,cross.2,2,1,percent macroalgae,5,%
RESCQ-Site-030,cross,cross.2,2,1,shoot density,14,cnt
RESCQ-Site-030,cross,cross.2,2,1,shoot height,58,cm
RESCQ-Site-030,cross,cross.2,2,2,shoot height,42,cm
RESCQ-Site-030,cross,cross.2,2,3,shoot height,41,cm
RESCQ-Site-030,cross,cross.2,2,4,shoot height,33,cm
RESCQ-Site-030,cross,cross.2,2,5,shoot height,24,cm
RESCQ-Site-030,mid,mid.1,5,1,flowering shoot density,0,cnt
RESCQ-Site-030,mid,mid.1,5,1,percent cover,15,%
RESCQ-Site-030,mid,mid.1,5,1,percent macroalgae,5,%
RESCQ-Site-030,mid,mid.1,5,1,shoot density,15,cnt
RESCQ-Site-030,mid,mid.1,5,1,shoot height,29,cm
RESCQ-Site-030,mid,mid.1,5,2,shoot height,27,cm
RESCQ-Site-030,mid,mid.1,5,3,shoot height,15,cm
RESCQ-Site-030,mid,mid.1,5,4,shoot height,33,cm
RESCQ-Site-030,mid,mid.1,5,5,shoot height,24,cm
RESCQ-Site-030,mid,mid.2,5,1,flowering shoot density,0,cnt
RESCQ-Site-030,mid,mid.2,5,1,percent cover,35,%
RESCQ-Site-030,mid,mid.2,5,1,percent macroalgae,10,%
RESCQ-Site-030,mid,mid.2,5,1,shoot density,27,cnt
RESCQ-Site-030,mid,mid.2,5,1,shoot height,27,cm
RESCQ-Site-030,mid,mid.2,5,2,shoot height,25,cm
RESCQ-Site-030,mid,mid.2,5,3,shoot height,25,cm
RESCQ-Site-030,mid,mid.2,5,4,shoot height,52,cm
RESCQ-Site-030,mid,mid.2,5,5,shoot height,18,cm
RESCQ-Site-030,mid,mid.3,5,1,flowering shoot density,0,cnt
RESCQ-Site-030,mid,mid.3,5,1,percent cover,20,%
RESCQ-Site-030,mid,mid.3,5,1,percent macroalgae,5,%
RESCQ-Site-030,mid,mid.3,5,1,shoot density,17,cnt
RESCQ-Site-030,mid,mid.3,5,1,shoot height,21,cm
RESCQ-Site-030,mid,mid.3,5,2,shoot height,26,cm
RESCQ-Site-030,mid,mid.3,5,3,shoot height,29,cm
RESCQ-Site-030,mid,mid.3,5,4,shoot height,12,cm
RESCQ-Site-030,mid,mid.3,5,5,shoot height,31,cm
RESCQ-Site-030,mid,mid.4,5,1,flowering shoot density,0,cnt
RESCQ-Site-030,mid,mid.4,5,1,percent cover,20,%
RESCQ-Site-030,mid,mid.4,5,1,percent macroalgae,5,%
RESCQ-Site-030,mid,mid.4,5,1,shoot density,25,cnt
RESCQ-Site-030,mid,mid.4,5,1,shoot height,42,cm
RESCQ-Site-030,mid,mid.4,5,2,shoot height,46,cm
RESCQ-Site-030,mid,mid.4,5,3,shoot height,26,cm
RESCQ-Site-030,mid,mid.4,5,4,shoot height,36,cm
RESCQ-Site-030,mid,mid.4,5,5,shoot height,39,cm
RESCQ-Site-030,mid,mid.5,5,1,flowering shoot density,0,cnt
RESCQ-Site-030,mid,mid.5,5,1,percent cover,60,%
RESCQ-Site-030,mid,mid.5,5,1,percent macroalgae,0,%
RESCQ-Site-030,mid,mid.5,5,1,shoot density,55,cnt
RESCQ-Site-030,mid,mid.5,5,1,shoot height,85,cm
RESCQ-Site-030,mid,mid.5,5,2,shoot height,77,cm
RESCQ-Site-030,mid,mid.5,5,3,shoot height,64,cm
RESCQ-Site-030,mid,mid.5,5,4,shoot height,62,cm
RESCQ-Site-030,mid,mid.5,5,5,shoot height,31,cm
RESCQ-Site-031,cross,cross.1,2,1,flowering shoot density,0,cnt
RESCQ-Site-031,cross,cross.1,2,1,percent cover,50,%
RESCQ-Site-031,cross,cross.1,2,1,percent macroalgae,0,%
RESCQ-Site-031,cross,cross.1,2,1,shoot density,72,cnt
RESCQ-Site-031,cross,cross.1,2,1,shoot height,79,cm
RESCQ-Site-031,cross,cross.1,2,2,shoot height,62,cm
RESCQ-Site-031,cross,cross.1,2,3,shoot height,98,cm
RESCQ-Site-031,cross,cross.1,2,4,shoot height,77,cm
RESCQ-Site-031,cross,cross.1,2,5,shoot height,119,cm
RESCQ-Site-031,cross,cross.2,2,1,flowering shoot density,0,cnt
RESCQ-Site-031,cross,cross.2,2,1,percent cover,10,%
RESCQ-Site-031,cross,cross.2,2,1,percent macroalgae,10,%
RESCQ-Site-031,cross,cross.2,2,1,shoot density,16,cnt
RESCQ-Site-031,cross,cross.2,2,1,shoot height,43,cm
RESCQ-Site-031,cross,cross.2,2,2,shoot height,63,cm
RESCQ-Site-031,cross,cross.2,2,3,shoot height,39,cm
RESCQ-Site-031,cross,cross.2,2,4,shoot height,50,cm
RESCQ-Site-031,cross,cross.2,2,5,shoot height,19,cm
RESCQ-Site-031,mid,mid.1,5,1,flowering shoot density,5,cnt
RESCQ-Site-031,mid,mid.1,5,1,percent cover,85,%
RESCQ-Site-031,mid,mid.1,5,1,percent macroalgae,0,%
RESCQ-Site-031,mid,mid.1,5,1,shoot density,110,cnt
RESCQ-Site-031,mid,mid.1,5,1,shoot height,68,cm
RESCQ-Site-031,mid,mid.1,5,2,shoot height,88,cm
RESCQ-Site-031,mid,mid.1,5,3,shoot height,63,cm
RESCQ-Site-031,mid,mid.1,5,4,shoot height,115,cm
RESCQ-Site-031,mid,mid.1,5,5,shoot height,82,cm
RESCQ-Site-031,mid,mid.2,5,1,flowering shoot density,1,cnt
RESCQ-Site-031,mid,mid.2,5,1,percent cover,60,%
RESCQ-Site-031,mid,mid.2,5,1,percent macroalgae,0,%
RESCQ-Site-031,mid,mid.2,5,1,shoot density,92,cnt
RESCQ-Site-031,mid,mid.2,5,1,shoot height,52,cm
RESCQ-Site-031,mid,mid.2,5,2,shoot height,79,cm
RESCQ-Site-031,mid,mid.2,5,3,shoot height,94,cm
RESCQ-Site-031,mid,mid.2,5,4,shoot height,104,cm
RESCQ-Site-031,mid,mid.2,5,5,shoot height,59,cm
RESCQ-Site-031,mid,mid.3,5,1,flowering shoot density,3,cnt
RESCQ-Site-031,mid,mid.3,5,1,percent cover,50,%
RESCQ-Site-031,mid,mid.3,5,1,percent macroalgae,10,%
RESCQ-Site-031,mid,mid.3,5,1,shoot density,71,cnt
RESCQ-Site-031,mid,mid.3,5,1,shoot height,70,cm
RESCQ-Site-031,mid,mid.3,5,2,shoot height,43,cm
RESCQ-Site-031,mid,mid.3,5,3,shoot height,39,cm
RESCQ-Site-031,mid,mid.3,5,4,shoot height,53,cm
RESCQ-Site-031,mid,mid.3,5,5,shoot height,59,cm
RESCQ-Site-031,mid,mid.4,5,1,flowering shoot density,0,cnt
RESCQ-Site-031,mid,mid.4,5,1,percent cover,60,%
RESCQ-Site-031,mid,mid.4,5,1,percent macroalgae,5,%
RESCQ-Site-031,mid,mid.4,5,1,shoot density,97,cnt
RESCQ-Site-031,mid,mid.4,5,1,shoot height,87,cm
RESCQ-Site-031,mid,mid.4,5,2,shoot height,65,cm
RESCQ-Site-031,mid,mid.4,5,3,shoot height,79,cm
RESCQ-Site-031,mid,mid.4,5,4,shoot height,78,cm
RESCQ-Site-031,mid,mid.4,5,5,shoot height,49,cm
RESCQ-Site-031,mid,mid.5,5,1,flowering shoot density,0,cnt
RESCQ-Site-031,mid,mid.5,5,1,percent cover,30,%
RESCQ-Site-031,mid,mid.5,5,1,percent macroalgae,5,%
RESCQ-Site-031,mid,mid.5,5,1,shoot density,68,cnt
RESCQ-Site-031,mid,mid.5,5,1,shoot height,57,cm
RESCQ-Site-031,mid,mid.5,5,2,shoot height,28,cm
RESCQ-Site-031,mid,mid.5,5,3,shoot height,60,cm
RESCQ-Site-031,mid,mid.5,5,4,shoot height,59,cm
RESCQ-Site-031,mid,mid.5,5,5,shoot height,37,cm
RESCQ-Site-033,cross,cross.1,2,1,flowering shoot density,2,cnt
RESCQ-Site-033,cross,cross.1,2,1,percent cover,55,%
RESCQ-Site-033,cross,cross.1,2,1,percent macroalgae,0,%
RESCQ-Site-033,cross,cross.1,2,1,shoot density,25,cnt
RESCQ-Site-033,cross,cross.1,2,1,shoot height,18,cm
RESCQ-Site-033,cross,cross.1,2,2,shoot height,20,cm
RESCQ-Site-033,cross,cross.1,2,3,shoot height,42,cm
RESCQ-Site-033,cross,cross.1,2,4,shoot height,43,cm
RESCQ-Site-033,cross,cross.1,2,5,shoot height,57,cm
RESCQ-Site-033,cross,cross.2,2,1,flowering shoot density,0,cnt
RESCQ-Site-033,cross,cross.2,2,1,percent cover,10,%
RESCQ-Site-033,cross,cross.2,2,1,percent macroalgae,0,%
RESCQ-Site-033,cross,cross.2,2,1,shoot density,14,cnt
RESCQ-Site-033,cross,cross.2,2,1,shoot height,18,cm
RESCQ-Site-033,cross,cross.2,2,2,shoot height,27,cm
RESCQ-Site-033,cross,cross.2,2,3,shoot height,36,cm
RESCQ-Site-033,cross,cross.2,2,4,shoot height,39,cm
RESCQ-Site-033,cross,cross.2,2,5,shoot height,42,cm
RESCQ-Site-033,mid,mid.1,5,1,flowering shoot density,0,cnt
RESCQ-Site-033,mid,mid.1,5,1,percent cover,15,%
RESCQ-Site-033,mid,mid.1,5,1,percent macroalgae,0,%
RESCQ-Site-033,mid,mid.1,5,1,shoot density,34,cnt
RESCQ-Site-033,mid,mid.1,5,1,shoot height,20,cm
RESCQ-Site-033,mid,mid.1,5,2,shoot height,26,cm
RESCQ-Site-033,mid,mid.1,5,3,shoot height,32,cm
RESCQ-Site-033,mid,mid.1,5,4,shoot height,38,cm
RESCQ-Site-033,mid,mid.1,5,5,shoot height,35,cm
RESCQ-Site-033,mid,mid.2,5,1,flowering shoot density,1,cnt
RESCQ-Site-033,mid,mid.2,5,1,percent cover,30,%
RESCQ-Site-033,mid,mid.2,5,1,percent macroalgae,0,%
RESCQ-Site-033,mid,mid.2,5,1,shoot density,64,cnt
RESCQ-Site-033,mid,mid.2,5,1,shoot height,32,cm
RESCQ-Site-033,mid,mid.2,5,2,shoot height,41,cm
RESCQ-Site-033,mid,mid.2,5,3,shoot height,47,cm
RESCQ-Site-033,mid,mid.2,5,4,shoot height,56,cm
RESCQ-Site-033,mid,mid.2,5,5,shoot height,61,cm
RESCQ-Site-033,mid,mid.3,5,1,flowering shoot density,0,cnt
RESCQ-Site-033,mid,mid.3,5,1,percent cover,45,%
RESCQ-Site-033,mid,mid.3,5,1,percent macroalgae,0,%
RESCQ-Site-033,mid,mid.3,5,1,shoot density,21,cnt
RESCQ-Site-033,mid,mid.3,5,1,shoot height,23,cm
RESCQ-Site-033,mid,mid.3,5,2,shoot height,45,cm
RESCQ-Site-033,mid,mid.3,5,3,shoot height,47,cm
RESCQ-Site-033,mid,mid.3,5,4,shoot height,55,cm
RESCQ-Site-033,mid,mid.3,5,5,shoot height,66,cm
RESCQ-Site-033,mid,mid.4,5,1,flowering shoot density,0,cnt
RESCQ-Site-033,mid,mid.4,5,1,percent cover,40,%
RESCQ-Site-033,mid,mid.4,5,1,percent macroalgae,0,%
RESCQ-Site-033,mid,mid.4,5,1,shoot density,71,cnt
RESCQ-Site-033,mid,mid.4,5,1,shoot height,19,cm
RESCQ-Site-033,mid,mid.4,5,2,shoot height,28,cm
RESCQ-Site-033,mid,mid.4,5,3,shoot height,37,cm
RESCQ-Site-033,mid,mid.4,5,4,shoot height,44,cm
RESCQ-Site-033,mid,mid.4,5,5,shoot height,60,cm
RESCQ-Site-033,mid,mid.5,5,1,flowering shoot density,1,cnt
RESCQ-Site-033,mid,mid.5,5,1,percent cover,60,%
RESCQ-Site-033,mid,mid.5,5,1,percent macroalgae,15,%
RESCQ-Site-033,mid,mid.5,5,1,shoot density,28,cnt
RESCQ-Site-033,mid,mid.5,5,1,shoot height,18,cm
RESCQ-Site-033,mid,mid.5,5,2,shoot height,22,cm
RESCQ-Site-033,mid,mid.5,5,3,shoot height,25,cm
RESCQ-Site-033,mid,mid.5,5,4,shoot height,41,cm
RESCQ-Site-033,mid,mid.5,5,5,shoot height,48,cm
RESCQ-Site-060,mid,mid.1,5,1,flowering shoot density,4,cnt
RESCQ-Site-060,mid,mid.1,5,1,percent cover,40,%
RESCQ-Site-060,mid,mid.1,5,1,percent macroalgae,0,%
RESCQ-Site-060,mid,mid.1,5,1,shoot density,47,cnt
RESCQ-Site-060,mid,mid.1,5,1,shoot height,48,cm
RESCQ-Site-060,mid,mid.1,5,2,shoot height,50,cm
RESCQ-Site-060,mid,mid.1,5,3,shoot height,52,cm
RESCQ-Site-060,mid,mid.1,5,4,shoot height,57,cm
RESCQ-Site-060,mid,mid.1,5,5,shoot height,58,cm
RESCQ-Site-060,mid,mid.2,5,1,flowering shoot density,0,cnt
RESCQ-Site-060,mid,mid.2,5,1,percent cover,30,%
RESCQ-Site-060,mid,mid.2,5,1,percent macroalgae,0,%
RESCQ-Site-060,mid,mid.2,5,1,shoot density,48,cnt
RESCQ-Site-060,mid,mid.2,5,1,shoot height,27,cm
RESCQ-Site-060,mid,mid.2,5,2,shoot height,33,cm
RESCQ-Site-060,mid,mid.2,5,3,shoot height,34,cm
RESCQ-Site-060,mid,mid.2,5,4,shoot height,37,cm
RESCQ-Site-060,mid,mid.2,5,5,shoot height,38,cm
RESCQ-Site-060,mid,mid.3,5,1,flowering shoot density,0,cnt
RESCQ-Site-060,mid,mid.3,5,1,percent cover,20,%
RESCQ-Site-060,mid,mid.3,5,1,percent macroalgae,0,%
RESCQ-Site-060,mid,mid.3,5,1,shoot density,39,cnt
RESCQ-Site-060,mid,mid.3,5,1,shoot height,32,cm
RESCQ-Site-060,mid,mid.3,5,2,shoot height,37,cm
RESCQ-Site-060,mid,mid.3,5,3,shoot height,42,cm
RESCQ-Site-060,mid,mid.3,5,4,shoot height,48,cm
RESCQ-Site-060,mid,mid.3,5,5,shoot height,57,cm
RESCQ-Site-060,mid,mid.4,5,1,flowering shoot density,4,cnt
RESCQ-Site-060,mid,mid.4,5,1,percent cover,50,%
RESCQ-Site-060,mid,mid.4,5,1,percent macroalgae,0,%
RESCQ-Site-060,mid,mid.4,5,1,shoot density,66,cnt
RESCQ-Site-060,mid,mid.4,5,1,shoot height,33,cm
RESCQ-Site-060,mid,mid.4,5,2,shoot height,34,cm
RESCQ-Site-060,mid,mid.4,5,3,shoot height,47,cm
RESCQ-Site-060,mid,mid.4,5,4,shoot height,49,cm
RESCQ-Site-060,mid,mid.4,5,5,shoot height,50,cm
RESCQ-Site-060,mid,mid.5,5,1,flowering shoot density,0,cnt
RESCQ-Site-060,mid,mid.5,5,1,percent cover,45,%
RESCQ-Site-060,mid,mid.5,5,1,percent macroalgae,0,%
RESCQ-Site-060,mid,mid.5,5,1,shoot density,63,cnt
RESCQ-Site-060,mid,mid.5,5,1,shoot height,30,cm
RESCQ-Site-060,mid,mid.5,5,2,shoot height,32,cm
RESCQ-Site-060,mid,mid.5,5,3,shoot height,42,cm
RESCQ-Site-060,mid,mid.5,5,4,shoot height,45,cm
RESCQ-Site-060,mid,mid.5,5,5,shoot height,56,cm
RESCQ-Site-061,patch,patch.1,2,1,flowering shoot density,0,cnt
RESCQ-Site-061,patch,patch.1,2,1,percent cover,40,%
RESCQ-Site-061,patch,patch.1,2,1,percent macroalgae,2,%
RESCQ-Site-061,patch,patch.1,2,1,shoot density,14,cnt
RESCQ-Site-061,patch,patch.1,2,1,shoot height,30,cm
RESCQ-Site-061,patch,patch.1,2,2,shoot height,49,cm
RESCQ-Site-061,patch,patch.1,2,3,shoot height,44,cm
RESCQ-Site-061,patch,patch.1,2,4,shoot height,58,cm
RESCQ-Site-061,patch,patch.1,2,5,shoot height,57,cm
RESCQ-Site-061,patch,patch.2,2,1,flowering shoot density,0,cnt
RESCQ-Site-061,patch,patch.2,2,1,percent cover,40,%
RESCQ-Site-061,patch,patch.2,2,1,percent macroalgae,3,%
RESCQ-Site-061,patch,patch.2,2,1,shoot density,12,cnt
RESCQ-Site-061,patch,patch.2,2,1,shoot height,47,cm
RESCQ-Site-061,patch,patch.2,2,2,shoot height,40,cm
RESCQ-Site-061,patch,patch.2,2,3,shoot height,35,cm
RESCQ-Site-061,patch,patch.2,2,4,shoot height,14,cm
RESCQ-Site-061,patch,patch.2,2,5,shoot height,15,cm
RESCQ-Site-064,cross,cross.1,2,1,flowering shoot density,0,cnt
RESCQ-Site-064,cross,cross.1,2,1,percent cover,30,%
RESCQ-Site-064,cross,cross.1,2,1,percent macroalgae,15,%
RESCQ-Site-064,cross,cross.1,2,1,shoot density,16,cnt
RESCQ-Site-064,cross,cross.1,2,1,shoot height,27,cm
RESCQ-Site-064,cross,cross.1,2,2,shoot height,57,cm
RESCQ-Site-064,cross,cross.1,2,3,shoot height,55,cm
RESCQ-Site-064,cross,cross.1,2,4,shoot height,64,cm
RESCQ-Site-064,cross,cross.1,2,5,shoot height,66,cm
RESCQ-Site-064,cross,cross.2,2,1,flowering shoot density,0,cnt
RESCQ-Site-064,cross,cross.2,2,1,percent cover,40,%
RESCQ-Site-064,cross,cross.2,2,1,percent macroalgae,10,%
RESCQ-Site-064,cross,cross.2,2,1,shoot density,14,cnt
RESCQ-Site-064,cross,cross.2,2,1,shoot height,68,cm
RESCQ-Site-064,cross,cross.2,2,2,shoot height,56,cm
RESCQ-Site-064,cross,cross.2,2,3,shoot height,46,cm
RESCQ-Site-064,cross,cross.2,2,4,shoot height,42,cm
RESCQ-Site-064,cross,cross.2,2,5,shoot height,60,cm
RESCQ-Site-064,mid,mid.1,5,1,flowering shoot density,0,cnt
RESCQ-Site-064,mid,mid.1,5,1,percent cover,40,%
RESCQ-Site-064,mid,mid.1,5,1,percent macroalgae,5,%
RESCQ-Site-064,mid,mid.1,5,1,shoot density,14,cnt
RESCQ-Site-064,mid,mid.1,5,1,shoot height,45,cm
RESCQ-Site-064,mid,mid.1,5,2,shoot height,60,cm
RESCQ-Site-064,mid,mid.1,5,3,shoot height,55,cm
RESCQ-Site-064,mid,mid.1,5,4,shoot height,41,cm
RESCQ-Site-064,mid,mid.1,5,5,shoot height,51,cm
RESCQ-Site-064,mid,mid.2,5,1,flowering shoot density,0,cnt
RESCQ-Site-064,mid,mid.2,5,1,percent cover,60,%
RESCQ-Site-064,mid,mid.2,5,1,percent macroalgae,10,%
RESCQ-Site-064,mid,mid.2,5,1,shoot density,16,cnt
RESCQ-Site-064,mid,mid.2,5,1,shoot height,47,cm
RESCQ-Site-064,mid,mid.2,5,2,shoot height,68,cm
RESCQ-Site-064,mid,mid.2,5,3,shoot height,58,cm
RESCQ-Site-064,mid,mid.2,5,4,shoot height,42,cm
RESCQ-Site-064,mid,mid.2,5,5,shoot height,68,cm
RESCQ-Site-064,mid,mid.3,5,1,flowering shoot density,0,cnt
RESCQ-Site-064,mid,mid.3,5,1,percent cover,25,%
RESCQ-Site-064,mid,mid.3,5,1,percent macroalgae,10,%
RESCQ-Site-064,mid,mid.3,5,1,shoot density,7,cnt
RESCQ-Site-064,mid,mid.3,5,1,shoot height,33,cm
RESCQ-Site-064,mid,mid.3,5,2,shoot height,34,cm
RESCQ-Site-064,mid,mid.3,5,3,shoot height,47,cm
RESCQ-Site-064,mid,mid.3,5,4,shoot height,40,cm
RESCQ-Site-064,mid,mid.3,5,5,shoot height,31,cm
RESCQ-Site-064,mid,mid.4,5,1,flowering shoot density,0,cnt
RESCQ-Site-064,mid,mid.4,5,1,percent cover,35,%
RESCQ-Site-064,mid,mid.4,5,1,percent macroalgae,15,%
RESCQ-Site-064,mid,mid.4,5,1,shoot density,17,cnt
RESCQ-Site-064,mid,mid.4,5,1,shoot height,28,cm
RESCQ-Site-064,mid,mid.4,5,2,shoot height,35,cm
RESCQ-Site-064,mid,mid.4,5,3,shoot height,23,cm
RESCQ-Site-064,mid,mid.4,5,4,shoot height,25,cm
RESCQ-Site-064,mid,mid.4,5,5,shoot height,41,cm
RESCQ-Site-064,mid,mid.5,5,1,flowering shoot density,0,cnt
RESCQ-Site-064,mid,mid.5,5,1,percent cover,20,%
RESCQ-Site-064,mid,mid.5,5,1,percent macroalgae,15,%
RESCQ-Site-064,mid,mid.5,5,1,shoot density,11,cnt
RESCQ-Site-064,mid,mid.5,5,1,shoot height,24,cm
RESCQ-Site-064,mid,mid.5,5,2,shoot height,64,cm
RESCQ-Site-064,mid,mid.5,5,3,shoot height,68,cm
RESCQ-Site-064,mid,mid.5,5,4,shoot height,56,cm
RESCQ-Site-064,mid,mid.5,5,5,shoot height,68,cm
RESCQ-Site-065,cross,cross.1,2,1,flowering shoot density,0,cnt
RESCQ-Site-065,cross,cross.1,2,1,percent cover,85,%
RESCQ-Site-065,cross,cross.1,2,1,percent macroalgae,0,%
RESCQ-Site-065,cross,cross.1,2,1,shoot density,51,cnt
RESCQ-Site-065,cross,cross.1,2,1,shoot height,81,cm
RESCQ-Site-065,cross,cross.1,2,2,shoot height,92,cm
RESCQ-Site-065,cross,cross.1,2,3,shoot height,73,cm
RESCQ-Site-065,cross,cross.1,2,4,shoot height,75,cm
RESCQ-Site-065,cross,cross.1,2,5,shoot height,68,cm
RESCQ-Site-065,cross,cross.2,2,1,flowering shoot density,0,cnt
RESCQ-Site-065,cross,cross.2,2,1,percent cover,20,%
RESCQ-Site-065,cross,cross.2,2,1,percent macroalgae,3,%
RESCQ-Site-065,cross,cross.2,2,1,shoot density,14,cnt
RESCQ-Site-065,cross,cross.2,2,1,shoot height,70,cm
RESCQ-Site-065,cross,cross.2,2,2,shoot height,51,cm
RESCQ-Site-065,cross,cross.2,2,3,shoot height,73,cm
RESCQ-Site-065,cross,cross.2,2,4,shoot height,92,cm
RESCQ-Site-065,cross,cross.2,2,5,shoot height,83,cm
RESCQ-Site-065,mid,mid.1,5,1,flowering shoot density,0,cnt
RESCQ-Site-065,mid,mid.1,5,1,percent cover,25,%
RESCQ-Site-065,mid,mid.1,5,1,percent macroalgae,15,%
RESCQ-Site-065,mid,mid.1,5,1,shoot density,16,cnt
RESCQ-Site-065,mid,mid.1,5,1,shoot height,66,cm
RESCQ-Site-065,mid,mid.1,5,2,shoot height,71,cm
RESCQ-Site-065,mid,mid.1,5,3,shoot height,44,cm
RESCQ-Site-065,mid,mid.1,5,4,shoot height,52,cm
RESCQ-Site-065,mid,mid.1,5,5,shoot height,69,cm
RESCQ-Site-065,mid,mid.2,5,1,flowering shoot density,0,cnt
RESCQ-Site-065,mid,mid.2,5,1,percent cover,40,%
RESCQ-Site-065,mid,mid.2,5,1,percent macroalgae,1,%
RESCQ-Site-065,mid,mid.2,5,1,shoot density,19,cnt
RESCQ-Site-065,mid,mid.2,5,1,shoot height,104,cm
RESCQ-Site-065,mid,mid.2,5,2,shoot height,48,cm
RESCQ-Site-065,mid,mid.2,5,3,shoot height,24,cm
RESCQ-Site-065,mid,mid.2,5,4,shoot height,52,cm
RESCQ-Site-065,mid,mid.2,5,5,shoot height,101,cm
RESCQ-Site-065,mid,mid.3,5,1,flowering shoot density,0,cnt
RESCQ-Site-065,mid,mid.3,5,1,percent cover,85,%
RESCQ-Site-065,mid,mid.3,5,1,percent macroalgae,0,%
RESCQ-Site-065,mid,mid.3,5,1,shoot density,37,cnt
RESCQ-Site-065,mid,mid.3,5,1,shoot height,75,cm
RESCQ-Site-065,mid,mid.3,5,2,shoot height,105,cm
RESCQ-Site-065,mid,mid.3,5,3,shoot height,43,cm
RESCQ-Site-065,mid,mid.3,5,4,shoot height,106,cm
RESCQ-Site-065,mid,mid.3,5,5,shoot height,109,cm
RESCQ-Site-065,mid,mid.4,5,1,flowering shoot density,0,cnt
RESCQ-Site-065,mid,mid.4,5,1,percent cover,80,%
RESCQ-Site-065,mid,mid.4,5,1,percent macroalgae,0,%
RESCQ-Site-065,mid,mid.4,5,1,shoot density,39,cnt
RESCQ-Site-065,mid,mid.4,5,1,shoot height,64,cm
RESCQ-Site-065,mid,mid.4,5,2,shoot height,99,cm
RESCQ-Site-065,mid,mid.4,5,3,shoot height,66,cm
RESCQ-Site-065,mid,mid.4,5,4,shoot height,86,cm
RESCQ-Site-065,mid,mid.4,5,5,shoot height,80,cm
RESCQ-Site-065,mid,mid.5,5,1,flowering shoot density,0,cnt
RESCQ-Site-065,mid,mid.5,5,1,percent cover,75,%
RESCQ-Site-065,mid,mid.5,5,1,percent macroalgae,1,%
RESCQ-Site-065,mid,mid.5,5,1,shoot density,36,cnt
RESCQ-Site-065,mid,mid.5,5,1,shoot height,68,cm
RESCQ-Site-065,mid,mid.5,5,2,shoot height,42,cm
RESCQ-Site-065,mid,mid.5,5,3,shoot height,78,cm
RESCQ-Site-065,mid,mid.5,5,4,shoot height,72,cm
RESCQ-Site-065,mid,mid.5,5,5,shoot height,76,cm
904AHT001,cross,cross.1,1,1,percent cover,30,%
904AHT001,cross,cross.1,1,1,percent macroalgae,0,%
904AHT001,cross,cross.1,1,1,shoot density,63,cnt
904AHT001,cross,cross.1,1,1,flowering shoot density,0,cnt
904AHT001,cross,cross.1,1,1,shoot height,70,cm
904AHT001,cross,cross.1,1,2,shoot height,85,cm
904AHT001,cross,cross.1,1,3,shoot height,30,cm
904AHT001,cross,cross.1,1,4,shoot height,85,cm
904AHT001,cross,cross.1,1,5,shoot height,73,cm
904AHT001,cross,cross.2,1,1,percent cover,10,%
904AHT001,cross,cross.2,1,1,percent macroalgae,0,%
904AHT001,cross,cross.2,1,1,shoot density,27,cnt
904AHT001,cross,cross.2,1,1,flowering shoot density,0,cnt
904AHT001,cross,cross.2,1,1,shoot height,75,cm
904AHT001,cross,cross.2,1,2,shoot height,80,cm
904AHT001,cross,cross.2,1,3,shoot height,59,cm
904AHT001,cross,cross.2,1,4,shoot height,82,cm
904AHT001,cross,cross.2,1,5,shoot height,57,cm
904AHT001,mid,mid.1,1,1,percent cover,15,%
904AHT001,mid,mid.1,1,1,percent macroalgae,0,%
904AHT001,mid,mid.1,1,1,shoot density,40,cnt
904AHT001,mid,mid.1,1,1,flowering shoot density,0,cnt
904AHT001,mid,mid.1,1,1,shoot height,90,cm
904AHT001,mid,mid.1,1,2,shoot height,45,cm
904AHT001,mid,mid.1,1,3,shoot height,70,cm
904AHT001,mid,mid.1,1,4,shoot height,50,cm
904AHT001,mid,mid.1,1,5,shoot height,110,cm
904AHT001,mid,mid.2,1,1,percent cover,10,%
904AHT001,mid,mid.2,1,1,percent macroalgae,0,%
904AHT001,mid,mid.2,1,1,shoot density,38,cnt
904AHT001,mid,mid.2,1,1,flowering shoot density,0,cnt
904AHT001,mid,mid.2,1,1,shoot height,69,cm
904AHT001,mid,mid.2,1,2,shoot height,69,cm
904AHT001,mid,mid.2,1,3,shoot height,39,cm
904AHT001,mid,mid.2,1,4,shoot height,75,cm
904AHT001,mid,mid.2,1,5,shoot height,70,cm
904AHT001,mid,mid.3,1,1,percent cover,25,%
904AHT001,mid,mid.3,1,1,percent macroalgae,0,%
904AHT001,mid,mid.3,1,1,shoot density,49,cnt
904AHT001,mid,mid.3,1,1,flowering shoot density,0,cnt
904AHT001,mid,mid.3,1,1,shoot height,85,cm
904AHT001,mid,mid.3,1,2,shoot height,47,cm
904AHT001,mid,mid.3,1,3,shoot height,98,cm
904AHT001,mid,mid.3,1,4,shoot height,50,cm
904AHT001,mid,mid.3,1,5,shoot height,45,cm
904AHT001,mid,mid.4,1,1,percent cover,15,%
904AHT001,mid,mid.4,1,1,percent macroalgae,0,%
904AHT001,mid,mid.4,1,1,shoot density,46,cnt
904AHT001,mid,mid.4,1,1,flowering shoot density,0,cnt
904AHT001,mid,mid.4,1,1,shoot height,30,cm
904AHT001,mid,mid.4,1,2,shoot height,35,cm
904AHT001,mid,mid.4,1,3,shoot height,71,cm
904AHT001,mid,mid.4,1,4,shoot height,63,cm
904AHT001,mid,mid.4,1,5,shoot height,47,cm
904AHT001,mid,mid.5,1,1,percent cover,35,%
904AHT001,mid,mid.5,1,1,percent macroalgae,0,%
904AHT001,mid,mid.5,1,1,shoot density,60,cnt
904AHT001,mid,mid.5,1,1,flowering shoot density,0,cnt
904AHT001,mid,mid.5,1,1,shoot height,80,cm
904AHT001,mid,mid.5,1,2,shoot height,110,cm
904AHT001,mid,mid.5,1,3,shoot height,50,cm
904AHT001,mid,mid.5,1,4,shoot height,95,cm
904AHT001,mid,mid.5,1,5,shoot height,85,cm
904BLT001,cross,cross.1,1,1,percent cover,20,%
904BLT001,cross,cross.1,1,1,percent macroalgae,5,%
904BLT001,cross,cross.1,1,1,shoot density,73,cnt
904BLT001,cross,cross.1,1,1,flowering shoot density,0,cnt
904BLT001,cross,cross.1,1,1,shoot height,67,cm
904BLT001,cross,cross.1,1,2,shoot height,26,cm
904BLT001,cross,cross.1,1,3,shoot height,72,cm
904BLT001,cross,cross.1,1,4,shoot height,34,cm
904BLT001,cross,cross.1,1,5,shoot height,42,cm
904BLT001,cross,cross.2,1,1,percent cover,20,%
904BLT001,cross,cross.2,1,1,percent macroalgae,5,%
904BLT001,cross,cross.2,1,1,shoot density,71,cnt
904BLT001,cross,cross.2,1,1,flowering shoot density,0,cnt
904BLT001,cross,cross.2,1,1,shoot height,72,cm
904BLT001,cross,cross.2,1,2,shoot height,57,cm
904BLT001,cross,cross.2,1,3,shoot height,40,cm
904BLT001,cross,cross.2,1,4,shoot height,53,cm
904BLT001,cross,cross.2,1,5,shoot height,23,cm
904BLT001,mid,mid.1,1,1,percent cover,40,%
904BLT001,mid,mid.1,1,1,percent macroalgae,0,%
904BLT001,mid,mid.1,1,1,shoot density,85,cnt
904BLT001,mid,mid.1,1,1,flowering shoot density,0,cnt
904BLT001,mid,mid.1,1,1,shoot height,15,cm
904BLT001,mid,mid.1,1,2,shoot height,57,cm
904BLT001,mid,mid.1,1,3,shoot height,76,cm
904BLT001,mid,mid.1,1,4,shoot height,80,cm
904BLT001,mid,mid.1,1,5,shoot height,40,cm
904BLT001,mid,mid.2,1,1,percent cover,45,%
904BLT001,mid,mid.2,1,1,percent macroalgae,0,%
904BLT001,mid,mid.2,1,1,shoot density,106,cnt
904BLT001,mid,mid.2,1,1,flowering shoot density,0,cnt
904BLT001,mid,mid.2,1,1,shoot height,50,cm
904BLT001,mid,mid.2,1,2,shoot height,55,cm
904BLT001,mid,mid.2,1,3,shoot height,34,cm
904BLT001,mid,mid.2,1,4,shoot height,84,cm
904BLT001,mid,mid.2,1,5,shoot height,45,cm
904BLT001,mid,mid.3,1,1,percent cover,15,%
904BLT001,mid,mid.3,1,1,percent macroalgae,0,%
904BLT001,mid,mid.3,1,1,shoot density,63,cnt
904BLT001,mid,mid.3,1,1,flowering shoot density,0,cnt
904BLT001,mid,mid.3,1,1,shoot height,41,cm
904BLT001,mid,mid.3,1,2,shoot height,11,cm
904BLT001,mid,mid.3,1,3,shoot height,54,cm
904BLT001,mid,mid.3,1,4,shoot height,46,cm
904BLT001,mid,mid.3,1,5,shoot height,45,cm
904BLT001,mid,mid.4,1,1,percent cover,25,%
904BLT001,mid,mid.4,1,1,percent macroalgae,5,%
904BLT001,mid,mid.4,1,1,shoot density,93,cnt
904BLT001,mid,mid.4,1,1,flowering shoot density,0,cnt
904BLT001,mid,mid.4,1,1,shoot height,53,cm
904BLT001,mid,mid.4,1,2,shoot height,40,cm
904BLT001,mid,mid.4,1,3,shoot height,25,cm
904BLT001,mid,mid.4,1,4,shoot height,48,cm
904BLT001,mid,mid.4,1,5,shoot height,31,cm
904BLT001,mid,mid.5,1,1,percent cover,5,%
904BLT001,mid,mid.5,1,1,percent macroalgae,0,%
904BLT001,mid,mid.5,1,1,shoot density,38,cnt
904BLT001,mid,mid.5,1,1,flowering shoot density,0,cnt
904BLT001,mid,mid.5,1,1,shoot height,60,cm
904BLT001,mid,mid.5,1,2,shoot height,39,cm
904BLT001,mid,mid.5,1,3,shoot height,48,cm
904BLT001,mid,mid.5,1,4,shoot height,28,cm
904BLT001,mid,mid.5,1,5,shoot height,48,cm
906MBECSR,cross,cross.1,1,1,percent cover,5,%
906MBECSR,cross,cross.1,1,1,percent macroalgae,0,%
906MBECSR,cross,cross.1,1,1,shoot density,23,cnt
906MBECSR,cross,cross.1,1,1,flowering shoot density,0,cnt
906MBECSR,cross,cross.1,1,1,shoot height,20,cm
906MBECSR,cross,cross.1,1,2,shoot height,61,cm
906MBECSR,cross,cross.1,1,3,shoot height,56,cm
906MBECSR,cross,cross.1,1,4,shoot height,37,cm
906MBECSR,cross,cross.1,1,5,shoot height,57,cm
906MBECSR,cross,cross.1,2,1,percent cover,2,%
906MBECSR,cross,cross.1,2,1,percent macroalgae,0,%
906MBECSR,cross,cross.1,2,1,shoot density,17,cnt
906MBECSR,cross,cross.1,2,1,flowering shoot density,0,cnt
906MBECSR,cross,cross.1,2,1,shoot height,57,cm
906MBECSR,cross,cross.1,2,2,shoot height,33,cm
906MBECSR,cross,cross.1,2,3,shoot height,62,cm
906MBECSR,cross,cross.1,2,4,shoot height,35,cm
906MBECSR,cross,cross.1,2,5,shoot height,35,cm
906MBECSR,cross,cross.2,1,1,percent cover,80,%
906MBECSR,cross,cross.2,1,1,percent macroalgae,0,%
906MBECSR,cross,cross.2,1,1,shoot density,96,cnt
906MBECSR,cross,cross.2,1,1,flowering shoot density,0,cnt
906MBECSR,cross,cross.2,1,1,shoot height,20,cm
906MBECSR,cross,cross.2,1,2,shoot height,24,cm
906MBECSR,cross,cross.2,1,3,shoot height,21,cm
906MBECSR,cross,cross.2,1,4,shoot height,17,cm
906MBECSR,cross,cross.2,1,5,shoot height,20,cm
906MBECSR,cross,cross.2,2,1,percent cover,40,%
906MBECSR,cross,cross.2,2,1,percent macroalgae,0,%
906MBECSR,cross,cross.2,2,1,shoot density,90,cnt
906MBECSR,cross,cross.2,2,1,flowering shoot density,0,cnt
906MBECSR,cross,cross.2,2,1,shoot height,12,cm
906MBECSR,cross,cross.2,2,2,shoot height,12,cm
906MBECSR,cross,cross.2,2,3,shoot height,24,cm
906MBECSR,cross,cross.2,2,4,shoot height,16,cm
906MBECSR,cross,cross.2,2,5,shoot height,18,cm
906MBECSR,mid,mid.1,1,1,percent cover,75,%
906MBECSR,mid,mid.1,1,1,percent macroalgae,0,%
906MBECSR,mid,mid.1,1,1,shoot density,107,cnt
906MBECSR,mid,mid.1,1,1,flowering shoot density,0,cnt
906MBECSR,mid,mid.1,1,1,shoot height,22,cm
906MBECSR,mid,mid.1,1,2,shoot height,18,cm
906MBECSR,mid,mid.1,1,3,shoot height,23,cm
906MBECSR,mid,mid.1,1,4,shoot height,23,cm
906MBECSR,mid,mid.1,1,5,shoot height,22,cm
906MBECSR,mid,mid.1,2,1,percent cover,40,%
906MBECSR,mid,mid.1,2,1,percent macroalgae,0,%
906MBECSR,mid,mid.1,2,1,shoot density,75,cnt
906MBECSR,mid,mid.1,2,1,flowering shoot density,0,cnt
906MBECSR,mid,mid.1,2,1,shoot height,12,cm
906MBECSR,mid,mid.1,2,2,shoot height,15,cm
906MBECSR,mid,mid.1,2,3,shoot height,19,cm
906MBECSR,mid,mid.1,2,4,shoot height,15,cm
906MBECSR,mid,mid.1,2,5,shoot height,14,cm
906MBECSR,mid,mid.2,1,1,percent cover,80,%
906MBECSR,mid,mid.2,1,1,percent macroalgae,0,%
906MBECSR,mid,mid.2,1,1,shoot density,130,cnt
906MBECSR,mid,mid.2,1,1,flowering shoot density,0,cnt
906MBECSR,mid,mid.2,1,1,shoot height,40,cm
906MBECSR,mid,mid.2,1,2,shoot height,35,cm
906MBECSR,mid,mid.2,1,3,shoot height,36,cm
906MBECSR,mid,mid.2,1,4,shoot height,52,cm
906MBECSR,mid,mid.2,1,5,shoot height,40,cm
906MBECSR,mid,mid.2,2,1,percent cover,80,%
906MBECSR,mid,mid.2,2,1,percent macroalgae,0,%
906MBECSR,mid,mid.2,2,1,shoot density,120,cnt
906MBECSR,mid,mid.2,2,1,flowering shoot density,0,cnt
906MBECSR,mid,mid.2,2,1,shoot height,30,cm
906MBECSR,mid,mid.2,2,2,shoot height,32,cm
906MBECSR,mid,mid.2,2,3,shoot height,18,cm
906MBECSR,mid,mid.2,2,4,shoot height,33,cm
906MBECSR,mid,mid.2,2,5,shoot height,26,cm
906MBECSR,mid,mid.3,1,1,percent cover,85,%
906MBECSR,mid,mid.3,1,1,percent macroalgae,0,%
906MBECSR,mid,mid.3,1,1,shoot density,112,cnt
906MBECSR,mid,mid.3,1,1,flowering shoot density,0,cnt
906MBECSR,mid,mid.3,1,1,shoot height,32,cm
906MBECSR,mid,mid.3,1,2,shoot height,18,cm
906MBECSR,mid,mid.3,1,3,shoot height,32,cm
906MBECSR,mid,mid.3,1,4,shoot height,31,cm
906MBECSR,mid,mid.3,1,5,shoot height,21,cm
906MBECSR,mid,mid.3,2,1,percent cover,85,%
906MBECSR,mid,mid.3,2,1,percent macroalgae,0,%
906MBECSR,mid,mid.3,2,1,shoot density,130,cnt
906MBECSR,mid,mid.3,2,1,flowering shoot density,0,cnt
906MBECSR,mid,mid.3,2,1,shoot height,22,cm
906MBECSR,mid,mid.3,2,2,shoot height,34,cm
906MBECSR,mid,mid.3,2,3,shoot height,40,cm
906MBECSR,mid,mid.3,2,4,shoot height,46,cm
906MBECSR,mid,mid.3,2,5,shoot height,29,cm
906MBECSR,mid,mid.4,1,1,percent cover,85,%
906MBECSR,mid,mid.4,1,1,percent macroalgae,0,%
906MBECSR,mid,mid.4,1,1,shoot density,138,cnt
906MBECSR,mid,mid.4,1,1,flowering shoot density,0,cnt
906MBECSR,mid,mid.4,1,1,shoot height,25,cm
906MBECSR,mid,mid.4,1,2,shoot height,28,cm
906MBECSR,mid,mid.4,1,3,shoot height,23,cm
906MBECSR,mid,mid.4,1,4,shoot height,27,cm
906MBECSR,mid,mid.4,1,5,shoot height,25,cm
906MBECSR,mid,mid.4,2,1,percent cover,85,%
906MBECSR,mid,mid.4,2,1,percent macroalgae,0,%
906MBECSR,mid,mid.4,2,1,shoot density,130,cnt
906MBECSR,mid,mid.4,2,1,flowering shoot density,0,cnt
906MBECSR,mid,mid.4,2,1,shoot height,21,cm
906MBECSR,mid,mid.4,2,2,shoot height,12,cm
906MBECSR,mid,mid.4,2,3,shoot height,14,cm
906MBECSR,mid,mid.4,2,4,shoot height,29,cm
906MBECSR,mid,mid.4,2,5,shoot height,20,cm
906MBECSR,mid,mid.5,1,1,percent cover,20,%
906MBECSR,mid,mid.5,1,1,percent macroalgae,0,%
906MBECSR,mid,mid.5,1,1,shoot density,99,cnt
906MBECSR,mid,mid.5,1,1,flowering shoot density,0,cnt
906MBECSR,mid,mid.5,1,1,shoot height,20,cm
906MBECSR,mid,mid.5,1,2,shoot height,18,cm
906MBECSR,mid,mid.5,1,3,shoot height,16,cm
906MBECSR,mid,mid.5,1,4,shoot height,17,cm
906MBECSR,mid,mid.5,1,5,shoot height,13,cm
906MBECSR,mid,mid.5,2,1,percent cover,15,%
906MBECSR,mid,mid.5,2,1,percent macroalgae,0,%
906MBECSR,mid,mid.5,2,1,shoot density,39,cnt
906MBECSR,mid,mid.5,2,1,flowering shoot density,0,cnt
906MBECSR,mid,mid.5,2,1,shoot height,11,cm
906MBECSR,mid,mid.5,2,2,shoot height,21,cm
906MBECSR,mid,mid.5,2,3,shoot height,14,cm
906MBECSR,mid,mid.5,2,4,shoot height,16,cm
906MBECSR,mid,mid.5,2,5,shoot height,19,cm
906MBECSR,outer,out.1,1,1,percent cover,60,%
906MBECSR,outer,out.1,1,1,percent macroalgae,0,%
906MBECSR,outer,out.1,1,1,shoot density,138,cnt
906MBECSR,outer,out.1,1,1,flowering shoot density,0,cnt
906MBECSR,outer,out.1,1,1,shoot height,29,cm
906MBECSR,outer,out.1,1,2,shoot height,27,cm
906MBECSR,outer,out.1,1,3,shoot height,18,cm
906MBECSR,outer,out.1,1,4,shoot height,31,cm
906MBECSR,outer,out.1,1,5,shoot height,25,cm
906MBECSR,outer,out.1,2,1,percent cover,15,%
906MBECSR,outer,out.1,2,1,percent macroalgae,0,%
906MBECSR,outer,out.1,2,1,shoot density,54,cnt
906MBECSR,outer,out.1,2,1,flowering shoot density,0,cnt
906MBECSR,outer,out.1,2,1,shoot height,31,cm
906MBECSR,outer,out.1,2,2,shoot height,21,cm
906MBECSR,outer,out.1,2,3,shoot height,22,cm
906MBECSR,outer,out.1,2,4,shoot height,26,cm
906MBECSR,outer,out.1,2,5,shoot height,32,cm
906MBECSR,outer,out.2,1,1,percent cover,15,%
906MBECSR,outer,out.2,1,1,percent macroalgae,0,%
906MBECSR,outer,out.2,1,1,shoot density,44,cnt
906MBECSR,outer,out.2,1,1,flowering shoot density,0,cnt
906MBECSR,outer,out.2,1,1,shoot height,35,cm
906MBECSR,outer,out.2,1,2,shoot height,45,cm
906MBECSR,outer,out.2,1,3,shoot height,55,cm
906MBECSR,outer,out.2,1,4,shoot height,42,cm
906MBECSR,outer,out.2,1,5,shoot height,61,cm
906MBECSR,outer,out.2,2,1,percent cover,5,%
906MBECSR,outer,out.2,2,1,percent macroalgae,0,%
906MBECSR,outer,out.2,2,1,shoot density,22,cnt
906MBECSR,outer,out.2,2,1,flowering shoot density,0,cnt
906MBECSR,outer,out.2,2,1,shoot height,24,cm
906MBECSR,outer,out.2,2,2,shoot height,46,cm
906MBECSR,outer,out.2,2,3,shoot height,45,cm
906MBECSR,outer,out.2,2,4,shoot height,27,cm
906MBECSR,outer,out.2,2,5,shoot height,66,cm
906MBECSR,outer,out.3,1,1,percent cover,5,%
906MBECSR,outer,out.3,1,1,percent macroalgae,0,%
906MBECSR,outer,out.3,1,1,shoot density,51,cnt
906MBECSR,outer,out.3,1,1,flowering shoot density,0,cnt
906MBECSR,outer,out.3,1,1,shoot height,23,cm
906MBECSR,outer,out.3,1,2,shoot height,25,cm
906MBECSR,outer,out.3,1,3,shoot height,45,cm
906MBECSR,outer,out.3,1,4,shoot height,39,cm
906MBECSR,outer,out.3,1,5,shoot height,45,cm
906MBECSR,outer,out.3,2,1,percent cover,5,%
906MBECSR,outer,out.3,2,1,percent macroalgae,0,%
906MBECSR,outer,out.3,2,1,shoot density,26,cnt
906MBECSR,outer,out.3,2,1,flowering shoot density,0,cnt
906MBECSR,outer,out.3,2,1,shoot height,32,cm
906MBECSR,outer,out.3,2,2,shoot height,34,cm
906MBECSR,outer,out.3,2,3,shoot height,43,cm
906MBECSR,outer,out.3,2,4,shoot height,26,cm
906MBECSR,outer,out.3,2,5,shoot height,47,cm
906MBMCSC,cross,cross.1,1,1,percent cover,75,%
906MBMCSC,cross,cross.1,1,1,percent macroalgae,0,%
906MBMCSC,cross,cross.1,1,1,shoot density,88,cnt
906MBMCSC,cross,cross.1,1,1,flowering shoot density,0,cnt
906MBMCSC,cross,cross.1,1,1,shoot height,46,cm
906MBMCSC,cross,cross.1,1,2,shoot height,57,cm
906MBMCSC,cross,cross.1,1,3,shoot height,75,cm
906MBMCSC,cross,cross.1,1,4,shoot height,74,cm
906MBMCSC,cross,cross.1,1,5,shoot height,63,cm
906MBMCSC,cross,cross.1,2,1,percent cover,55,%
906MBMCSC,cross,cross.1,2,1,percent macroalgae,0,%
906MBMCSC,cross,cross.1,2,1,shoot density,85,cnt
906MBMCSC,cross,cross.1,2,1,flowering shoot density,0,cnt
906MBMCSC,cross,cross.1,2,1,shoot height,78,cm
906MBMCSC,cross,cross.1,2,2,shoot height,55,cm
906MBMCSC,cross,cross.1,2,3,shoot height,70,cm
906MBMCSC,cross,cross.1,2,4,shoot height,55,cm
906MBMCSC,cross,cross.1,2,5,shoot height,76,cm
906MBMCSC,cross,cross.2,1,1,percent cover,70,%
906MBMCSC,cross,cross.2,1,1,percent macroalgae,0,%
906MBMCSC,cross,cross.2,1,1,shoot density,56,cnt
906MBMCSC,cross,cross.2,1,1,flowering shoot density,0,cnt
906MBMCSC,cross,cross.2,1,1,shoot height,47,cm
906MBMCSC,cross,cross.2,1,2,shoot height,86,cm
906MBMCSC,cross,cross.2,1,3,shoot height,83,cm
906MBMCSC,cross,cross.2,1,4,shoot height,90,cm
906MBMCSC,cross,cross.2,1,5,shoot height,91,cm
906MBMCSC,cross,cross.2,2,1,percent cover,40,%
906MBMCSC,cross,cross.2,2,1,percent macroalgae,0,%
906MBMCSC,cross,cross.2,2,1,shoot density,68,cnt
906MBMCSC,cross,cross.2,2,1,flowering shoot density,0,cnt
906MBMCSC,cross,cross.2,2,1,shoot height,70,cm
906MBMCSC,cross,cross.2,2,2,shoot height,55,cm
906MBMCSC,cross,cross.2,2,3,shoot height,56,cm
906MBMCSC,cross,cross.2,2,4,shoot height,79,cm
906MBMCSC,cross,cross.2,2,5,shoot height,84,cm
906MBMCSC,inner,in.1,1,1,percent cover,1,%
906MBMCSC,inner,in.1,1,1,percent macroalgae,0,%
906MBMCSC,inner,in.1,1,1,shoot density,40,cnt
906MBMCSC,inner,in.1,1,1,flowering shoot density,0,cnt
906MBMCSC,inner,in.1,1,1,shoot height,50,cm
906MBMCSC,inner,in.1,1,2,shoot height,34,cm
906MBMCSC,inner,in.1,1,3,shoot height,52,cm
906MBMCSC,inner,in.1,1,4,shoot height,47,cm
906MBMCSC,inner,in.1,1,5,shoot height,52,cm
906MBMCSC,inner,in.1,2,1,percent cover,10,%
906MBMCSC,inner,in.1,2,1,percent macroalgae,0,%
906MBMCSC,inner,in.1,2,1,shoot density,25,cnt
906MBMCSC,inner,in.1,2,1,flowering shoot density,0,cnt
906MBMCSC,inner,in.1,2,1,shoot height,52,cm
906MBMCSC,inner,in.1,2,2,shoot height,33,cm
906MBMCSC,inner,in.1,2,3,shoot height,45,cm
906MBMCSC,inner,in.1,2,4,shoot height,47,cm
906MBMCSC,inner,in.1,2,5,shoot height,33,cm
906MBMCSC,inner,in.2,1,1,percent cover,70,%
906MBMCSC,inner,in.2,1,1,percent macroalgae,0,%
906MBMCSC,inner,in.2,1,1,shoot density,67,cnt
906MBMCSC,inner,in.2,1,1,flowering shoot density,0,cnt
906MBMCSC,inner,in.2,1,1,shoot height,76,cm
906MBMCSC,inner,in.2,1,2,shoot height,88,cm
906MBMCSC,inner,in.2,1,3,shoot height,52,cm
906MBMCSC,inner,in.2,1,4,shoot height,79,cm
906MBMCSC,inner,in.2,1,5,shoot height,77,cm
906MBMCSC,inner,in.2,2,1,percent cover,30,%
906MBMCSC,inner,in.2,2,1,percent macroalgae,0,%
906MBMCSC,inner,in.2,2,1,shoot density,60,cnt
906MBMCSC,inner,in.2,2,1,flowering shoot density,0,cnt
906MBMCSC,inner,in.2,2,1,shoot height,77,cm
906MBMCSC,inner,in.2,2,2,shoot height,82,cm
906MBMCSC,inner,in.2,2,3,shoot height,80,cm
906MBMCSC,inner,in.2,2,4,shoot height,82,cm
906MBMCSC,inner,in.2,2,5,shoot height,75,cm
906MBMCSC,inner,in.3,1,1,percent cover,75,%
906MBMCSC,inner,in.3,1,1,percent macroalgae,0,%
906MBMCSC,inner,in.3,1,1,shoot density,64,cnt
906MBMCSC,inner,in.3,1,1,flowering shoot density,0,cnt
906MBMCSC,inner,in.3,1,1,shoot height,56,cm
906MBMCSC,inner,in.3,1,2,shoot height,70,cm
906MBMCSC,inner,in.3,1,3,shoot height,75,cm
906MBMCSC,inner,in.3,1,4,shoot height,48,cm
906MBMCSC,inner,in.3,1,5,shoot height,62,cm
906MBMCSC,inner,in.3,2,1,percent cover,50,%
906MBMCSC,inner,in.3,2,1,percent macroalgae,0,%
906MBMCSC,inner,in.3,2,1,shoot density,90,cnt
906MBMCSC,inner,in.3,2,1,flowering shoot density,0,cnt
906MBMCSC,inner,in.3,2,1,shoot height,82,cm
906MBMCSC,inner,in.3,2,2,shoot height,74,cm
906MBMCSC,inner,in.3,2,3,shoot height,80,cm
906MBMCSC,inner,in.3,2,4,shoot height,67,cm
906MBMCSC,inner,in.3,2,5,shoot height,77,cm
906MBMCSC,mid,mid.1,1,1,percent cover,1,%
906MBMCSC,mid,mid.1,1,1,percent macroalgae,0,%
906MBMCSC,mid,mid.1,1,1,shoot density,34,cnt
906MBMCSC,mid,mid.1,1,1,flowering shoot density,0,cnt
906MBMCSC,mid,mid.1,1,1,shoot height,27,cm
906MBMCSC,mid,mid.1,1,2,shoot height,46,cm
906MBMCSC,mid,mid.1,1,3,shoot height,45,cm
906MBMCSC,mid,mid.1,1,4,shoot height,34,cm
906MBMCSC,mid,mid.1,1,5,shoot height,32,cm
906MBMCSC,mid,mid.1,2,1,percent cover,3,%
906MBMCSC,mid,mid.1,2,1,percent macroalgae,0,%
906MBMCSC,mid,mid.1,2,1,shoot density,26,cnt
906MBMCSC,mid,mid.1,2,1,flowering shoot density,0,cnt
906MBMCSC,mid,mid.1,2,1,shoot height,41,cm
906MBMCSC,mid,mid.1,2,2,shoot height,45,cm
906MBMCSC,mid,mid.1,2,3,shoot height,55,cm
906MBMCSC,mid,mid.1,2,4,shoot height,20,cm
906MBMCSC,mid,mid.1,2,5,shoot height,45,cm
906MBMCSC,mid,mid.2,1,1,percent cover,20,%
906MBMCSC,mid,mid.2,1,1,percent macroalgae,0,%
906MBMCSC,mid,mid.2,1,1,shoot density,57,cnt
906MBMCSC,mid,mid.2,1,1,flowering shoot density,0,cnt
906MBMCSC,mid,mid.2,1,1,shoot height,68,cm
906MBMCSC,mid,mid.2,1,2,shoot height,66,cm
906MBMCSC,mid,mid.2,1,3,shoot height,32,cm
906MBMCSC,mid,mid.2,1,4,shoot height,58,cm
906MBMCSC,mid,mid.2,1,5,shoot height,64,cm
906MBMCSC,mid,mid.2,2,1,percent cover,70,%
906MBMCSC,mid,mid.2,2,1,percent macroalgae,0,%
906MBMCSC,mid,mid.2,2,1,shoot density,52,cnt
906MBMCSC,mid,mid.2,2,1,flowering shoot density,0,cnt
906MBMCSC,mid,mid.2,2,1,shoot height,22,cm
906MBMCSC,mid,mid.2,2,2,shoot height,70,cm
906MBMCSC,mid,mid.2,2,3,shoot height,77,cm
906MBMCSC,mid,mid.2,2,4,shoot height,60,cm
906MBMCSC,mid,mid.2,2,5,shoot height,66,cm
906MBMCSC,mid,mid.3,1,1,percent cover,50,%
906MBMCSC,mid,mid.3,1,1,percent macroalgae,0,%
906MBMCSC,mid,mid.3,1,1,shoot density,49,cnt
906MBMCSC,mid,mid.3,1,1,flowering shoot density,0,cnt
906MBMCSC,mid,mid.3,1,1,shoot height,47,cm
906MBMCSC,mid,mid.3,1,2,shoot height,34,cm
906MBMCSC,mid,mid.3,1,3,shoot height,64,cm
906MBMCSC,mid,mid.3,1,4,shoot height,51,cm
906MBMCSC,mid,mid.3,1,5,shoot height,52,cm
906MBMCSC,mid,mid.3,2,1,percent cover,40,%
906MBMCSC,mid,mid.3,2,1,percent macroalgae,0,%
906MBMCSC,mid,mid.3,2,1,shoot density,60,cnt
906MBMCSC,mid,mid.3,2,1,flowering shoot density,0,cnt
906MBMCSC,mid,mid.3,2,1,shoot height,65,cm
906MBMCSC,mid,mid.3,2,2,shoot height,72,cm
906MBMCSC,mid,mid.3,2,3,shoot height,70,cm
906MBMCSC,mid,mid.3,2,4,shoot height,60,cm
906MBMCSC,mid,mid.3,2,5,shoot height,66,cm
906MBMCSC,mid,mid.4,1,1,percent cover,1,%
906MBMCSC,mid,mid.4,1,1,percent macroalgae,80,%
906MBMCSC,mid,mid.4,1,1,shoot density,41,cnt
906MBMCSC,mid,mid.4,1,1,flowering shoot density,0,cnt
906MBMCSC,mid,mid.4,1,1,shoot height,49,cm
906MBMCSC,mid,mid.4,1,2,shoot height,40,cm
906MBMCSC,mid,mid.4,1,3,shoot height,49,cm
906MBMCSC,mid,mid.4,1,4,shoot height,52,cm
906MBMCSC,mid,mid.4,1,5,shoot height,23,cm
906MBMCSC,mid,mid.4,2,1,percent cover,95,%
906MBMCSC,mid,mid.4,2,1,percent macroalgae,0,%
906MBMCSC,mid,mid.4,2,1,shoot density,14,cnt
906MBMCSC,mid,mid.4,2,1,flowering shoot density,0,cnt
906MBMCSC,mid,mid.4,2,1,shoot height,44,cm
906MBMCSC,mid,mid.4,2,2,shoot height,52,cm
906MBMCSC,mid,mid.4,2,3,shoot height,57,cm
906MBMCSC,mid,mid.4,2,4,shoot height,47,cm
906MBMCSC,mid,mid.4,2,5,shoot height,40,cm
906MBMCSC,mid,mid.5,1,1,percent cover,70,%
906MBMCSC,mid,mid.5,1,1,percent macroalgae,0,%
906MBMCSC,mid,mid.5,1,1,shoot density,79,cnt
906MBMCSC,mid,mid.5,1,1,flowering shoot density,0,cnt
906MBMCSC,mid,mid.5,1,1,shoot height,65,cm
906MBMCSC,mid,mid.5,1,2,shoot height,72,cm
906MBMCSC,mid,mid.5,1,3,shoot height,51,cm
906MBMCSC,mid,mid.5,1,4,shoot height,30,cm
906MBMCSC,mid,mid.5,1,5,shoot height,27,cm
906MBMCSC,mid,mid.5,2,1,percent cover,75,%
906MBMCSC,mid,mid.5,2,1,percent macroalgae,0,%
906MBMCSC,mid,mid.5,2,1,shoot density,75,cnt
906MBMCSC,mid,mid.5,2,1,flowering shoot density,0,cnt
906MBMCSC,mid,mid.5,2,1,shoot height,53,cm
906MBMCSC,mid,mid.5,2,2,shoot height,51,cm
906MBMCSC,mid,mid.5,2,3,shoot height,70,cm
906MBMCSC,mid,mid.5,2,4,shoot height,77,cm
906MBMCSC,mid,mid.5,2,5,shoot height,80,cm
906MBMCSC,outer,out.1,1,1,percent cover,15,%
906MBMCSC,outer,out.1,1,1,percent macroalgae,0,%
906MBMCSC,outer,out.1,1,1,shoot density,43,cnt
906MBMCSC,outer,out.1,1,1,flowering shoot density,0,cnt
906MBMCSC,outer,out.1,1,1,shoot height,39,cm
906MBMCSC,outer,out.1,1,2,shoot height,63,cm
906MBMCSC,outer,out.1,1,3,shoot height,60,cm
906MBMCSC,outer,out.1,1,4,shoot height,55,cm
906MBMCSC,outer,out.1,1,5,shoot height,49,cm
906MBMCSC,outer,out.1,2,1,percent cover,10,%
906MBMCSC,outer,out.1,2,1,percent macroalgae,0,%
906MBMCSC,outer,out.1,2,1,shoot density,20,cnt
906MBMCSC,outer,out.1,2,1,flowering shoot density,0,cnt
906MBMCSC,outer,out.1,2,1,shoot height,66,cm
906MBMCSC,outer,out.1,2,2,shoot height,61,cm
906MBMCSC,outer,out.1,2,3,shoot height,49,cm
906MBMCSC,outer,out.1,2,4,shoot height,18,cm
906MBMCSC,outer,out.1,2,5,shoot height,63,cm
906MBMCSC,outer,out.2,1,1,percent cover,80,%
906MBMCSC,outer,out.2,1,1,percent macroalgae,0,%
906MBMCSC,outer,out.2,1,1,shoot density,56,cnt
906MBMCSC,outer,out.2,1,1,flowering shoot density,0,cnt
906MBMCSC,outer,out.2,1,1,shoot height,61,cm
906MBMCSC,outer,out.2,1,2,shoot height,67,cm
906MBMCSC,outer,out.2,1,3,shoot height,71,cm
906MBMCSC,outer,out.2,1,4,shoot height,84,cm
906MBMCSC,outer,out.2,1,5,shoot height,72,cm
906MBMCSC,outer,out.2,2,1,percent cover,35,%
906MBMCSC,outer,out.2,2,1,percent macroalgae,0,%
906MBMCSC,outer,out.2,2,1,shoot density,33,cnt
906MBMCSC,outer,out.2,2,1,flowering shoot density,0,cnt
906MBMCSC,outer,out.2,2,1,shoot height,70,cm
906MBMCSC,outer,out.2,2,2,shoot height,55,cm
906MBMCSC,outer,out.2,2,3,shoot height,63,cm
906MBMCSC,outer,out.2,2,4,shoot height,60,cm
906MBMCSC,outer,out.2,2,5,shoot height,77,cm
906MBMCSC,outer,out.3,1,1,percent cover,25,%
906MBMCSC,outer,out.3,1,1,percent macroalgae,0,%
906MBMCSC,outer,out.3,1,1,shoot density,58,cnt
906MBMCSC,outer,out.3,1,1,flowering shoot density,0,cnt
906MBMCSC,outer,out.3,1,1,shoot height,51,cm
906MBMCSC,outer,out.3,1,2,shoot height,52,cm
906MBMCSC,outer,out.3,1,3,shoot height,63,cm
906MBMCSC,outer,out.3,1,4,shoot height,69,cm
906MBMCSC,outer,out.3,1,5,shoot height,45,cm
906MBMCSC,outer,out.3,2,1,percent cover,25,%
906MBMCSC,outer,out.3,2,1,percent macroalgae,0,%
906MBMCSC,outer,out.3,2,1,shoot density,40,cnt
906MBMCSC,outer,out.3,2,1,flowering shoot density,0,cnt
906MBMCSC,outer,out.3,2,1,shoot height,52,cm
906MBMCSC,outer,out.3,2,2,shoot height,40,cm
906MBMCSC,outer,out.3,2,3,shoot height,63,cm
906MBMCSC,outer,out.3,2,4,shoot height,51,cm
906MBMCSC,outer,out.3,2,5,shoot height,49,cm
906MBVCSA,cross,cross.1,1,1,percent cover,5,%
906MBVCSA,cross,cross.1,1,1,percent macroalgae,0,%
906MBVCSA,cross,cross.1,1,1,shoot density,40,cnt
906MBVCSA,cross,cross.1,1,1,flowering shoot density,0,cnt
906MBVCSA,cross,cross.1,1,1,shoot height,63,cm
906MBVCSA,cross,cross.1,1,2,shoot height,32,cm
906MBVCSA,cross,cross.1,1,3,shoot height,63,cm
906MBVCSA,cross,cross.1,1,4,shoot height,41,cm
906MBVCSA,cross,cross.1,1,5,shoot height,65,cm
906MBVCSA,cross,cross.1,2,1,percent cover,10,%
906MBVCSA,cross,cross.1,2,1,percent macroalgae,0,%
906MBVCSA,cross,cross.1,2,1,shoot density,30,cnt
906MBVCSA,cross,cross.1,2,1,flowering shoot density,0,cnt
906MBVCSA,cross,cross.1,2,1,shoot height,62.9,cm
906MBVCSA,cross,cross.1,2,2,shoot height,59.6,cm
906MBVCSA,cross,cross.1,2,3,shoot height,58.5,cm
906MBVCSA,cross,cross.1,2,4,shoot height,62.8,cm
906MBVCSA,cross,cross.1,2,5,shoot height,49.7,cm
906MBVCSA,cross,cross.2,1,1,percent cover,25,%
906MBVCSA,cross,cross.2,1,1,percent macroalgae,0,%
906MBVCSA,cross,cross.2,1,1,shoot density,51,cnt
906MBVCSA,cross,cross.2,1,1,flowering shoot density,0,cnt
906MBVCSA,cross,cross.2,1,1,shoot height,60,cm
906MBVCSA,cross,cross.2,1,2,shoot height,53,cm
906MBVCSA,cross,cross.2,1,3,shoot height,75,cm
906MBVCSA,cross,cross.2,1,4,shoot height,85,cm
906MBVCSA,cross,cross.2,1,5,shoot height,57,cm
906MBVCSA,cross,cross.2,2,1,percent cover,50,%
906MBVCSA,cross,cross.2,2,1,percent macroalgae,0,%
906MBVCSA,cross,cross.2,2,1,shoot density,43,cnt
906MBVCSA,cross,cross.2,2,1,flowering shoot density,0,cnt
906MBVCSA,cross,cross.2,2,1,shoot height,59.2,cm
906MBVCSA,cross,cross.2,2,2,shoot height,62,cm
906MBVCSA,cross,cross.2,2,3,shoot height,37.7,cm
906MBVCSA,cross,cross.2,2,4,shoot height,47.1,cm
906MBVCSA,cross,cross.2,2,5,shoot height,65.6,cm
906MBVCSA,inner,in.1,1,1,percent cover,5,%
906MBVCSA,inner,in.1,1,1,percent macroalgae,0,%
906MBVCSA,inner,in.1,1,1,shoot density,22,cnt
906MBVCSA,inner,in.1,1,1,flowering shoot density,0,cnt
906MBVCSA,inner,in.1,1,1,shoot height,36,cm
906MBVCSA,inner,in.1,1,2,shoot height,47,cm
906MBVCSA,inner,in.1,1,3,shoot height,24,cm
906MBVCSA,inner,in.1,1,4,shoot height,46,cm
906MBVCSA,inner,in.1,1,5,shoot height,32,cm
906MBVCSA,inner,in.1,2,1,percent cover,5,%
906MBVCSA,inner,in.1,2,1,percent macroalgae,0,%
906MBVCSA,inner,in.1,2,1,shoot density,18,cnt
906MBVCSA,inner,in.1,2,1,flowering shoot density,0,cnt
906MBVCSA,inner,in.1,2,1,shoot height,45.3,cm
906MBVCSA,inner,in.1,2,2,shoot height,44.2,cm
906MBVCSA,inner,in.1,2,3,shoot height,47.5,cm
906MBVCSA,inner,in.1,2,4,shoot height,27.1,cm
906MBVCSA,inner,in.1,2,5,shoot height,33.8,cm
906MBVCSA,inner,in.2,1,1,percent cover,20,%
906MBVCSA,inner,in.2,1,1,percent macroalgae,0,%
906MBVCSA,inner,in.2,1,1,shoot density,54,cnt
906MBVCSA,inner,in.2,1,1,flowering shoot density,0,cnt
906MBVCSA,inner,in.2,1,1,shoot height,27,cm
906MBVCSA,inner,in.2,1,2,shoot height,53,cm
906MBVCSA,inner,in.2,1,3,shoot height,58,cm
906MBVCSA,inner,in.2,1,4,shoot height,63,cm
906MBVCSA,inner,in.2,1,5,shoot height,60,cm
906MBVCSA,inner,in.2,2,1,percent cover,20,%
906MBVCSA,inner,in.2,2,1,percent macroalgae,0,%
906MBVCSA,inner,in.2,2,1,shoot density,45,cnt
906MBVCSA,inner,in.2,2,1,flowering shoot density,0,cnt
906MBVCSA,inner,in.2,2,1,shoot height,63.1,cm
906MBVCSA,inner,in.2,2,2,shoot height,74.2,cm
906MBVCSA,inner,in.2,2,3,shoot height,55.1,cm
906MBVCSA,inner,in.2,2,4,shoot height,50.3,cm
906MBVCSA,inner,in.2,2,5,shoot height,65.5,cm
906MBVCSA,inner,in.3,1,1,percent cover,45,%
906MBVCSA,inner,in.3,1,1,percent macroalgae,0,%
906MBVCSA,inner,in.3,1,1,shoot density,56,cnt
906MBVCSA,inner,in.3,1,1,flowering shoot density,0,cnt
906MBVCSA,inner,in.3,1,1,shoot height,39,cm
906MBVCSA,inner,in.3,1,2,shoot height,72,cm
906MBVCSA,inner,in.3,1,3,shoot height,77,cm
906MBVCSA,inner,in.3,1,4,shoot height,59,cm
906MBVCSA,inner,in.3,1,5,shoot height,50,cm
906MBVCSA,inner,in.3,2,1,percent cover,60,%
906MBVCSA,inner,in.3,2,1,percent macroalgae,0,%
906MBVCSA,inner,in.3,2,1,shoot density,53,cnt
906MBVCSA,inner,in.3,2,1,flowering shoot density,0,cnt
906MBVCSA,inner,in.3,2,1,shoot height,74.7,cm
906MBVCSA,inner,in.3,2,2,shoot height,80.9,cm
906MBVCSA,inner,in.3,2,3,shoot height,51.7,cm
906MBVCSA,inner,in.3,2,4,shoot height,57.4,cm
906MBVCSA,inner,in.3,2,5,shoot height,44.2,cm
906MBVCSA,mid,mid.1,1,1,percent cover,5,%
906MBVCSA,mid,mid.1,1,1,percent macroalgae,0,%
906MBVCSA,mid,mid.1,1,1,shoot density,35,cnt
906MBVCSA,mid,mid.1,1,1,flowering shoot density,0,cnt
906MBVCSA,mid,mid.1,1,1,shoot height,42,cm
906MBVCSA,mid,mid.1,1,2,shoot height,62,cm
906MBVCSA,mid,mid.1,1,3,shoot height,51,cm
906MBVCSA,mid,mid.1,1,4,shoot height,61,cm
906MBVCSA,mid,mid.1,1,5,shoot height,60,cm
906MBVCSA,mid,mid.1,2,1,percent cover,10,%
906MBVCSA,mid,mid.1,2,1,percent macroalgae,0,%
906MBVCSA,mid,mid.1,2,1,shoot density,38,cnt
906MBVCSA,mid,mid.1,2,1,flowering shoot density,0,cnt
906MBVCSA,mid,mid.1,2,1,shoot height,84.6,cm
906MBVCSA,mid,mid.1,2,2,shoot height,74.5,cm
906MBVCSA,mid,mid.1,2,3,shoot height,58.5,cm
906MBVCSA,mid,mid.1,2,4,shoot height,54.2,cm
906MBVCSA,mid,mid.1,2,5,shoot height,79.3,cm
906MBVCSA,mid,mid.2,1,1,percent cover,5,%
906MBVCSA,mid,mid.2,1,1,percent macroalgae,0,%
906MBVCSA,mid,mid.2,1,1,shoot density,28,cnt
906MBVCSA,mid,mid.2,1,1,flowering shoot density,0,cnt
906MBVCSA,mid,mid.2,1,1,shoot height,55,cm
906MBVCSA,mid,mid.2,1,2,shoot height,40,cm
906MBVCSA,mid,mid.2,1,3,shoot height,35,cm
906MBVCSA,mid,mid.2,1,4,shoot height,47,cm
906MBVCSA,mid,mid.2,1,5,shoot height,37,cm
906MBVCSA,mid,mid.2,2,1,percent cover,5,%
906MBVCSA,mid,mid.2,2,1,percent macroalgae,0,%
906MBVCSA,mid,mid.2,2,1,shoot density,20,cnt
906MBVCSA,mid,mid.2,2,1,flowering shoot density,0,cnt
906MBVCSA,mid,mid.2,2,1,shoot height,39,cm
906MBVCSA,mid,mid.2,2,2,shoot height,61.6,cm
906MBVCSA,mid,mid.2,2,3,shoot height,44.8,cm
906MBVCSA,mid,mid.2,2,4,shoot height,61.5,cm
906MBVCSA,mid,mid.2,2,5,shoot height,45.4,cm
906MBVCSA,mid,mid.3,1,1,percent cover,2,%
906MBVCSA,mid,mid.3,1,1,percent macroalgae,0,%
906MBVCSA,mid,mid.3,1,1,shoot density,28,cnt
906MBVCSA,mid,mid.3,1,1,flowering shoot density,0,cnt
906MBVCSA,mid,mid.3,1,1,shoot height,29,cm
906MBVCSA,mid,mid.3,1,2,shoot height,30,cm
906MBVCSA,mid,mid.3,1,3,shoot height,22,cm
906MBVCSA,mid,mid.3,1,4,shoot height,26,cm
906MBVCSA,mid,mid.3,1,5,shoot height,72,cm
906MBVCSA,mid,mid.3,2,1,percent cover,5,%
906MBVCSA,mid,mid.3,2,1,percent macroalgae,0,%
906MBVCSA,mid,mid.3,2,1,shoot density,28,cnt
906MBVCSA,mid,mid.3,2,1,flowering shoot density,0,cnt
906MBVCSA,mid,mid.3,2,1,shoot height,72,cm
906MBVCSA,mid,mid.3,2,2,shoot height,53.2,cm
906MBVCSA,mid,mid.3,2,3,shoot height,49.3,cm
906MBVCSA,mid,mid.3,2,4,shoot height,22.6,cm
906MBVCSA,mid,mid.3,2,5,shoot height,49.1,cm
906MBVCSA,mid,mid.4,1,1,percent cover,5,%
906MBVCSA,mid,mid.4,1,1,percent macroalgae,0,%
906MBVCSA,mid,mid.4,1,1,shoot density,40,cnt
906MBVCSA,mid,mid.4,1,1,flowering shoot density,0,cnt
906MBVCSA,mid,mid.4,1,1,shoot height,48,cm
906MBVCSA,mid,mid.4,1,2,shoot height,55,cm
906MBVCSA,mid,mid.4,1,3,shoot height,33,cm
906MBVCSA,mid,mid.4,1,4,shoot height,34,cm
906MBVCSA,mid,mid.4,1,5,shoot height,35,cm
906MBVCSA,mid,mid.4,2,1,percent cover,20,%
906MBVCSA,mid,mid.4,2,1,percent macroalgae,0,%
906MBVCSA,mid,mid.4,2,1,shoot density,37,cnt
906MBVCSA,mid,mid.4,2,1,flowering shoot density,0,cnt
906MBVCSA,mid,mid.4,2,1,shoot height,50.7,cm
906MBVCSA,mid,mid.4,2,2,shoot height,38.3,cm
906MBVCSA,mid,mid.4,2,3,shoot height,44.4,cm
906MBVCSA,mid,mid.4,2,4,shoot height,32.1,cm
906MBVCSA,mid,mid.4,2,5,shoot height,21.6,cm
906MBVCSA,mid,mid.5,1,1,percent cover,5,%
906MBVCSA,mid,mid.5,1,1,percent macroalgae,0,%
906MBVCSA,mid,mid.5,1,1,shoot density,39,cnt
906MBVCSA,mid,mid.5,1,1,flowering shoot density,0,cnt
906MBVCSA,mid,mid.5,1,1,shoot height,58,cm
906MBVCSA,mid,mid.5,1,2,shoot height,64,cm
906MBVCSA,mid,mid.5,1,3,shoot height,35,cm
906MBVCSA,mid,mid.5,1,4,shoot height,69,cm
906MBVCSA,mid,mid.5,1,5,shoot height,56,cm
906MBVCSA,mid,mid.5,2,1,percent cover,10,%
906MBVCSA,mid,mid.5,2,1,percent macroalgae,0,%
906MBVCSA,mid,mid.5,2,1,shoot density,32,cnt
906MBVCSA,mid,mid.5,2,1,flowering shoot density,0,cnt
906MBVCSA,mid,mid.5,2,1,shoot height,60.3,cm
906MBVCSA,mid,mid.5,2,2,shoot height,71.5,cm
906MBVCSA,mid,mid.5,2,3,shoot height,45.5,cm
906MBVCSA,mid,mid.5,2,4,shoot height,36.7,cm
906MBVCSA,mid,mid.5,2,5,shoot height,56.4,cm
906MBVCSA,outer,out.1,1,1,percent cover,1,%
906MBVCSA,outer,out.1,1,1,percent macroalgae,0,%
906MBVCSA,outer,out.1,1,1,shoot density,31,cnt
906MBVCSA,outer,out.1,1,1,flowering shoot density,0,cnt
906MBVCSA,outer,out.1,1,1,shoot height,46,cm
906MBVCSA,outer,out.1,1,2,shoot height,54,cm
906MBVCSA,outer,out.1,1,3,shoot height,80,cm
906MBVCSA,outer,out.1,1,4,shoot height,78,cm
906MBVCSA,outer,out.1,1,5,shoot height,47,cm
906MBVCSA,outer,out.1,2,1,percent cover,5,%
906MBVCSA,outer,out.1,2,1,percent macroalgae,50,%
906MBVCSA,outer,out.1,2,1,shoot density,28,cnt
906MBVCSA,outer,out.1,2,1,flowering shoot density,0,cnt
906MBVCSA,outer,out.1,2,1,shoot height,84.1,cm
906MBVCSA,outer,out.1,2,2,shoot height,50.7,cm
906MBVCSA,outer,out.1,2,3,shoot height,85.6,cm
906MBVCSA,outer,out.1,2,4,shoot height,40.9,cm
906MBVCSA,outer,out.1,2,5,shoot height,42.8,cm
906MBVCSA,outer,out.2,1,1,percent cover,5,%
906MBVCSA,outer,out.2,1,1,percent macroalgae,0,%
906MBVCSA,outer,out.2,1,1,shoot density,47,cnt
906MBVCSA,outer,out.2,1,1,flowering shoot density,0,cnt
906MBVCSA,outer,out.2,1,1,shoot height,39,cm
906MBVCSA,outer,out.2,1,2,shoot height,34,cm
906MBVCSA,outer,out.2,1,3,shoot height,38,cm
906MBVCSA,outer,out.2,1,4,shoot height,47,cm
906MBVCSA,outer,out.2,1,5,shoot height,37,cm
906MBVCSA,outer,out.2,2,1,percent cover,10,%
906MBVCSA,outer,out.2,2,1,percent macroalgae,0,%
906MBVCSA,outer,out.2,2,1,shoot density,36,cnt
906MBVCSA,outer,out.2,2,1,flowering shoot density,0,cnt
906MBVCSA,outer,out.2,2,1,shoot height,61.9,cm
906MBVCSA,outer,out.2,2,2,shoot height,69.5,cm
906MBVCSA,outer,out.2,2,3,shoot height,59.4,cm
906MBVCSA,outer,out.2,2,4,shoot height,73.1,cm
906MBVCSA,outer,out.2,2,5,shoot height,38.7,cm
906MBVCSA,outer,out.3,1,1,percent cover,1,%
906MBVCSA,outer,out.3,1,1,percent macroalgae,0,%
906MBVCSA,outer,out.3,1,1,shoot density,8,cnt
906MBVCSA,outer,out.3,1,1,flowering shoot density,0,cnt
906MBVCSA,outer,out.3,1,1,shoot height,52,cm
906MBVCSA,outer,out.3,1,2,shoot height,68,cm
906MBVCSA,outer,out.3,1,3,shoot height,75,cm
906MBVCSA,outer,out.3,1,4,shoot height,78,cm
906MBVCSA,outer,out.3,1,5,shoot height,44,cm
906MBVCSA,outer,out.3,2,1,percent cover,5,%
906MBVCSA,outer,out.3,2,1,percent macroalgae,10,%
906MBVCSA,outer,out.3,2,1,shoot density,9,cnt
906MBVCSA,outer,out.3,2,1,flowering shoot density,0,cnt
906MBVCSA,outer,out.3,2,1,shoot height,61.6,cm
906MBVCSA,outer,out.3,2,2,shoot height,67.8,cm
906MBVCSA,outer,out.3,2,3,shoot height,53.2,cm
906MBVCSA,outer,out.3,2,4,shoot height,65.5,cm
906MBVCSA,outer,out.3,2,5,shoot height,106,cm
906MBVINC,cross,cross.1,1,1,percent cover,1,%
906MBVINC,cross,cross.1,1,1,percent macroalgae,0,%
906MBVINC,cross,cross.1,1,1,shoot density,27,cnt
906MBVINC,cross,cross.1,1,1,flowering shoot density,0,cnt
906MBVINC,cross,cross.1,1,1,shoot height,54,cm
906MBVINC,cross,cross.1,1,2,shoot height,32,cm
906MBVINC,cross,cross.1,1,3,shoot height,44,cm
906MBVINC,cross,cross.1,1,4,shoot height,46,cm
906MBVINC,cross,cross.1,1,5,shoot height,37,cm
906MBVINC,cross,cross.1,2,1,percent cover,10,%
906MBVINC,cross,cross.1,2,1,percent macroalgae,0,%
906MBVINC,cross,cross.1,2,1,shoot density,15,cnt
906MBVINC,cross,cross.1,2,1,flowering shoot density,0,cnt
906MBVINC,cross,cross.1,2,1,shoot height,50,cm
906MBVINC,cross,cross.1,2,2,shoot height,40,cm
906MBVINC,cross,cross.1,2,3,shoot height,38,cm
906MBVINC,cross,cross.1,2,4,shoot height,56,cm
906MBVINC,cross,cross.1,2,5,shoot height,60,cm
906MBVINC,cross,cross.2,1,1,percent cover,1,%
906MBVINC,cross,cross.2,1,1,percent macroalgae,0,%
906MBVINC,cross,cross.2,1,1,shoot density,19,cnt
906MBVINC,cross,cross.2,1,1,flowering shoot density,0,cnt
906MBVINC,cross,cross.2,1,1,shoot height,49,cm
906MBVINC,cross,cross.2,1,2,shoot height,40,cm
906MBVINC,cross,cross.2,1,3,shoot height,41,cm
906MBVINC,cross,cross.2,1,4,shoot height,24,cm
906MBVINC,cross,cross.2,1,5,shoot height,58,cm
906MBVINC,cross,cross.2,2,1,percent cover,25,%
906MBVINC,cross,cross.2,2,1,percent macroalgae,0,%
906MBVINC,cross,cross.2,2,1,shoot density,17,cnt
906MBVINC,cross,cross.2,2,1,flowering shoot density,0,cnt
906MBVINC,cross,cross.2,2,1,shoot height,34,cm
906MBVINC,cross,cross.2,2,2,shoot height,36,cm
906MBVINC,cross,cross.2,2,3,shoot height,50,cm
906MBVINC,cross,cross.2,2,4,shoot height,37,cm
906MBVINC,cross,cross.2,2,5,shoot height,30,cm
906MBVINC,inner,in.1,1,1,percent cover,5,%
906MBVINC,inner,in.1,1,1,percent macroalgae,0,%
906MBVINC,inner,in.1,1,1,shoot density,17,cnt
906MBVINC,inner,in.1,1,1,flowering shoot density,0,cnt
906MBVINC,inner,in.1,1,1,shoot height,35,cm
906MBVINC,inner,in.1,1,2,shoot height,36,cm
906MBVINC,inner,in.1,1,3,shoot height,20,cm
906MBVINC,inner,in.1,1,4,shoot height,20,cm
906MBVINC,inner,in.1,1,5,shoot height,15,cm
906MBVINC,inner,in.1,2,1,percent cover,15,%
906MBVINC,inner,in.1,2,1,percent macroalgae,0,%
906MBVINC,inner,in.1,2,1,shoot density,9,cnt
906MBVINC,inner,in.1,2,1,flowering shoot density,0,cnt
906MBVINC,inner,in.1,2,1,shoot height,37,cm
906MBVINC,inner,in.1,2,2,shoot height,30,cm
906MBVINC,inner,in.1,2,3,shoot height,25,cm
906MBVINC,inner,in.1,2,4,shoot height,16,cm
906MBVINC,inner,in.1,2,5,shoot height,30,cm
906MBVINC,inner,in.2,1,1,percent cover,5,%
906MBVINC,inner,in.2,1,1,percent macroalgae,0,%
906MBVINC,inner,in.2,1,1,shoot density,30,cnt
906MBVINC,inner,in.2,1,1,flowering shoot density,0,cnt
906MBVINC,inner,in.2,1,1,shoot height,54,cm
906MBVINC,inner,in.2,1,2,shoot height,65,cm
906MBVINC,inner,in.2,1,3,shoot height,46,cm
906MBVINC,inner,in.2,1,4,shoot height,56,cm
906MBVINC,inner,in.2,1,5,shoot height,70,cm
906MBVINC,inner,in.2,2,1,percent cover,5,%
906MBVINC,inner,in.2,2,1,percent macroalgae,0,%
906MBVINC,inner,in.2,2,1,shoot density,17,cnt
906MBVINC,inner,in.2,2,1,flowering shoot density,0,cnt
906MBVINC,inner,in.2,2,1,shoot height,34,cm
906MBVINC,inner,in.2,2,2,shoot height,36,cm
906MBVINC,inner,in.2,2,3,shoot height,50,cm
906MBVINC,inner,in.2,2,4,shoot height,37,cm
906MBVINC,inner,in.2,2,5,shoot height,30,cm
906MBVINC,inner,in.3,1,1,percent cover,1,%
906MBVINC,inner,in.3,1,1,percent macroalgae,0,%
906MBVINC,inner,in.3,1,1,shoot density,7,cnt
906MBVINC,inner,in.3,1,1,flowering shoot density,0,cnt
906MBVINC,inner,in.3,1,1,shoot height,10,cm
906MBVINC,inner,in.3,1,2,shoot height,15,cm
906MBVINC,inner,in.3,1,3,shoot height,10,cm
906MBVINC,inner,in.3,1,4,shoot height,32,cm
906MBVINC,inner,in.3,1,5,shoot height,15,cm
906MBVINC,inner,in.3,2,1,percent cover,10,%
906MBVINC,inner,in.3,2,1,percent macroalgae,0,%
906MBVINC,inner,in.3,2,1,shoot density,20,cnt
906MBVINC,inner,in.3,2,1,flowering shoot density,0,cnt
906MBVINC,inner,in.3,2,1,shoot height,12,cm
906MBVINC,inner,in.3,2,2,shoot height,10,cm
906MBVINC,inner,in.3,2,3,shoot height,10,cm
906MBVINC,inner,in.3,2,4,shoot height,10,cm
906MBVINC,inner,in.3,2,5,shoot height,8,cm
906MBVINC,mid,mid.1,1,1,percent cover,1,%
906MBVINC,mid,mid.1,1,1,percent macroalgae,0,%
906MBVINC,mid,mid.1,1,1,shoot density,20,cnt
906MBVINC,mid,mid.1,1,1,flowering shoot density,0,cnt
906MBVINC,mid,mid.1,1,1,shoot height,31,cm
906MBVINC,mid,mid.1,1,2,shoot height,28,cm
906MBVINC,mid,mid.1,1,3,shoot height,22,cm
906MBVINC,mid,mid.1,1,4,shoot height,21,cm
906MBVINC,mid,mid.1,1,5,shoot height,15,cm
906MBVINC,mid,mid.1,2,1,percent cover,2,%
906MBVINC,mid,mid.1,2,1,percent macroalgae,0,%
906MBVINC,mid,mid.1,2,1,shoot density,15,cnt
906MBVINC,mid,mid.1,2,1,flowering shoot density,0,cnt
906MBVINC,mid,mid.1,2,1,shoot height,33,cm
906MBVINC,mid,mid.1,2,2,shoot height,20,cm
906MBVINC,mid,mid.1,2,3,shoot height,15,cm
906MBVINC,mid,mid.1,2,4,shoot height,15,cm
906MBVINC,mid,mid.1,2,5,shoot height,12,cm
906MBVINC,mid,mid.2,1,1,percent cover,5,%
906MBVINC,mid,mid.2,1,1,percent macroalgae,0,%
906MBVINC,mid,mid.2,1,1,shoot density,37,cnt
906MBVINC,mid,mid.2,1,1,flowering shoot density,0,cnt
906MBVINC,mid,mid.2,1,1,shoot height,33,cm
906MBVINC,mid,mid.2,1,2,shoot height,22,cm
906MBVINC,mid,mid.2,1,3,shoot height,21,cm
906MBVINC,mid,mid.2,1,4,shoot height,47,cm
906MBVINC,mid,mid.2,1,5,shoot height,33,cm
906MBVINC,mid,mid.2,2,1,percent cover,10,%
906MBVINC,mid,mid.2,2,1,percent macroalgae,0,%
906MBVINC,mid,mid.2,2,1,shoot density,16,cnt
906MBVINC,mid,mid.2,2,1,flowering shoot density,0,cnt
906MBVINC,mid,mid.2,2,1,shoot height,16,cm
906MBVINC,mid,mid.2,2,2,shoot height,19,cm
906MBVINC,mid,mid.2,2,3,shoot height,15,cm
906MBVINC,mid,mid.2,2,4,shoot height,35,cm
906MBVINC,mid,mid.2,2,5,shoot height,50,cm
906MBVINC,mid,mid.3,1,1,percent cover,5,%
906MBVINC,mid,mid.3,1,1,percent macroalgae,0,%
906MBVINC,mid,mid.3,1,1,shoot density,43,cnt
906MBVINC,mid,mid.3,1,1,flowering shoot density,0,cnt
906MBVINC,mid,mid.3,1,1,shoot height,79,cm
906MBVINC,mid,mid.3,1,2,shoot height,49,cm
906MBVINC,mid,mid.3,1,3,shoot height,34,cm
906MBVINC,mid,mid.3,1,4,shoot height,45,cm
906MBVINC,mid,mid.3,1,5,shoot height,61,cm
906MBVINC,mid,mid.3,2,1,percent cover,20,%
906MBVINC,mid,mid.3,2,1,percent macroalgae,0,%
906MBVINC,mid,mid.3,2,1,shoot density,17,cnt
906MBVINC,mid,mid.3,2,1,flowering shoot density,0,cnt
906MBVINC,mid,mid.3,2,1,shoot height,43,cm
906MBVINC,mid,mid.3,2,2,shoot height,55,cm
906MBVINC,mid,mid.3,2,3,shoot height,42,cm
906MBVINC,mid,mid.3,2,4,shoot height,40,cm
906MBVINC,mid,mid.3,2,5,shoot height,66,cm
906MBVINC,mid,mid.4,1,1,percent cover,5,%
906MBVINC,mid,mid.4,1,1,percent macroalgae,0,%
906MBVINC,mid,mid.4,1,1,shoot density,39,cnt
906MBVINC,mid,mid.4,1,1,flowering shoot density,0,cnt
906MBVINC,mid,mid.4,1,1,shoot height,64,cm
906MBVINC,mid,mid.4,1,2,shoot height,60,cm
906MBVINC,mid,mid.4,1,3,shoot height,63,cm
906MBVINC,mid,mid.4,1,4,shoot height,56,cm
906MBVINC,mid,mid.4,1,5,shoot height,58,cm
906MBVINC,mid,mid.4,2,1,percent cover,20,%
906MBVINC,mid,mid.4,2,1,percent macroalgae,0,%
906MBVINC,mid,mid.4,2,1,shoot density,24,cnt
906MBVINC,mid,mid.4,2,1,flowering shoot density,0,cnt
906MBVINC,mid,mid.4,2,1,shoot height,56,cm
906MBVINC,mid,mid.4,2,2,shoot height,60,cm
906MBVINC,mid,mid.4,2,3,shoot height,72,cm
906MBVINC,mid,mid.4,2,4,shoot height,74,cm
906MBVINC,mid,mid.4,2,5,shoot height,66,cm
906MBVINC,mid,mid.5,1,1,percent cover,5,%
906MBVINC,mid,mid.5,1,1,percent macroalgae,0,%
906MBVINC,mid,mid.5,1,1,shoot density,41,cnt
906MBVINC,mid,mid.5,1,1,flowering shoot density,0,cnt
906MBVINC,mid,mid.5,1,1,shoot height,26,cm
906MBVINC,mid,mid.5,1,2,shoot height,44,cm
906MBVINC,mid,mid.5,1,3,shoot height,25,cm
906MBVINC,mid,mid.5,1,4,shoot height,50,cm
906MBVINC,mid,mid.5,1,5,shoot height,29,cm
906MBVINC,mid,mid.5,2,1,percent cover,5,%
906MBVINC,mid,mid.5,2,1,percent macroalgae,0,%
906MBVINC,mid,mid.5,2,1,shoot density,22,cnt
906MBVINC,mid,mid.5,2,1,flowering shoot density,0,cnt
906MBVINC,mid,mid.5,2,1,shoot height,62,cm
906MBVINC,mid,mid.5,2,2,shoot height,64,cm
906MBVINC,mid,mid.5,2,3,shoot height,40,cm
906MBVINC,mid,mid.5,2,4,shoot height,28,cm
906MBVINC,mid,mid.5,2,5,shoot height,34,cm
906MBVINC,outer,out.1,1,1,percent cover,15,%
906MBVINC,outer,out.1,1,1,percent macroalgae,0,%
906MBVINC,outer,out.1,1,1,shoot density,48,cnt
906MBVINC,outer,out.1,1,1,flowering shoot density,0,cnt
906MBVINC,outer,out.1,1,1,shoot height,39,cm
906MBVINC,outer,out.1,1,2,shoot height,52,cm
906MBVINC,outer,out.1,1,3,shoot height,58,cm
906MBVINC,outer,out.1,1,4,shoot height,22,cm
906MBVINC,outer,out.1,1,5,shoot height,51,cm
906MBVINC,outer,out.1,2,1,percent cover,15,%
906MBVINC,outer,out.1,2,1,percent macroalgae,0,%
906MBVINC,outer,out.1,2,1,shoot density,17,cnt
906MBVINC,outer,out.1,2,1,flowering shoot density,0,cnt
906MBVINC,outer,out.1,2,1,shoot height,13,cm
906MBVINC,outer,out.1,2,2,shoot height,47,cm
906MBVINC,outer,out.1,2,3,shoot height,15,cm
906MBVINC,outer,out.1,2,4,shoot height,51,cm
906MBVINC,outer,out.1,2,5,shoot height,40,cm
906MBVINC,outer,out.2,1,1,percent cover,2,%
906MBVINC,outer,out.2,1,1,percent macroalgae,0,%
906MBVINC,outer,out.2,1,1,shoot density,31,cnt
906MBVINC,outer,out.2,1,1,flowering shoot density,0,cnt
906MBVINC,outer,out.2,1,1,shoot height,55,cm
906MBVINC,outer,out.2,1,2,shoot height,43,cm
906MBVINC,outer,out.2,1,3,shoot height,25,cm
906MBVINC,outer,out.2,1,4,shoot height,31,cm
906MBVINC,outer,out.2,1,5,shoot height,53,cm
906MBVINC,outer,out.2,2,1,percent cover,5,%
906MBVINC,outer,out.2,2,1,percent macroalgae,0,%
906MBVINC,outer,out.2,2,1,shoot density,26,cnt
906MBVINC,outer,out.2,2,1,flowering shoot density,0,cnt
906MBVINC,outer,out.2,2,1,shoot height,31,cm
906MBVINC,outer,out.2,2,2,shoot height,33,cm
906MBVINC,outer,out.2,2,3,shoot height,23,cm
906MBVINC,outer,out.2,2,4,shoot height,60,cm
906MBVINC,outer,out.2,2,5,shoot height,55,cm
906MBVINC,outer,out.3,1,1,percent cover,5,%
906MBVINC,outer,out.3,1,1,percent macroalgae,0,%
906MBVINC,outer,out.3,1,1,shoot density,42,cnt
906MBVINC,outer,out.3,1,1,flowering shoot density,0,cnt
906MBVINC,outer,out.3,1,1,shoot height,23,cm
906MBVINC,outer,out.3,1,2,shoot height,50,cm
906MBVINC,outer,out.3,1,3,shoot height,30,cm
906MBVINC,outer,out.3,1,4,shoot height,42,cm
906MBVINC,outer,out.3,1,5,shoot height,38,cm
906MBVINC,outer,out.3,2,1,percent cover,4,%
906MBVINC,outer,out.3,2,1,percent macroalgae,0,%
906MBVINC,outer,out.3,2,1,shoot density,40,cnt
906MBVINC,outer,out.3,2,1,flowering shoot density,0,cnt
906MBVINC,outer,out.3,2,1,shoot height,76,cm
906MBVINC,outer,out.3,2,2,shoot height,56,cm
906MBVINC,outer,out.3,2,3,shoot height,72,cm
906MBVINC,outer,out.3,2,4,shoot height,79,cm
906MBVINC,outer,out.3,2,5,shoot height,55,cm
906MBVIYP,cross,cross.1,1,1,percent cover,80,%
906MBVIYP,cross,cross.1,1,1,percent macroalgae,0,%
906MBVIYP,cross,cross.1,1,1,shoot density,71,cnt
906MBVIYP,cross,cross.1,1,1,flowering shoot density,0,cnt
906MBVIYP,cross,cross.1,1,1,shoot height,95.7,cm
906MBVIYP,cross,cross.1,1,2,shoot height,59.9,cm
906MBVIYP,cross,cross.1,1,3,shoot height,76.4,cm
906MBVIYP,cross,cross.1,1,4,shoot height,54.1,cm
906MBVIYP,cross,cross.1,1,5,shoot height,84.5,cm
906MBVIYP,cross,cross.1,2,1,percent cover,60,%
906MBVIYP,cross,cross.1,2,1,percent macroalgae,0,%
906MBVIYP,cross,cross.1,2,1,shoot density,63,cnt
906MBVIYP,cross,cross.1,2,1,flowering shoot density,0,cnt
906MBVIYP,cross,cross.1,2,1,shoot height,79,cm
906MBVIYP,cross,cross.1,2,2,shoot height,85,cm
906MBVIYP,cross,cross.1,2,3,shoot height,76,cm
906MBVIYP,cross,cross.1,2,4,shoot height,60,cm
906MBVIYP,cross,cross.1,2,5,shoot height,66,cm
906MBVIYP,cross,cross.2,1,1,percent cover,60,%
906MBVIYP,cross,cross.2,1,1,percent macroalgae,0,%
906MBVIYP,cross,cross.2,1,1,shoot density,33,cnt
906MBVIYP,cross,cross.2,1,1,flowering shoot density,0,cnt
906MBVIYP,cross,cross.2,1,1,shoot height,53.1,cm
906MBVIYP,cross,cross.2,1,2,shoot height,43.6,cm
906MBVIYP,cross,cross.2,1,3,shoot height,81.7,cm
906MBVIYP,cross,cross.2,1,4,shoot height,49.8,cm
906MBVIYP,cross,cross.2,1,5,shoot height,63.9,cm
906MBVIYP,cross,cross.2,2,1,percent cover,60,%
906MBVIYP,cross,cross.2,2,1,percent macroalgae,0,%
906MBVIYP,cross,cross.2,2,1,shoot density,33,cnt
906MBVIYP,cross,cross.2,2,1,flowering shoot density,0,cnt
906MBVIYP,cross,cross.2,2,1,shoot height,68,cm
906MBVIYP,cross,cross.2,2,2,shoot height,51,cm
906MBVIYP,cross,cross.2,2,3,shoot height,46,cm
906MBVIYP,cross,cross.2,2,4,shoot height,49,cm
906MBVIYP,cross,cross.2,2,5,shoot height,74,cm
906MBVIYP,inner,in.1,1,1,percent cover,80,%
906MBVIYP,inner,in.1,1,1,percent macroalgae,0,%
906MBVIYP,inner,in.1,1,1,shoot density,54,cnt
906MBVIYP,inner,in.1,1,1,flowering shoot density,0,cnt
906MBVIYP,inner,in.1,1,1,shoot height,111,cm
906MBVIYP,inner,in.1,1,2,shoot height,80.4,cm
906MBVIYP,inner,in.1,1,3,shoot height,101.3,cm
906MBVIYP,inner,in.1,1,4,shoot height,102.1,cm
906MBVIYP,inner,in.1,1,5,shoot height,112.3,cm
906MBVIYP,inner,in.1,2,1,percent cover,80,%
906MBVIYP,inner,in.1,2,1,percent macroalgae,0,%
906MBVIYP,inner,in.1,2,1,shoot density,53,cnt
906MBVIYP,inner,in.1,2,1,flowering shoot density,0,cnt
906MBVIYP,inner,in.1,2,1,shoot height,107,cm
906MBVIYP,inner,in.1,2,2,shoot height,87,cm
906MBVIYP,inner,in.1,2,3,shoot height,99,cm
906MBVIYP,inner,in.1,2,4,shoot height,95,cm
906MBVIYP,inner,in.1,2,5,shoot height,94,cm
906MBVIYP,inner,in.2,1,1,percent cover,80,%
906MBVIYP,inner,in.2,1,1,percent macroalgae,0,%
906MBVIYP,inner,in.2,1,1,shoot density,71,cnt
906MBVIYP,inner,in.2,1,1,flowering shoot density,0,cnt
906MBVIYP,inner,in.2,1,1,shoot height,90.9,cm
906MBVIYP,inner,in.2,1,2,shoot height,92.3,cm
906MBVIYP,inner,in.2,1,3,shoot height,60.5,cm
906MBVIYP,inner,in.2,1,4,shoot height,97.1,cm
906MBVIYP,inner,in.2,1,5,shoot height,84.9,cm
906MBVIYP,inner,in.2,2,1,percent cover,80,%
906MBVIYP,inner,in.2,2,1,percent macroalgae,0,%
906MBVIYP,inner,in.2,2,1,shoot density,68,cnt
906MBVIYP,inner,in.2,2,1,flowering shoot density,0,cnt
906MBVIYP,inner,in.2,2,1,shoot height,78,cm
906MBVIYP,inner,in.2,2,2,shoot height,53,cm
906MBVIYP,inner,in.2,2,3,shoot height,74,cm
906MBVIYP,inner,in.2,2,4,shoot height,80,cm
906MBVIYP,inner,in.2,2,5,shoot height,77,cm
906MBVIYP,inner,in.3,1,1,percent cover,80,%
906MBVIYP,inner,in.3,1,1,percent macroalgae,0,%
906MBVIYP,inner,in.3,1,1,shoot density,63,cnt
906MBVIYP,inner,in.3,1,1,flowering shoot density,0,cnt
906MBVIYP,inner,in.3,1,1,shoot height,89.3,cm
906MBVIYP,inner,in.3,1,2,shoot height,56.7,cm
906MBVIYP,inner,in.3,1,3,shoot height,77.6,cm
906MBVIYP,inner,in.3,1,4,shoot height,47.1,cm
906MBVIYP,inner,in.3,1,5,shoot height,82.8,cm
906MBVIYP,inner,in.3,2,1,percent cover,80,%
906MBVIYP,inner,in.3,2,1,percent macroalgae,0,%
906MBVIYP,inner,in.3,2,1,shoot density,57,cnt
906MBVIYP,inner,in.3,2,1,flowering shoot density,0,cnt
906MBVIYP,inner,in.3,2,1,shoot height,70,cm
906MBVIYP,inner,in.3,2,2,shoot height,114,cm
906MBVIYP,inner,in.3,2,3,shoot height,41,cm
906MBVIYP,inner,in.3,2,4,shoot height,45,cm
906MBVIYP,inner,in.3,2,5,shoot height,101,cm
906MBVIYP,mid,mid.1,1,1,percent cover,30,%
906MBVIYP,mid,mid.1,1,1,percent macroalgae,0,%
906MBVIYP,mid,mid.1,1,1,shoot density,56,cnt
906MBVIYP,mid,mid.1,1,1,flowering shoot density,0,cnt
906MBVIYP,mid,mid.1,1,1,shoot height,88.8,cm
906MBVIYP,mid,mid.1,1,2,shoot height,106.9,cm
906MBVIYP,mid,mid.1,1,3,shoot height,81.4,cm
906MBVIYP,mid,mid.1,1,4,shoot height,74.3,cm
906MBVIYP,mid,mid.1,1,5,shoot height,68.7,cm
906MBVIYP,mid,mid.1,2,1,percent cover,40,%
906MBVIYP,mid,mid.1,2,1,percent macroalgae,0,%
906MBVIYP,mid,mid.1,2,1,shoot density,56,cnt
906MBVIYP,mid,mid.1,2,1,flowering shoot density,0,cnt
906MBVIYP,mid,mid.1,2,1,shoot height,86,cm
906MBVIYP,mid,mid.1,2,2,shoot height,54,cm
906MBVIYP,mid,mid.1,2,3,shoot height,89,cm
906MBVIYP,mid,mid.1,2,4,shoot height,48,cm
906MBVIYP,mid,mid.1,2,5,shoot height,42,cm
906MBVIYP,mid,mid.2,1,1,percent cover,40,%
906MBVIYP,mid,mid.2,1,1,percent macroalgae,0,%
906MBVIYP,mid,mid.2,1,1,shoot density,59,cnt
906MBVIYP,mid,mid.2,1,1,flowering shoot density,0,cnt
906MBVIYP,mid,mid.2,1,1,shoot height,109.3,cm
906MBVIYP,mid,mid.2,1,2,shoot height,92.5,cm
906MBVIYP,mid,mid.2,1,3,shoot height,80.2,cm
906MBVIYP,mid,mid.2,1,4,shoot height,74.4,cm
906MBVIYP,mid,mid.2,1,5,shoot height,90,cm
906MBVIYP,mid,mid.2,2,1,percent cover,40,%
906MBVIYP,mid,mid.2,2,1,percent macroalgae,0,%
906MBVIYP,mid,mid.2,2,1,shoot density,52,cnt
906MBVIYP,mid,mid.2,2,1,flowering shoot density,0,cnt
906MBVIYP,mid,mid.2,2,1,shoot height,66,cm
906MBVIYP,mid,mid.2,2,2,shoot height,77,cm
906MBVIYP,mid,mid.2,2,3,shoot height,85,cm
906MBVIYP,mid,mid.2,2,4,shoot height,101,cm
906MBVIYP,mid,mid.2,2,5,shoot height,74,cm
906MBVIYP,mid,mid.3,1,1,percent cover,80,%
906MBVIYP,mid,mid.3,1,1,percent macroalgae,0,%
906MBVIYP,mid,mid.3,1,1,shoot density,45,cnt
906MBVIYP,mid,mid.3,1,1,flowering shoot density,0,cnt
906MBVIYP,mid,mid.3,1,1,shoot height,74.8,cm
906MBVIYP,mid,mid.3,1,2,shoot height,104.1,cm
906MBVIYP,mid,mid.3,1,3,shoot height,93.4,cm
906MBVIYP,mid,mid.3,1,4,shoot height,48.3,cm
906MBVIYP,mid,mid.3,1,5,shoot height,79.2,cm
906MBVIYP,mid,mid.3,2,1,percent cover,75,%
906MBVIYP,mid,mid.3,2,1,percent macroalgae,0,%
906MBVIYP,mid,mid.3,2,1,shoot density,48,cnt
906MBVIYP,mid,mid.3,2,1,flowering shoot density,0,cnt
906MBVIYP,mid,mid.3,2,1,shoot height,66,cm
906MBVIYP,mid,mid.3,2,2,shoot height,27,cm
906MBVIYP,mid,mid.3,2,3,shoot height,84,cm
906MBVIYP,mid,mid.3,2,4,shoot height,103,cm
906MBVIYP,mid,mid.3,2,5,shoot height,36,cm
906MBVIYP,mid,mid.4,1,1,percent cover,40,%
906MBVIYP,mid,mid.4,1,1,percent macroalgae,0,%
906MBVIYP,mid,mid.4,1,1,shoot density,51,cnt
906MBVIYP,mid,mid.4,1,1,flowering shoot density,0,cnt
906MBVIYP,mid,mid.4,1,1,shoot height,71.1,cm
906MBVIYP,mid,mid.4,1,2,shoot height,83.5,cm
906MBVIYP,mid,mid.4,1,3,shoot height,83.3,cm
906MBVIYP,mid,mid.4,1,4,shoot height,89.1,cm
906MBVIYP,mid,mid.4,1,5,shoot height,107.4,cm
906MBVIYP,mid,mid.4,2,1,percent cover,75,%
906MBVIYP,mid,mid.4,2,1,percent macroalgae,0,%
906MBVIYP,mid,mid.4,2,1,shoot density,47,cnt
906MBVIYP,mid,mid.4,2,1,flowering shoot density,0,cnt
906MBVIYP,mid,mid.4,2,1,shoot height,93,cm
906MBVIYP,mid,mid.4,2,2,shoot height,56,cm
906MBVIYP,mid,mid.4,2,3,shoot height,47,cm
906MBVIYP,mid,mid.4,2,4,shoot height,71,cm
906MBVIYP,mid,mid.4,2,5,shoot height,57,cm
906MBVIYP,mid,mid.5,1,1,percent cover,60,%
906MBVIYP,mid,mid.5,1,1,percent macroalgae,0,%
906MBVIYP,mid,mid.5,1,1,shoot density,48,cnt
906MBVIYP,mid,mid.5,1,1,flowering shoot density,0,cnt
906MBVIYP,mid,mid.5,1,1,shoot height,84.6,cm
906MBVIYP,mid,mid.5,1,2,shoot height,41,cm
906MBVIYP,mid,mid.5,1,3,shoot height,70.3,cm
906MBVIYP,mid,mid.5,1,4,shoot height,25.9,cm
906MBVIYP,mid,mid.5,1,5,shoot height,105.3,cm
906MBVIYP,mid,mid.5,2,1,percent cover,30,%
906MBVIYP,mid,mid.5,2,1,percent macroalgae,0,%
906MBVIYP,mid,mid.5,2,1,shoot density,26,cnt
906MBVIYP,mid,mid.5,2,1,flowering shoot density,0,cnt
906MBVIYP,mid,mid.5,2,1,shoot height,55,cm
906MBVIYP,mid,mid.5,2,2,shoot height,54,cm
906MBVIYP,mid,mid.5,2,3,shoot height,47,cm
906MBVIYP,mid,mid.5,2,4,shoot height,73,cm
906MBVIYP,mid,mid.5,2,5,shoot height,49,cm
906MBVIYP,outer,out.1,1,1,percent cover,50,%
906MBVIYP,outer,out.1,1,1,percent macroalgae,0,%
906MBVIYP,outer,out.1,1,1,shoot density,46,cnt
906MBVIYP,outer,out.1,1,1,flowering shoot density,0,cnt
906MBVIYP,outer,out.1,1,1,shoot height,93.4,cm
906MBVIYP,outer,out.1,1,2,shoot height,67.4,cm
906MBVIYP,outer,out.1,1,3,shoot height,85.2,cm
906MBVIYP,outer,out.1,1,4,shoot height,87.7,cm
906MBVIYP,outer,out.1,1,5,shoot height,105.5,cm
906MBVIYP,outer,out.1,2,1,percent cover,50,%
906MBVIYP,outer,out.1,2,1,percent macroalgae,0,%
906MBVIYP,outer,out.1,2,1,shoot density,78,cnt
906MBVIYP,outer,out.1,2,1,flowering shoot density,0,cnt
906MBVIYP,outer,out.1,2,1,shoot height,73,cm
906MBVIYP,outer,out.1,2,2,shoot height,76,cm
906MBVIYP,outer,out.1,2,3,shoot height,66,cm
906MBVIYP,outer,out.1,2,4,shoot height,84,cm
906MBVIYP,outer,out.1,2,5,shoot height,67,cm
906MBVIYP,outer,out.2,1,1,percent cover,20,%
906MBVIYP,outer,out.2,1,1,percent macroalgae,0,%
906MBVIYP,outer,out.2,1,1,shoot density,20,cnt
906MBVIYP,outer,out.2,1,1,flowering shoot density,0,cnt
906MBVIYP,outer,out.2,1,1,shoot height,48.7,cm
906MBVIYP,outer,out.2,1,2,shoot height,78.9,cm
906MBVIYP,outer,out.2,1,3,shoot height,76.3,cm
906MBVIYP,outer,out.2,1,4,shoot height,39.8,cm
906MBVIYP,outer,out.2,1,5,shoot height,46.4,cm
906MBVIYP,outer,out.2,2,1,percent cover,25,%
906MBVIYP,outer,out.2,2,1,percent macroalgae,0,%
906MBVIYP,outer,out.2,2,1,shoot density,25,cnt
906MBVIYP,outer,out.2,2,1,flowering shoot density,0,cnt
906MBVIYP,outer,out.2,2,1,shoot height,24,cm
906MBVIYP,outer,out.2,2,2,shoot height,33,cm
906MBVIYP,outer,out.2,2,3,shoot height,29,cm
906MBVIYP,outer,out.2,2,4,shoot height,40,cm
906MBVIYP,outer,out.2,2,5,shoot height,59,cm
906MBVIYP,outer,out.3,1,1,percent cover,30,%
906MBVIYP,outer,out.3,1,1,percent macroalgae,0,%
906MBVIYP,outer,out.3,1,1,shoot density,48,cnt
906MBVIYP,outer,out.3,1,1,flowering shoot density,0,cnt
906MBVIYP,outer,out.3,1,1,shoot height,87.9,cm
906MBVIYP,outer,out.3,1,2,shoot height,77.5,cm
906MBVIYP,outer,out.3,1,3,shoot height,77.3,cm
906MBVIYP,outer,out.3,1,4,shoot height,87,cm
906MBVIYP,outer,out.3,1,5,shoot height,70.9,cm
906MBVIYP,outer,out.3,2,1,percent cover,30,%
906MBVIYP,outer,out.3,2,1,percent macroalgae,0,%
906MBVIYP,outer,out.3,2,1,shoot density,42,cnt
906MBVIYP,outer,out.3,2,1,flowering shoot density,0,cnt
906MBVIYP,outer,out.3,2,1,shoot height,100,cm
906MBVIYP,outer,out.3,2,2,shoot height,101,cm
906MBVIYP,outer,out.3,2,3,shoot height,86,cm
906MBVIYP,outer,out.3,2,4,shoot height,81,cm
906MBVIYP,outer,out.3,2,5,shoot height,70,cm
910ZNJN01,cross,cross.1,1,1,percent cover,10,%
910ZNJN01,cross,cross.1,1,1,percent macroalgae,0,%
910ZNJN01,cross,cross.1,1,1,shoot density,16,cnt
910ZNJN01,cross,cross.1,1,1,flowering shoot density,0,cnt
910ZNJN01,cross,cross.1,1,1,shoot height,55,cm
910ZNJN01,cross,cross.1,1,2,shoot height,60,cm
910ZNJN01,cross,cross.1,1,3,shoot height,61,cm
910ZNJN01,cross,cross.1,1,4,shoot height,44,cm
910ZNJN01,cross,cross.1,1,5,shoot height,23,cm
910ZNJN01,cross,cross.2,1,1,percent cover,15,%
910ZNJN01,cross,cross.2,1,1,percent macroalgae,0,%
910ZNJN01,cross,cross.2,1,1,shoot density,23,cnt
910ZNJN01,cross,cross.2,1,1,flowering shoot density,0,cnt
910ZNJN01,cross,cross.2,1,1,shoot height,74,cm
910ZNJN01,cross,cross.2,1,2,shoot height,65,cm
910ZNJN01,cross,cross.2,1,3,shoot height,72,cm
910ZNJN01,cross,cross.2,1,4,shoot height,87,cm
910ZNJN01,cross,cross.2,1,5,shoot height,78,cm
910ZNJN01,mid,mid.1,1,1,percent cover,5,%
910ZNJN01,mid,mid.1,1,1,percent macroalgae,0,%
910ZNJN01,mid,mid.1,1,1,shoot density,8,cnt
910ZNJN01,mid,mid.1,1,1,flowering shoot density,0,cnt
910ZNJN01,mid,mid.1,1,1,shoot height,30,cm
910ZNJN01,mid,mid.1,1,2,shoot height,58,cm
910ZNJN01,mid,mid.1,1,3,shoot height,68,cm
910ZNJN01,mid,mid.1,1,4,shoot height,52,cm
910ZNJN01,mid,mid.1,1,5,shoot height,48,cm
910ZNJN01,mid,mid.2,1,1,percent cover,10,%
910ZNJN01,mid,mid.2,1,1,percent macroalgae,0,%
910ZNJN01,mid,mid.2,1,1,shoot density,11,cnt
910ZNJN01,mid,mid.2,1,1,flowering shoot density,0,cnt
910ZNJN01,mid,mid.2,1,1,shoot height,67,cm
910ZNJN01,mid,mid.2,1,2,shoot height,61,cm
910ZNJN01,mid,mid.2,1,3,shoot height,57,cm
910ZNJN01,mid,mid.2,1,4,shoot height,44,cm
910ZNJN01,mid,mid.2,1,5,shoot height,54,cm
910ZNJN01,mid,mid.3,1,1,percent cover,10,%
910ZNJN01,mid,mid.3,1,1,percent macroalgae,0,%
910ZNJN01,mid,mid.3,1,1,shoot density,12,cnt
910ZNJN01,mid,mid.3,1,1,flowering shoot density,0,cnt
910ZNJN01,mid,mid.3,1,1,shoot height,46,cm
910ZNJN01,mid,mid.3,1,2,shoot height,55,cm
910ZNJN01,mid,mid.3,1,3,shoot height,50,cm
910ZNJN01,mid,mid.3,1,4,shoot height,78,cm
910ZNJN01,mid,mid.3,1,5,shoot height,82,cm
910ZNJN01,mid,mid.4,1,1,percent cover,10,%
910ZNJN01,mid,mid.4,1,1,percent macroalgae,0,%
910ZNJN01,mid,mid.4,1,1,shoot density,12,cnt
910ZNJN01,mid,mid.4,1,1,flowering shoot density,0,cnt
910ZNJN01,mid,mid.4,1,1,shoot height,47,cm
910ZNJN01,mid,mid.4,1,2,shoot height,58,cm
910ZNJN01,mid,mid.4,1,3,shoot height,36,cm
910ZNJN01,mid,mid.4,1,4,shoot height,57,cm
910ZNJN01,mid,mid.4,1,5,shoot height,48,cm
910ZNJN01,mid,mid.5,1,1,percent cover,15,%
910ZNJN01,mid,mid.5,1,1,percent macroalgae,0,%
910ZNJN01,mid,mid.5,1,1,shoot density,22,cnt
910ZNJN01,mid,mid.5,1,1,flowering shoot density,0,cnt
910ZNJN01,mid,mid.5,1,1,shoot height,37,cm
910ZNJN01,mid,mid.5,1,2,shoot height,41,cm
910ZNJN01,mid,mid.5,1,3,shoot height,37,cm
910ZNJN01,mid,mid.5,1,4,shoot height,37,cm
910ZNJN01,mid,mid.5,1,5,shoot height,50,cm
910ZNJN02,cross,cross.1,1,1,percent cover,10,%
910ZNJN02,cross,cross.1,1,1,percent macroalgae,5,%
910ZNJN02,cross,cross.1,1,1,shoot density,16,cnt
910ZNJN02,cross,cross.1,1,1,flowering shoot density,0,cnt
910ZNJN02,cross,cross.1,1,1,shoot height,43,cm
910ZNJN02,cross,cross.1,1,2,shoot height,23,cm
910ZNJN02,cross,cross.1,1,3,shoot height,44,cm
910ZNJN02,cross,cross.1,1,4,shoot height,61,cm
910ZNJN02,cross,cross.1,1,5,shoot height,67,cm
910ZNJN02,cross,cross.2,1,1,percent cover,10,%
910ZNJN02,cross,cross.2,1,1,percent macroalgae,5,%
910ZNJN02,cross,cross.2,1,1,shoot density,14,cnt
910ZNJN02,cross,cross.2,1,1,flowering shoot density,0,cnt
910ZNJN02,cross,cross.2,1,1,shoot height,67,cm
910ZNJN02,cross,cross.2,1,2,shoot height,50,cm
910ZNJN02,cross,cross.2,1,3,shoot height,58,cm
910ZNJN02,cross,cross.2,1,4,shoot height,66,cm
910ZNJN02,cross,cross.2,1,5,shoot height,56,cm
910ZNJN02,mid,mid.1,1,1,percent cover,10,%
910ZNJN02,mid,mid.1,1,1,percent macroalgae,0,%
910ZNJN02,mid,mid.1,1,1,shoot density,11,cnt
910ZNJN02,mid,mid.1,1,1,flowering shoot density,0,cnt
910ZNJN02,mid,mid.1,1,1,shoot height,68,cm
910ZNJN02,mid,mid.1,1,2,shoot height,76,cm
910ZNJN02,mid,mid.1,1,3,shoot height,70,cm
910ZNJN02,mid,mid.1,1,4,shoot height,34,cm
910ZNJN02,mid,mid.1,1,5,shoot height,66,cm
910ZNJN02,mid,mid.2,1,1,percent cover,3,%
910ZNJN02,mid,mid.2,1,1,percent macroalgae,3,%
910ZNJN02,mid,mid.2,1,1,shoot density,7,cnt
910ZNJN02,mid,mid.2,1,1,flowering shoot density,0,cnt
910ZNJN02,mid,mid.2,1,1,shoot height,52,cm
910ZNJN02,mid,mid.2,1,2,shoot height,38,cm
910ZNJN02,mid,mid.2,1,3,shoot height,46,cm
910ZNJN02,mid,mid.2,1,4,shoot height,27,cm
910ZNJN02,mid,mid.2,1,5,shoot height,50,cm
910ZNJN02,mid,mid.3,1,1,percent cover,3,%
910ZNJN02,mid,mid.3,1,1,percent macroalgae,15,%
910ZNJN02,mid,mid.3,1,1,shoot density,5,cnt
910ZNJN02,mid,mid.3,1,1,flowering shoot density,0,cnt
910ZNJN02,mid,mid.3,1,1,shoot height,63,cm
910ZNJN02,mid,mid.3,1,2,shoot height,49,cm
910ZNJN02,mid,mid.3,1,3,shoot height,61,cm
910ZNJN02,mid,mid.3,1,4,shoot height,39,cm
910ZNJN02,mid,mid.3,1,5,shoot height,5,cm
910ZNJN02,mid,mid.4,1,1,percent cover,5,%
910ZNJN02,mid,mid.4,1,1,percent macroalgae,5,%
910ZNJN02,mid,mid.4,1,1,shoot density,16,cnt
910ZNJN02,mid,mid.4,1,1,flowering shoot density,0,cnt
910ZNJN02,mid,mid.4,1,1,shoot height,42,cm
910ZNJN02,mid,mid.4,1,2,shoot height,31,cm
910ZNJN02,mid,mid.4,1,3,shoot height,56,cm
910ZNJN02,mid,mid.4,1,4,shoot height,59,cm
910ZNJN02,mid,mid.4,1,5,shoot height,33,cm
910ZNJN02,mid,mid.5,1,1,percent cover,20,%
910ZNJN02,mid,mid.5,1,1,percent macroalgae,5,%
910ZNJN02,mid,mid.5,1,1,shoot density,25,cnt
910ZNJN02,mid,mid.5,1,1,flowering shoot density,0,cnt
910ZNJN02,mid,mid.5,1,1,shoot height,64,cm
910ZNJN02,mid,mid.5,1,2,shoot height,46,cm
910ZNJN02,mid,mid.5,1,3,shoot height,40,cm
910ZNJN02,mid,mid.5,1,4,shoot height,47,cm
910ZNJN02,mid,mid.5,1,5,shoot height,68,cm
912SDBCPB,cross,cross.1,1,1,percent cover,75,%
912SDBCPB,cross,cross.1,1,1,percent macroalgae,0,%
912SDBCPB,cross,cross.1,1,1,shoot density,61,cnt
912SDBCPB,cross,cross.1,1,1,flowering shoot density,0,cnt
912SDBCPB,cross,cross.1,1,1,shoot height,38,cm
912SDBCPB,cross,cross.1,1,2,shoot height,31,cm
912SDBCPB,cross,cross.1,1,3,shoot height,35,cm
912SDBCPB,cross,cross.1,1,4,shoot height,39,cm
912SDBCPB,cross,cross.1,1,5,shoot height,51,cm
912SDBCPB,cross,cross.2,1,1,percent cover,85,%
912SDBCPB,cross,cross.2,1,1,percent macroalgae,0,%
912SDBCPB,cross,cross.2,1,1,shoot density,88,cnt
912SDBCPB,cross,cross.2,1,1,flowering shoot density,0,cnt
912SDBCPB,cross,cross.2,1,1,shoot height,33,cm
912SDBCPB,cross,cross.2,1,2,shoot height,43,cm
912SDBCPB,cross,cross.2,1,3,shoot height,54,cm
912SDBCPB,cross,cross.2,1,4,shoot height,38,cm
912SDBCPB,cross,cross.2,1,5,shoot height,55,cm
912SDBCPB,mid,mid.1,1,1,percent cover,85,%
912SDBCPB,mid,mid.1,1,1,percent macroalgae,0,%
912SDBCPB,mid,mid.1,1,1,shoot density,119,cnt
912SDBCPB,mid,mid.1,1,1,flowering shoot density,0,cnt
912SDBCPB,mid,mid.1,1,1,shoot height,53,cm
912SDBCPB,mid,mid.1,1,2,shoot height,56,cm
912SDBCPB,mid,mid.1,1,3,shoot height,26,cm
912SDBCPB,mid,mid.1,1,4,shoot height,43,cm
912SDBCPB,mid,mid.1,1,5,shoot height,44,cm
912SDBCPB,mid,mid.2,1,1,percent cover,85,%
912SDBCPB,mid,mid.2,1,1,percent macroalgae,0,%
912SDBCPB,mid,mid.2,1,1,shoot density,106,cnt
912SDBCPB,mid,mid.2,1,1,flowering shoot density,0,cnt
912SDBCPB,mid,mid.2,1,1,shoot height,36,cm
912SDBCPB,mid,mid.2,1,2,shoot height,51,cm
912SDBCPB,mid,mid.2,1,3,shoot height,51,cm
912SDBCPB,mid,mid.2,1,4,shoot height,43,cm
912SDBCPB,mid,mid.2,1,5,shoot height,38,cm
912SDBCPB,mid,mid.3,1,1,percent cover,80,%
912SDBCPB,mid,mid.3,1,1,percent macroalgae,0,%
912SDBCPB,mid,mid.3,1,1,shoot density,116,cnt
912SDBCPB,mid,mid.3,1,1,flowering shoot density,0,cnt
912SDBCPB,mid,mid.3,1,1,shoot height,44,cm
912SDBCPB,mid,mid.3,1,2,shoot height,42,cm
912SDBCPB,mid,mid.3,1,3,shoot height,40,cm
912SDBCPB,mid,mid.3,1,4,shoot height,44,cm
912SDBCPB,mid,mid.3,1,5,shoot height,39,cm
912SDBCPB,mid,mid.4,1,1,percent cover,85,%
912SDBCPB,mid,mid.4,1,1,percent macroalgae,0,%
912SDBCPB,mid,mid.4,1,1,shoot density,121,cnt
912SDBCPB,mid,mid.4,1,1,flowering shoot density,0,cnt
912SDBCPB,mid,mid.4,1,1,shoot height,25,cm
912SDBCPB,mid,mid.4,1,2,shoot height,49,cm
912SDBCPB,mid,mid.4,1,3,shoot height,53,cm
912SDBCPB,mid,mid.4,1,4,shoot height,52,cm
912SDBCPB,mid,mid.4,1,5,shoot height,20,cm
912SDBCPB,mid,mid.5,1,1,percent cover,85,%
912SDBCPB,mid,mid.5,1,1,percent macroalgae,0,%
912SDBCPB,mid,mid.5,1,1,shoot density,106,cnt
912SDBCPB,mid,mid.5,1,1,flowering shoot density,0,cnt
912SDBCPB,mid,mid.5,1,1,shoot height,34,cm
912SDBCPB,mid,mid.5,1,2,shoot height,31,cm
912SDBCPB,mid,mid.5,1,3,shoot height,30,cm
912SDBCPB,mid,mid.5,1,4,shoot height,47,cm
912SDBCPB,mid,mid.5,1,5,shoot height,51,cm
912SDBSLB,cross,cross.1,1,1,percent cover,25,%
912SDBSLB,cross,cross.1,1,1,percent macroalgae,40,%
912SDBSLB,cross,cross.1,1,1,shoot density,34,cnt
912SDBSLB,cross,cross.1,1,1,flowering shoot density,0,cnt
912SDBSLB,cross,cross.1,1,1,shoot height,44,cm
912SDBSLB,cross,cross.1,1,2,shoot height,93,cm
912SDBSLB,cross,cross.1,1,3,shoot height,52,cm
912SDBSLB,cross,cross.1,1,4,shoot height,73,cm
912SDBSLB,cross,cross.1,1,5,shoot height,48,cm
912SDBSLB,cross,cross.2,1,1,percent cover,30,%
912SDBSLB,cross,cross.2,1,1,percent macroalgae,0,%
912SDBSLB,cross,cross.2,1,1,shoot density,49,cnt
912SDBSLB,cross,cross.2,1,1,flowering shoot density,0,cnt
912SDBSLB,cross,cross.2,1,1,shoot height,27,cm
912SDBSLB,cross,cross.2,1,2,shoot height,22,cm
912SDBSLB,cross,cross.2,1,3,shoot height,22.5,cm
912SDBSLB,cross,cross.2,1,4,shoot height,25,cm
912SDBSLB,cross,cross.2,1,5,shoot height,31.5,cm
912SDBSLB,mid,mid.1,1,1,percent cover,30,%
912SDBSLB,mid,mid.1,1,1,percent macroalgae,0,%
912SDBSLB,mid,mid.1,1,1,shoot density,32,cnt
912SDBSLB,mid,mid.1,1,1,flowering shoot density,0,cnt
912SDBSLB,mid,mid.1,1,1,shoot height,43,cm
912SDBSLB,mid,mid.1,1,2,shoot height,40,cm
912SDBSLB,mid,mid.1,1,3,shoot height,48,cm
912SDBSLB,mid,mid.1,1,4,shoot height,55,cm
912SDBSLB,mid,mid.1,1,5,shoot height,26,cm
912SDBSLB,mid,mid.2,1,1,percent cover,30,%
912SDBSLB,mid,mid.2,1,1,percent macroalgae,0,%
912SDBSLB,mid,mid.2,1,1,shoot density,37,cnt
912SDBSLB,mid,mid.2,1,1,flowering shoot density,0,cnt
912SDBSLB,mid,mid.2,1,1,shoot height,51,cm
912SDBSLB,mid,mid.2,1,2,shoot height,62,cm
912SDBSLB,mid,mid.2,1,3,shoot height,27,cm
912SDBSLB,mid,mid.2,1,4,shoot height,56,cm
912SDBSLB,mid,mid.2,1,5,shoot height,26,cm
912SDBSLB,mid,mid.3,1,1,percent cover,25,%
912SDBSLB,mid,mid.3,1,1,percent macroalgae,15,%
912SDBSLB,mid,mid.3,1,1,shoot density,46,cnt
912SDBSLB,mid,mid.3,1,1,flowering shoot density,0,cnt
912SDBSLB,mid,mid.3,1,1,shoot height,26,cm
912SDBSLB,mid,mid.3,1,2,shoot height,59,cm
912SDBSLB,mid,mid.3,1,3,shoot height,43,cm
912SDBSLB,mid,mid.3,1,4,shoot height,44,cm
912SDBSLB,mid,mid.3,1,5,shoot height,56,cm
912SDBSLB,mid,mid.4,1,1,percent cover,20,%
912SDBSLB,mid,mid.4,1,1,percent macroalgae,0,%
912SDBSLB,mid,mid.4,1,1,shoot density,34,cnt
912SDBSLB,mid,mid.4,1,1,flowering shoot density,0,cnt
912SDBSLB,mid,mid.4,1,1,shoot height,51,cm
912SDBSLB,mid,mid.4,1,2,shoot height,66,cm
912SDBSLB,mid,mid.4,1,3,shoot height,52,cm
912SDBSLB,mid,mid.4,1,4,shoot height,41,cm
912SDBSLB,mid,mid.4,1,5,shoot height,47,cm
912SDBSLB,mid,mid.5,1,1,percent cover,30,%
912SDBSLB,mid,mid.5,1,1,percent macroalgae,20,%
912SDBSLB,mid,mid.5,1,1,shoot density,67,cnt
912SDBSLB,mid,mid.5,1,1,flowering shoot density,0,cnt
912SDBSLB,mid,mid.5,1,1,shoot height,35,cm
912SDBSLB,mid,mid.5,1,2,shoot height,41,cm
912SDBSLB,mid,mid.5,1,3,shoot height,45,cm
912SDBSLB,mid,mid.5,1,4,shoot height,43,cm
912SDBSLB,mid,mid.5,1,5,shoot height,52,cm
912SDCBVP,cross,cross.1,1,1,percent cover,85,%
912SDCBVP,cross,cross.1,1,1,percent macroalgae,0,%
912SDCBVP,cross,cross.1,1,1,shoot density,108,cnt
912SDCBVP,cross,cross.1,1,1,flowering shoot density,0,cnt
912SDCBVP,cross,cross.1,1,1,shoot height,37,cm
912SDCBVP,cross,cross.1,1,2,shoot height,33,cm
912SDCBVP,cross,cross.1,1,3,shoot height,55,cm
912SDCBVP,cross,cross.1,1,4,shoot height,36,cm
912SDCBVP,cross,cross.1,1,5,shoot height,60,cm
912SDCBVP,cross,cross.2,1,1,percent cover,75,%
912SDCBVP,cross,cross.2,1,1,percent macroalgae,0,%
912SDCBVP,cross,cross.2,1,1,shoot density,93,cnt
912SDCBVP,cross,cross.2,1,1,flowering shoot density,0,cnt
912SDCBVP,cross,cross.2,1,1,shoot height,52,cm
912SDCBVP,cross,cross.2,1,2,shoot height,28,cm
912SDCBVP,cross,cross.2,1,3,shoot height,56,cm
912SDCBVP,cross,cross.2,1,4,shoot height,30,cm
912SDCBVP,cross,cross.2,1,5,shoot height,41,cm
912SDCBVP,mid,mid.1,1,1,percent cover,75,%
912SDCBVP,mid,mid.1,1,1,percent macroalgae,0,%
912SDCBVP,mid,mid.1,1,1,shoot density,125,cnt
912SDCBVP,mid,mid.1,1,1,flowering shoot density,0,cnt
912SDCBVP,mid,mid.1,1,1,shoot height,26,cm
912SDCBVP,mid,mid.1,1,2,shoot height,42,cm
912SDCBVP,mid,mid.1,1,3,shoot height,40,cm
912SDCBVP,mid,mid.1,1,4,shoot height,30,cm
912SDCBVP,mid,mid.1,1,5,shoot height,45,cm
912SDCBVP,mid,mid.2,1,1,percent cover,85,%
912SDCBVP,mid,mid.2,1,1,percent macroalgae,0,%
912SDCBVP,mid,mid.2,1,1,shoot density,117,cnt
912SDCBVP,mid,mid.2,1,1,flowering shoot density,0,cnt
912SDCBVP,mid,mid.2,1,1,shoot height,45,cm
912SDCBVP,mid,mid.2,1,2,shoot height,50,cm
912SDCBVP,mid,mid.2,1,3,shoot height,36,cm
912SDCBVP,mid,mid.2,1,4,shoot height,40,cm
912SDCBVP,mid,mid.2,1,5,shoot height,50,cm
912SDCBVP,mid,mid.3,1,1,percent cover,50,%
912SDCBVP,mid,mid.3,1,1,percent macroalgae,0,%
912SDCBVP,mid,mid.3,1,1,shoot density,116,cnt
912SDCBVP,mid,mid.3,1,1,flowering shoot density,0,cnt
912SDCBVP,mid,mid.3,1,1,shoot height,40,cm
912SDCBVP,mid,mid.3,1,2,shoot height,32,cm
912SDCBVP,mid,mid.3,1,3,shoot height,34,cm
912SDCBVP,mid,mid.3,1,4,shoot height,35,cm
912SDCBVP,mid,mid.3,1,5,shoot height,50,cm
912SDCBVP,mid,mid.4,1,1,percent cover,65,%
912SDCBVP,mid,mid.4,1,1,percent macroalgae,0,%
912SDCBVP,mid,mid.4,1,1,shoot density,91,cnt
912SDCBVP,mid,mid.4,1,1,flowering shoot density,0,cnt
912SDCBVP,mid,mid.4,1,1,shoot height,40,cm
912SDCBVP,mid,mid.4,1,2,shoot height,42,cm
912SDCBVP,mid,mid.4,1,3,shoot height,47,cm
912SDCBVP,mid,mid.4,1,4,shoot height,52,cm
912SDCBVP,mid,mid.4,1,5,shoot height,57,cm
912SDCBVP,mid,mid.5,1,1,percent cover,80,%
912SDCBVP,mid,mid.5,1,1,percent macroalgae,0,%
912SDCBVP,mid,mid.5,1,1,shoot density,96,cnt
912SDCBVP,mid,mid.5,1,1,flowering shoot density,0,cnt
912SDCBVP,mid,mid.5,1,1,shoot height,37,cm
912SDCBVP,mid,mid.5,1,2,shoot height,41,cm
912SDCBVP,mid,mid.5,1,3,shoot height,32,cm
912SDCBVP,mid,mid.5,1,4,shoot height,34,cm
912SDCBVP,mid,mid.5,1,5,shoot height,51,cm
912SDNOST,mid,mid.1,1,1,percent cover,10,%
912SDNOST,mid,mid.1,1,1,percent macroalgae,60,%
912SDNOST,mid,mid.1,1,1,shoot density,24,cnt
912SDNOST,mid,mid.1,1,1,flowering shoot density,0,cnt
912SDNOST,mid,mid.1,1,1,shoot height,37,cm
912SDNOST,mid,mid.1,1,2,shoot height,39,cm
912SDNOST,mid,mid.1,1,3,shoot height,29,cm
912SDNOST,mid,mid.1,1,4,shoot height,34,cm
912SDNOST,mid,mid.1,1,5,shoot height,22,cm
912SDNOST,mid,mid.1,2,1,percent cover,2,%
912SDNOST,mid,mid.1,2,1,percent macroalgae,95,%
912SDNOST,mid,mid.1,2,1,shoot density,13,cnt
912SDNOST,mid,mid.1,2,1,flowering shoot density,0,cnt
912SDNOST,mid,mid.1,2,1,shoot height,34,cm
912SDNOST,mid,mid.1,2,2,shoot height,35,cm
912SDNOST,mid,mid.1,2,3,shoot height,38,cm
912SDNOST,mid,mid.1,2,4,shoot height,69,cm
912SDNOST,mid,mid.1,2,5,shoot height,26,cm
912SDNOST,mid,mid.2,1,1,percent cover,2,%
912SDNOST,mid,mid.2,1,1,percent macroalgae,90,%
912SDNOST,mid,mid.2,1,1,shoot density,10,cnt
912SDNOST,mid,mid.2,1,1,flowering shoot density,0,cnt
912SDNOST,mid,mid.2,1,1,shoot height,41,cm
912SDNOST,mid,mid.2,1,2,shoot height,22,cm
912SDNOST,mid,mid.2,1,3,shoot height,55,cm
912SDNOST,mid,mid.2,1,4,shoot height,48,cm
912SDNOST,mid,mid.2,1,5,shoot height,47,cm
912SDNOST,mid,mid.2,2,1,percent cover,1,%
912SDNOST,mid,mid.2,2,1,percent macroalgae,95,%
912SDNOST,mid,mid.2,2,1,shoot density,8,cnt
912SDNOST,mid,mid.2,2,1,flowering shoot density,0,cnt
912SDNOST,mid,mid.2,2,1,shoot height,14,cm
912SDNOST,mid,mid.2,2,2,shoot height,13,cm
912SDNOST,mid,mid.2,2,3,shoot height,29,cm
912SDNOST,mid,mid.2,2,4,shoot height,34,cm
912SDNOST,mid,mid.2,2,5,shoot height,32,cm
912SDSBPO,cross,cross.1,1,1,percent cover,20,%
912SDSBPO,cross,cross.1,1,1,percent macroalgae,0,%
912SDSBPO,cross,cross.1,1,1,shoot density,60,cnt
912SDSBPO,cross,cross.1,1,1,flowering shoot density,0,cnt
912SDSBPO,cross,cross.1,1,1,shoot height,25,cm
912SDSBPO,cross,cross.1,1,2,shoot height,39,cm
912SDSBPO,cross,cross.1,1,3,shoot height,37,cm
912SDSBPO,cross,cross.1,1,4,shoot height,31,cm
912SDSBPO,cross,cross.1,1,5,shoot height,22,cm
912SDSBPO,cross,cross.2,1,1,percent cover,15,%
912SDSBPO,cross,cross.2,1,1,percent macroalgae,0,%
912SDSBPO,cross,cross.2,1,1,shoot density,58,cnt
912SDSBPO,cross,cross.2,1,1,flowering shoot density,0,cnt
912SDSBPO,cross,cross.2,1,1,shoot height,38,cm
912SDSBPO,cross,cross.2,1,2,shoot height,22,cm
912SDSBPO,cross,cross.2,1,3,shoot height,32,cm
912SDSBPO,cross,cross.2,1,4,shoot height,18,cm
912SDSBPO,cross,cross.2,1,5,shoot height,20,cm
912SDSBPO,mid,mid.1,1,1,percent cover,10,%
912SDSBPO,mid,mid.1,1,1,percent macroalgae,0,%
912SDSBPO,mid,mid.1,1,1,shoot density,30,cnt
912SDSBPO,mid,mid.1,1,1,flowering shoot density,0,cnt
912SDSBPO,mid,mid.1,1,1,shoot height,30,cm
912SDSBPO,mid,mid.1,1,2,shoot height,25,cm
912SDSBPO,mid,mid.1,1,3,shoot height,25,cm
912SDSBPO,mid,mid.1,1,4,shoot height,30,cm
912SDSBPO,mid,mid.1,1,5,shoot height,20,cm
912SDSBPO,mid,mid.2,1,1,percent cover,10,%
912SDSBPO,mid,mid.2,1,1,percent macroalgae,0,%
912SDSBPO,mid,mid.2,1,1,shoot density,37,cnt
912SDSBPO,mid,mid.2,1,1,flowering shoot density,0,cnt
912SDSBPO,mid,mid.2,1,1,shoot height,27,cm
912SDSBPO,mid,mid.2,1,2,shoot height,21,cm
912SDSBPO,mid,mid.2,1,3,shoot height,19,cm
912SDSBPO,mid,mid.2,1,4,shoot height,10,cm
912SDSBPO,mid,mid.2,1,5,shoot height,22,cm
912SDSBPO,mid,mid.3,1,1,percent cover,40,%
912SDSBPO,mid,mid.3,1,1,percent macroalgae,5,%
912SDSBPO,mid,mid.3,1,1,shoot density,79,cnt
912SDSBPO,mid,mid.3,1,1,flowering shoot density,0,cnt
912SDSBPO,mid,mid.3,1,1,shoot height,26,cm
912SDSBPO,mid,mid.3,1,2,shoot height,27,cm
912SDSBPO,mid,mid.3,1,3,shoot height,31,cm
912SDSBPO,mid,mid.3,1,4,shoot height,35,cm
912SDSBPO,mid,mid.3,1,5,shoot height,36,cm
912SDSBPO,mid,mid.4,1,1,percent cover,1,%
912SDSBPO,mid,mid.4,1,1,percent macroalgae,5,%
912SDSBPO,mid,mid.4,1,1,shoot density,3,cnt
912SDSBPO,mid,mid.4,1,1,flowering shoot density,0,cnt
912SDSBPO,mid,mid.4,1,1,shoot height,15,cm
912SDSBPO,mid,mid.4,1,2,shoot height,20,cm
912SDSBPO,mid,mid.4,1,3,shoot height,10,cm
912SDSBPO,mid,mid.4,1,4,shoot height,-88,cm
912SDSBPO,mid,mid.4,1,5,shoot height,-88,cm
912SDSBPO,mid,mid.5,1,1,percent cover,20,%
912SDSBPO,mid,mid.5,1,1,percent macroalgae,10,%
912SDSBPO,mid,mid.5,1,1,shoot density,62,cnt
912SDSBPO,mid,mid.5,1,1,flowering shoot density,0,cnt
912SDSBPO,mid,mid.5,1,1,shoot height,30,cm
912SDSBPO,mid,mid.5,1,2,shoot height,26,cm
912SDSBPO,mid,mid.5,1,3,shoot height,40,cm
912SDSBPO,mid,mid.5,1,4,shoot height,26,cm
912SDSBPO,mid,mid.5,1,5,shoot height,26,cm
912SDSIWB,cross,cross.1,1,1,percent cover,10,%
912SDSIWB,cross,cross.1,1,1,percent macroalgae,0,%
912SDSIWB,cross,cross.1,1,1,shoot density,28,cnt
912SDSIWB,cross,cross.1,1,1,flowering shoot density,0,cnt
912SDSIWB,cross,cross.1,1,1,shoot height,50,cm
912SDSIWB,cross,cross.1,1,2,shoot height,74,cm
912SDSIWB,cross,cross.1,1,3,shoot height,48,cm
912SDSIWB,cross,cross.1,1,4,shoot height,42,cm
912SDSIWB,cross,cross.1,1,5,shoot height,32,cm
912SDSIWB,cross,cross.2,1,1,percent cover,40,%
912SDSIWB,cross,cross.2,1,1,percent macroalgae,0,%
912SDSIWB,cross,cross.2,1,1,shoot density,65,cnt
912SDSIWB,cross,cross.2,1,1,flowering shoot density,0,cnt
912SDSIWB,cross,cross.2,1,1,shoot height,61,cm
912SDSIWB,cross,cross.2,1,2,shoot height,74,cm
912SDSIWB,cross,cross.2,1,3,shoot height,21,cm
912SDSIWB,cross,cross.2,1,4,shoot height,29,cm
912SDSIWB,cross,cross.2,1,5,shoot height,59,cm
912SDSIWB,mid,mid.1,1,1,percent cover,20,%
912SDSIWB,mid,mid.1,1,1,percent macroalgae,0,%
912SDSIWB,mid,mid.1,1,1,shoot density,43,cnt
912SDSIWB,mid,mid.1,1,1,flowering shoot density,0,cnt
912SDSIWB,mid,mid.1,1,1,shoot height,137,cm
912SDSIWB,mid,mid.1,1,2,shoot height,62,cm
912SDSIWB,mid,mid.1,1,3,shoot height,75,cm
912SDSIWB,mid,mid.1,1,4,shoot height,76,cm
912SDSIWB,mid,mid.1,1,5,shoot height,72,cm
912SDSIWB,mid,mid.2,1,1,percent cover,20,%
912SDSIWB,mid,mid.2,1,1,percent macroalgae,0,%
912SDSIWB,mid,mid.2,1,1,shoot density,44,cnt
912SDSIWB,mid,mid.2,1,1,flowering shoot density,0,cnt
912SDSIWB,mid,mid.2,1,1,shoot height,52,cm
912SDSIWB,mid,mid.2,1,2,shoot height,42,cm
912SDSIWB,mid,mid.2,1,3,shoot height,54,cm
912SDSIWB,mid,mid.2,1,4,shoot height,69,cm
912SDSIWB,mid,mid.2,1,5,shoot height,17,cm
912SDSIWB,mid,mid.3,1,1,percent cover,10,%
912SDSIWB,mid,mid.3,1,1,percent macroalgae,0,%
912SDSIWB,mid,mid.3,1,1,shoot density,27,cnt
912SDSIWB,mid,mid.3,1,1,flowering shoot density,0,cnt
912SDSIWB,mid,mid.3,1,1,shoot height,42,cm
912SDSIWB,mid,mid.3,1,2,shoot height,25,cm
912SDSIWB,mid,mid.3,1,3,shoot height,13,cm
912SDSIWB,mid,mid.3,1,4,shoot height,27,cm
912SDSIWB,mid,mid.3,1,5,shoot height,29,cm
912SDSIWB,mid,mid.4,1,1,percent cover,15,%
912SDSIWB,mid,mid.4,1,1,percent macroalgae,0,%
912SDSIWB,mid,mid.4,1,1,shoot density,25,cnt
912SDSIWB,mid,mid.4,1,1,flowering shoot density,0,cnt
912SDSIWB,mid,mid.4,1,1,shoot height,53,cm
912SDSIWB,mid,mid.4,1,2,shoot height,29,cm
912SDSIWB,mid,mid.4,1,3,shoot height,48,cm
912SDSIWB,mid,mid.4,1,4,shoot height,54,cm
912SDSIWB,mid,mid.4,1,5,shoot height,34,cm
912SDSIWB,mid,mid.5,1,1,percent cover,10,%
912SDSIWB,mid,mid.5,1,1,percent macroalgae,0,%
912SDSIWB,mid,mid.5,1,1,shoot density,29,cnt
912SDSIWB,mid,mid.5,1,1,flowering shoot density,0,cnt
912SDSIWB,mid,mid.5,1,1,shoot height,39,cm
912SDSIWB,mid,mid.5,1,2,shoot height,29,cm
912SDSIWB,mid,mid.5,1,3,shoot height,29,cm
912SDSIWB,mid,mid.5,1,4,shoot height,30,cm
912SDSIWB,mid,mid.5,1,5,shoot height,22,cm
912SDSSSC,cross,cross.1,1,1,percent cover,5,%
912SDSSSC,cross,cross.1,1,1,percent macroalgae,5,%
912SDSSSC,cross,cross.1,1,1,shoot density,30,cnt
912SDSSSC,cross,cross.1,1,1,flowering shoot density,0,cnt
912SDSSSC,cross,cross.1,1,1,shoot height,20,cm
912SDSSSC,cross,cross.1,1,2,shoot height,30,cm
912SDSSSC,cross,cross.1,1,3,shoot height,26,cm
912SDSSSC,cross,cross.1,1,4,shoot height,28,cm
912SDSSSC,cross,cross.1,1,5,shoot height,23,cm
912SDSSSC,cross,cross.2,1,1,percent cover,10,%
912SDSSSC,cross,cross.2,1,1,percent macroalgae,30,%
912SDSSSC,cross,cross.2,1,1,shoot density,39,cnt
912SDSSSC,cross,cross.2,1,1,flowering shoot density,0,cnt
912SDSSSC,cross,cross.2,1,1,shoot height,36,cm
912SDSSSC,cross,cross.2,1,2,shoot height,18,cm
912SDSSSC,cross,cross.2,1,3,shoot height,21,cm
912SDSSSC,cross,cross.2,1,4,shoot height,34,cm
912SDSSSC,cross,cross.2,1,5,shoot height,24,cm
912SDSSSC,mid,mid.1,1,1,percent cover,20,%
912SDSSSC,mid,mid.1,1,1,percent macroalgae,5,%
912SDSSSC,mid,mid.1,1,1,shoot density,68,cnt
912SDSSSC,mid,mid.1,1,1,flowering shoot density,0,cnt
912SDSSSC,mid,mid.1,1,1,shoot height,20,cm
912SDSSSC,mid,mid.1,1,2,shoot height,25,cm
912SDSSSC,mid,mid.1,1,3,shoot height,35,cm
912SDSSSC,mid,mid.1,1,4,shoot height,38,cm
912SDSSSC,mid,mid.1,1,5,shoot height,42,cm
912SDSSSC,mid,mid.2,1,1,percent cover,10,%
912SDSSSC,mid,mid.2,1,1,percent macroalgae,5,%
912SDSSSC,mid,mid.2,1,1,shoot density,51,cnt
912SDSSSC,mid,mid.2,1,1,flowering shoot density,0,cnt
912SDSSSC,mid,mid.2,1,1,shoot height,35,cm
912SDSSSC,mid,mid.2,1,2,shoot height,20,cm
912SDSSSC,mid,mid.2,1,3,shoot height,28,cm
912SDSSSC,mid,mid.2,1,4,shoot height,26,cm
912SDSSSC,mid,mid.2,1,5,shoot height,39,cm
912SDSSSC,mid,mid.3,1,1,percent cover,20,%
912SDSSSC,mid,mid.3,1,1,percent macroalgae,20,%
912SDSSSC,mid,mid.3,1,1,shoot density,49,cnt
912SDSSSC,mid,mid.3,1,1,flowering shoot density,0,cnt
912SDSSSC,mid,mid.3,1,1,shoot height,36,cm
912SDSSSC,mid,mid.3,1,2,shoot height,35,cm
912SDSSSC,mid,mid.3,1,3,shoot height,35,cm
912SDSSSC,mid,mid.3,1,4,shoot height,45,cm
912SDSSSC,mid,mid.3,1,5,shoot height,29,cm
912SDSSSC,mid,mid.4,1,1,percent cover,5,%
912SDSSSC,mid,mid.4,1,1,percent macroalgae,20,%
912SDSSSC,mid,mid.4,1,1,shoot density,34,cnt
912SDSSSC,mid,mid.4,1,1,flowering shoot density,0,cnt
912SDSSSC,mid,mid.4,1,1,shoot height,23,cm
912SDSSSC,mid,mid.4,1,2,shoot height,20,cm
912SDSSSC,mid,mid.4,1,3,shoot height,40,cm
912SDSSSC,mid,mid.4,1,4,shoot height,47,cm
912SDSSSC,mid,mid.4,1,5,shoot height,35,cm
912SDSSSC,mid,mid.5,1,1,percent cover,1,%
912SDSSSC,mid,mid.5,1,1,percent macroalgae,45,%
912SDSSSC,mid,mid.5,1,1,shoot density,3,cnt
912SDSSSC,mid,mid.5,1,1,flowering shoot density,0,cnt
912SDSSSC,mid,mid.5,1,1,shoot height,20,cm
912SDSSSC,mid,mid.5,1,2,shoot height,24,cm
912SDSSSC,mid,mid.5,1,3,shoot height,33,cm
912SDSSSC,mid,mid.5,1,4,shoot height,-88,cm
912SDSSSC,mid,mid.5,1,5,shoot height,-88,cm
912SDT001,cross,cross.1,1,1,percent cover,80,%
912SDT001,cross,cross.1,1,1,percent macroalgae,3,%
912SDT001,cross,cross.1,1,1,shoot density,78,cnt
912SDT001,cross,cross.1,1,1,flowering shoot density,0,cnt
912SDT001,cross,cross.1,1,1,shoot height,47,cm
912SDT001,cross,cross.1,1,2,shoot height,45,cm
912SDT001,cross,cross.1,1,3,shoot height,41,cm
912SDT001,cross,cross.1,1,4,shoot height,45,cm
912SDT001,cross,cross.1,1,5,shoot height,56,cm
912SDT001,cross,cross.2,1,1,percent cover,70,%
912SDT001,cross,cross.2,1,1,percent macroalgae,2,%
912SDT001,cross,cross.2,1,1,shoot density,66,cnt
912SDT001,cross,cross.2,1,1,flowering shoot density,0,cnt
912SDT001,cross,cross.2,1,1,shoot height,22,cm
912SDT001,cross,cross.2,1,2,shoot height,33,cm
912SDT001,cross,cross.2,1,3,shoot height,26,cm
912SDT001,cross,cross.2,1,4,shoot height,18,cm
912SDT001,cross,cross.2,1,5,shoot height,11,cm
912SDT001,mid,mid.1,1,1,percent cover,90,%
912SDT001,mid,mid.1,1,1,percent macroalgae,3,%
912SDT001,mid,mid.1,1,1,shoot density,106,cnt
912SDT001,mid,mid.1,1,1,flowering shoot density,0,cnt
912SDT001,mid,mid.1,1,1,shoot height,42,cm
912SDT001,mid,mid.1,1,2,shoot height,45,cm
912SDT001,mid,mid.1,1,3,shoot height,65,cm
912SDT001,mid,mid.1,1,4,shoot height,57,cm
912SDT001,mid,mid.1,1,5,shoot height,61,cm
912SDT001,mid,mid.2,1,1,percent cover,90,%
912SDT001,mid,mid.2,1,1,percent macroalgae,5,%
912SDT001,mid,mid.2,1,1,shoot density,82,cnt
912SDT001,mid,mid.2,1,1,flowering shoot density,0,cnt
912SDT001,mid,mid.2,1,1,shoot height,65,cm
912SDT001,mid,mid.2,1,2,shoot height,62,cm
912SDT001,mid,mid.2,1,3,shoot height,50,cm
912SDT001,mid,mid.2,1,4,shoot height,62,cm
912SDT001,mid,mid.2,1,5,shoot height,52,cm
912SDT001,mid,mid.3,1,1,percent cover,80,%
912SDT001,mid,mid.3,1,1,percent macroalgae,2,%
912SDT001,mid,mid.3,1,1,shoot density,63,cnt
912SDT001,mid,mid.3,1,1,flowering shoot density,0,cnt
912SDT001,mid,mid.3,1,1,shoot height,40,cm
912SDT001,mid,mid.3,1,2,shoot height,40,cm
912SDT001,mid,mid.3,1,3,shoot height,50,cm
912SDT001,mid,mid.3,1,4,shoot height,47,cm
912SDT001,mid,mid.3,1,5,shoot height,46,cm
912SDT001,mid,mid.4,1,1,percent cover,80,%
912SDT001,mid,mid.4,1,1,percent macroalgae,2,%
912SDT001,mid,mid.4,1,1,shoot density,52,cnt
912SDT001,mid,mid.4,1,1,flowering shoot density,0,cnt
912SDT001,mid,mid.4,1,1,shoot height,30,cm
912SDT001,mid,mid.4,1,2,shoot height,52,cm
912SDT001,mid,mid.4,1,3,shoot height,42,cm
912SDT001,mid,mid.4,1,4,shoot height,48,cm
912SDT001,mid,mid.4,1,5,shoot height,33,cm
912SDT001,mid,mid.5,1,1,percent cover,85,%
912SDT001,mid,mid.5,1,1,percent macroalgae,2,%
912SDT001,mid,mid.5,1,1,shoot density,79,cnt
912SDT001,mid,mid.5,1,1,flowering shoot density,0,cnt
912SDT001,mid,mid.5,1,1,shoot height,49,cm
912SDT001,mid,mid.5,1,2,shoot height,42,cm
912SDT001,mid,mid.5,1,3,shoot height,51,cm
912SDT001,mid,mid.5,1,4,shoot height,53,cm
912SDT001,mid,mid.5,1,5,shoot height,51,cm
912SDT003,cross,cross.1,1,1,percent cover,20,%
912SDT003,cross,cross.1,1,1,percent macroalgae,5,%
912SDT003,cross,cross.1,1,1,shoot density,15,cnt
912SDT003,cross,cross.1,1,1,flowering shoot density,0,cnt
912SDT003,cross,cross.1,1,1,shoot height,33,cm
912SDT003,cross,cross.1,1,2,shoot height,28,cm
912SDT003,cross,cross.1,1,3,shoot height,38,cm
912SDT003,cross,cross.1,1,4,shoot height,57,cm
912SDT003,cross,cross.1,1,5,shoot height,52,cm
912SDT003,cross,cross.2,1,1,percent cover,5,%
912SDT003,cross,cross.2,1,1,percent macroalgae,20,%
912SDT003,cross,cross.2,1,1,shoot density,11,cnt
912SDT003,cross,cross.2,1,1,flowering shoot density,0,cnt
912SDT003,cross,cross.2,1,1,shoot height,38,cm
912SDT003,cross,cross.2,1,2,shoot height,48,cm
912SDT003,cross,cross.2,1,3,shoot height,29,cm
912SDT003,cross,cross.2,1,4,shoot height,38,cm
912SDT003,cross,cross.2,1,5,shoot height,70,cm
912SDT003,mid,mid.1,1,1,percent cover,10,%
912SDT003,mid,mid.1,1,1,percent macroalgae,10,%
912SDT003,mid,mid.1,1,1,shoot density,12,cnt
912SDT003,mid,mid.1,1,1,flowering shoot density,0,cnt
912SDT003,mid,mid.1,1,1,shoot height,39,cm
912SDT003,mid,mid.1,1,2,shoot height,62,cm
912SDT003,mid,mid.1,1,3,shoot height,73,cm
912SDT003,mid,mid.1,1,4,shoot height,21,cm
912SDT003,mid,mid.1,1,5,shoot height,59,cm
912SDT003,mid,mid.2,1,1,percent cover,3,%
912SDT003,mid,mid.2,1,1,percent macroalgae,5,%
912SDT003,mid,mid.2,1,1,shoot density,6,cnt
912SDT003,mid,mid.2,1,1,flowering shoot density,0,cnt
912SDT003,mid,mid.2,1,1,shoot height,41,cm
912SDT003,mid,mid.2,1,2,shoot height,45,cm
912SDT003,mid,mid.2,1,3,shoot height,40,cm
912SDT003,mid,mid.2,1,4,shoot height,36,cm
912SDT003,mid,mid.2,1,5,shoot height,35,cm
912SDT003,mid,mid.3,1,1,percent cover,10,%
912SDT003,mid,mid.3,1,1,percent macroalgae,15,%
912SDT003,mid,mid.3,1,1,shoot density,9,cnt
912SDT003,mid,mid.3,1,1,flowering shoot density,0,cnt
912SDT003,mid,mid.3,1,1,shoot height,36,cm
912SDT003,mid,mid.3,1,2,shoot height,77,cm
912SDT003,mid,mid.3,1,3,shoot height,44,cm
912SDT003,mid,mid.3,1,4,shoot height,47,cm
912SDT003,mid,mid.3,1,5,shoot height,34,cm
912SDT003,mid,mid.4,1,1,percent cover,3,%
912SDT003,mid,mid.4,1,1,percent macroalgae,3,%
912SDT003,mid,mid.4,1,1,shoot density,6,cnt
912SDT003,mid,mid.4,1,1,flowering shoot density,0,cnt
912SDT003,mid,mid.4,1,1,shoot height,46,cm
912SDT003,mid,mid.4,1,2,shoot height,30,cm
912SDT003,mid,mid.4,1,3,shoot height,48,cm
912SDT003,mid,mid.4,1,4,shoot height,20,cm
912SDT003,mid,mid.4,1,5,shoot height,40,cm
912SDT003,mid,mid.5,1,1,percent cover,10,%
912SDT003,mid,mid.5,1,1,percent macroalgae,15,%
912SDT003,mid,mid.5,1,1,shoot density,11,cnt
912SDT003,mid,mid.5,1,1,flowering shoot density,0,cnt
912SDT003,mid,mid.5,1,1,shoot height,28,cm
912SDT003,mid,mid.5,1,2,shoot height,38,cm
912SDT003,mid,mid.5,1,3,shoot height,17,cm
912SDT003,mid,mid.5,1,4,shoot height,48,cm
912SDT003,mid,mid.5,1,5,shoot height,41,cm
RESCQ-Site-004,cross,cross.1,1,1,percent cover,20,%
RESCQ-Site-004,cross,cross.1,1,1,percent macroalgae,10,%
RESCQ-Site-004,cross,cross.1,1,1,shoot density,60,cnt
RESCQ-Site-004,cross,cross.1,1,1,flowering shoot density,0,cnt
RESCQ-Site-004,cross,cross.1,1,1,shoot height,44,cm
RESCQ-Site-004,cross,cross.1,1,2,shoot height,37,cm
RESCQ-Site-004,cross,cross.1,1,3,shoot height,42,cm
RESCQ-Site-004,cross,cross.1,1,4,shoot height,30,cm
RESCQ-Site-004,cross,cross.1,1,5,shoot height,39,cm
RESCQ-Site-004,cross,cross.2,1,1,percent cover,35,%
RESCQ-Site-004,cross,cross.2,1,1,percent macroalgae,5,%
RESCQ-Site-004,cross,cross.2,1,1,shoot density,136,cnt
RESCQ-Site-004,cross,cross.2,1,1,flowering shoot density,0,cnt
RESCQ-Site-004,cross,cross.2,1,1,shoot height,45,cm
RESCQ-Site-004,cross,cross.2,1,2,shoot height,37,cm
RESCQ-Site-004,cross,cross.2,1,3,shoot height,26,cm
RESCQ-Site-004,cross,cross.2,1,4,shoot height,27,cm
RESCQ-Site-004,cross,cross.2,1,5,shoot height,39,cm
RESCQ-Site-004,mid,mid.1,1,1,percent cover,50,%
RESCQ-Site-004,mid,mid.1,1,1,percent macroalgae,0,%
RESCQ-Site-004,mid,mid.1,1,1,shoot density,92,cnt
RESCQ-Site-004,mid,mid.1,1,1,flowering shoot density,0,cnt
RESCQ-Site-004,mid,mid.1,1,1,shoot height,24,cm
RESCQ-Site-004,mid,mid.1,1,2,shoot height,27,cm
RESCQ-Site-004,mid,mid.1,1,3,shoot height,32,cm
RESCQ-Site-004,mid,mid.1,1,4,shoot height,37,cm
RESCQ-Site-004,mid,mid.1,1,5,shoot height,51,cm
RESCQ-Site-004,mid,mid.2,1,1,percent cover,90,%
RESCQ-Site-004,mid,mid.2,1,1,percent macroalgae,0,%
RESCQ-Site-004,mid,mid.2,1,1,shoot density,240,cnt
RESCQ-Site-004,mid,mid.2,1,1,flowering shoot density,0,cnt
RESCQ-Site-004,mid,mid.2,1,1,shoot height,48,cm
RESCQ-Site-004,mid,mid.2,1,2,shoot height,47,cm
RESCQ-Site-004,mid,mid.2,1,3,shoot height,32,cm
RESCQ-Site-004,mid,mid.2,1,4,shoot height,57,cm
RESCQ-Site-004,mid,mid.2,1,5,shoot height,38,cm
RESCQ-Site-004,mid,mid.3,1,1,percent cover,60,%
RESCQ-Site-004,mid,mid.3,1,1,percent macroalgae,0,%
RESCQ-Site-004,mid,mid.3,1,1,shoot density,106,cnt
RESCQ-Site-004,mid,mid.3,1,1,flowering shoot density,0,cnt
RESCQ-Site-004,mid,mid.3,1,1,shoot height,83,cm
RESCQ-Site-004,mid,mid.3,1,2,shoot height,71,cm
RESCQ-Site-004,mid,mid.3,1,3,shoot height,78,cm
RESCQ-Site-004,mid,mid.3,1,4,shoot height,63,cm
RESCQ-Site-004,mid,mid.3,1,5,shoot height,70,cm
RESCQ-Site-004,mid,mid.4,1,1,percent cover,50,%
RESCQ-Site-004,mid,mid.4,1,1,percent macroalgae,15,%
RESCQ-Site-004,mid,mid.4,1,1,shoot density,150,cnt
RESCQ-Site-004,mid,mid.4,1,1,flowering shoot density,0,cnt
RESCQ-Site-004,mid,mid.4,1,1,shoot height,33,cm
RESCQ-Site-004,mid,mid.4,1,2,shoot height,41,cm
RESCQ-Site-004,mid,mid.4,1,3,shoot height,30,cm
RESCQ-Site-004,mid,mid.4,1,4,shoot height,40,cm
RESCQ-Site-004,mid,mid.4,1,5,shoot height,38,cm
RESCQ-Site-004,mid,mid.5,1,1,percent cover,40,%
RESCQ-Site-004,mid,mid.5,1,1,percent macroalgae,5,%
RESCQ-Site-004,mid,mid.5,1,1,shoot density,130,cnt
RESCQ-Site-004,mid,mid.5,1,1,flowering shoot density,0,cnt
RESCQ-Site-004,mid,mid.5,1,1,shoot height,59,cm
RESCQ-Site-004,mid,mid.5,1,2,shoot height,47,cm
RESCQ-Site-004,mid,mid.5,1,3,shoot height,56,cm
RESCQ-Site-004,mid,mid.5,1,4,shoot height,32,cm
RESCQ-Site-004,mid,mid.5,1,5,shoot height,26,cm
RESCQ-Site-007,cross,cross.1,1,1,percent cover,60,%
RESCQ-Site-007,cross,cross.1,1,1,percent macroalgae,0,%
RESCQ-Site-007,cross,cross.1,1,1,shoot density,106,cnt
RESCQ-Site-007,cross,cross.1,1,1,flowering shoot density,0,cnt
RESCQ-Site-007,cross,cross.1,1,1,shoot height,42,cm
RESCQ-Site-007,cross,cross.1,1,2,shoot height,53,cm
RESCQ-Site-007,cross,cross.1,1,3,shoot height,32,cm
RESCQ-Site-007,cross,cross.1,1,4,shoot height,39,cm
RESCQ-Site-007,cross,cross.1,1,5,shoot height,54,cm
RESCQ-Site-007,cross,cross.2,1,1,percent cover,70,%
RESCQ-Site-007,cross,cross.2,1,1,percent macroalgae,0,%
RESCQ-Site-007,cross,cross.2,1,1,shoot density,115,cnt
RESCQ-Site-007,cross,cross.2,1,1,flowering shoot density,0,cnt
RESCQ-Site-007,cross,cross.2,1,1,shoot height,30,cm
RESCQ-Site-007,cross,cross.2,1,2,shoot height,30,cm
RESCQ-Site-007,cross,cross.2,1,3,shoot height,27,cm
RESCQ-Site-007,cross,cross.2,1,4,shoot height,49,cm
RESCQ-Site-007,cross,cross.2,1,5,shoot height,30,cm
RESCQ-Site-007,inner,in.1,1,1,percent cover,10,%
RESCQ-Site-007,inner,in.1,1,1,percent macroalgae,0,%
RESCQ-Site-007,inner,in.1,1,1,shoot density,40,cnt
RESCQ-Site-007,inner,in.1,1,1,flowering shoot density,0,cnt
RESCQ-Site-007,inner,in.1,1,1,shoot height,46,cm
RESCQ-Site-007,inner,in.1,1,2,shoot height,45,cm
RESCQ-Site-007,inner,in.1,1,3,shoot height,28,cm
RESCQ-Site-007,inner,in.1,1,4,shoot height,17,cm
RESCQ-Site-007,inner,in.1,1,5,shoot height,40,cm
RESCQ-Site-007,inner,in.2,1,1,percent cover,75,%
RESCQ-Site-007,inner,in.2,1,1,percent macroalgae,5,%
RESCQ-Site-007,inner,in.2,1,1,shoot density,122,cnt
RESCQ-Site-007,inner,in.2,1,1,flowering shoot density,0,cnt
RESCQ-Site-007,inner,in.2,1,1,shoot height,55,cm
RESCQ-Site-007,inner,in.2,1,2,shoot height,46,cm
RESCQ-Site-007,inner,in.2,1,3,shoot height,60,cm
RESCQ-Site-007,inner,in.2,1,4,shoot height,44,cm
RESCQ-Site-007,inner,in.2,1,5,shoot height,47,cm
RESCQ-Site-007,inner,in.3,1,1,percent cover,10,%
RESCQ-Site-007,inner,in.3,1,1,percent macroalgae,0,%
RESCQ-Site-007,inner,in.3,1,1,shoot density,45,cnt
RESCQ-Site-007,inner,in.3,1,1,flowering shoot density,0,cnt
RESCQ-Site-007,inner,in.3,1,1,shoot height,15,cm
RESCQ-Site-007,inner,in.3,1,2,shoot height,20,cm
RESCQ-Site-007,inner,in.3,1,3,shoot height,20,cm
RESCQ-Site-007,inner,in.3,1,4,shoot height,25,cm
RESCQ-Site-007,inner,in.3,1,5,shoot height,29,cm
RESCQ-Site-007,mid,mid.1,1,1,percent cover,85,%
RESCQ-Site-007,mid,mid.1,1,1,percent macroalgae,0,%
RESCQ-Site-007,mid,mid.1,1,1,shoot density,212,cnt
RESCQ-Site-007,mid,mid.1,1,1,flowering shoot density,0,cnt
RESCQ-Site-007,mid,mid.1,1,1,shoot height,64,cm
RESCQ-Site-007,mid,mid.1,1,2,shoot height,54,cm
RESCQ-Site-007,mid,mid.1,1,3,shoot height,62,cm
RESCQ-Site-007,mid,mid.1,1,4,shoot height,69,cm
RESCQ-Site-007,mid,mid.1,1,5,shoot height,80,cm
RESCQ-Site-007,mid,mid.2,1,1,percent cover,75,%
RESCQ-Site-007,mid,mid.2,1,1,percent macroalgae,0,%
RESCQ-Site-007,mid,mid.2,1,1,shoot density,140,cnt
RESCQ-Site-007,mid,mid.2,1,1,flowering shoot density,0,cnt
RESCQ-Site-007,mid,mid.2,1,1,shoot height,40,cm
RESCQ-Site-007,mid,mid.2,1,2,shoot height,54,cm
RESCQ-Site-007,mid,mid.2,1,3,shoot height,64,cm
RESCQ-Site-007,mid,mid.2,1,4,shoot height,72,cm
RESCQ-Site-007,mid,mid.2,1,5,shoot height,81,cm
RESCQ-Site-007,mid,mid.3,1,1,percent cover,40,%
RESCQ-Site-007,mid,mid.3,1,1,percent macroalgae,0,%
RESCQ-Site-007,mid,mid.3,1,1,shoot density,110,cnt
RESCQ-Site-007,mid,mid.3,1,1,flowering shoot density,0,cnt
RESCQ-Site-007,mid,mid.3,1,1,shoot height,38,cm
RESCQ-Site-007,mid,mid.3,1,2,shoot height,19,cm
RESCQ-Site-007,mid,mid.3,1,3,shoot height,20,cm
RESCQ-Site-007,mid,mid.3,1,4,shoot height,18,cm
RESCQ-Site-007,mid,mid.3,1,5,shoot height,44,cm
RESCQ-Site-007,mid,mid.4,1,1,percent cover,15,%
RESCQ-Site-007,mid,mid.4,1,1,percent macroalgae,5,%
RESCQ-Site-007,mid,mid.4,1,1,shoot density,40,cnt
RESCQ-Site-007,mid,mid.4,1,1,flowering shoot density,0,cnt
RESCQ-Site-007,mid,mid.4,1,1,shoot height,48,cm
RESCQ-Site-007,mid,mid.4,1,2,shoot height,46,cm
RESCQ-Site-007,mid,mid.4,1,3,shoot height,47,cm
RESCQ-Site-007,mid,mid.4,1,4,shoot height,45,cm
RESCQ-Site-007,mid,mid.4,1,5,shoot height,24,cm
RESCQ-Site-007,mid,mid.5,1,1,percent cover,25,%
RESCQ-Site-007,mid,mid.5,1,1,percent macroalgae,0,%
RESCQ-Site-007,mid,mid.5,1,1,shoot density,80,cnt
RESCQ-Site-007,mid,mid.5,1,1,flowering shoot density,0,cnt
RESCQ-Site-007,mid,mid.5,1,1,shoot height,28,cm
RESCQ-Site-007,mid,mid.5,1,2,shoot height,32,cm
RESCQ-Site-007,mid,mid.5,1,3,shoot height,39,cm
RESCQ-Site-007,mid,mid.5,1,4,shoot height,37,cm
RESCQ-Site-007,mid,mid.5,1,5,shoot height,42,cm
RESCQ-Site-007,outer,out.1,1,1,percent cover,80,%
RESCQ-Site-007,outer,out.1,1,1,percent macroalgae,0,%
RESCQ-Site-007,outer,out.1,1,1,shoot density,202,cnt
RESCQ-Site-007,outer,out.1,1,1,flowering shoot density,0,cnt
RESCQ-Site-007,outer,out.1,1,1,shoot height,28,cm
RESCQ-Site-007,outer,out.1,1,2,shoot height,56,cm
RESCQ-Site-007,outer,out.1,1,3,shoot height,44,cm
RESCQ-Site-007,outer,out.1,1,4,shoot height,58,cm
RESCQ-Site-007,outer,out.1,1,5,shoot height,54,cm
RESCQ-Site-007,outer,out.2,1,1,percent cover,50,%
RESCQ-Site-007,outer,out.2,1,1,percent macroalgae,0,%
RESCQ-Site-007,outer,out.2,1,1,shoot density,97,cnt
RESCQ-Site-007,outer,out.2,1,1,flowering shoot density,0,cnt
RESCQ-Site-007,outer,out.2,1,1,shoot height,51,cm
RESCQ-Site-007,outer,out.2,1,2,shoot height,47,cm
RESCQ-Site-007,outer,out.2,1,3,shoot height,57,cm
RESCQ-Site-007,outer,out.2,1,4,shoot height,50,cm
RESCQ-Site-007,outer,out.2,1,5,shoot height,40,cm
RESCQ-Site-007,outer,out.3,1,1,percent cover,75,%
RESCQ-Site-007,outer,out.3,1,1,percent macroalgae,0,%
RESCQ-Site-007,outer,out.3,1,1,shoot density,181,cnt
RESCQ-Site-007,outer,out.3,1,1,flowering shoot density,0,cnt
RESCQ-Site-007,outer,out.3,1,1,shoot height,55,cm
RESCQ-Site-007,outer,out.3,1,2,shoot height,46,cm
RESCQ-Site-007,outer,out.3,1,3,shoot height,40,cm
RESCQ-Site-007,outer,out.3,1,4,shoot height,39,cm
RESCQ-Site-007,outer,out.3,1,5,shoot height,53,cm
RESCQ-Site-031,cross,cross.1,1,1,percent cover,80,%
RESCQ-Site-031,cross,cross.1,1,1,percent macroalgae,0,%
RESCQ-Site-031,cross,cross.1,1,1,shoot density,118,cnt
RESCQ-Site-031,cross,cross.1,1,1,flowering shoot density,0,cnt
RESCQ-Site-031,cross,cross.1,1,1,shoot height,49,cm
RESCQ-Site-031,cross,cross.1,1,2,shoot height,98,cm
RESCQ-Site-031,cross,cross.1,1,3,shoot height,93,cm
RESCQ-Site-031,cross,cross.1,1,4,shoot height,30,cm
RESCQ-Site-031,cross,cross.1,1,5,shoot height,52,cm
RESCQ-Site-031,cross,cross.1,2,1,percent cover,40,%
RESCQ-Site-031,cross,cross.1,2,1,percent macroalgae,0,%
RESCQ-Site-031,cross,cross.1,2,1,shoot density,54,cnt
RESCQ-Site-031,cross,cross.1,2,1,flowering shoot density,0,cnt
RESCQ-Site-031,cross,cross.1,2,1,shoot height,88,cm
RESCQ-Site-031,cross,cross.1,2,2,shoot height,101,cm
RESCQ-Site-031,cross,cross.1,2,3,shoot height,123,cm
RESCQ-Site-031,cross,cross.1,2,4,shoot height,115,cm
RESCQ-Site-031,cross,cross.1,2,5,shoot height,42,cm
RESCQ-Site-031,cross,cross.2,1,1,percent cover,20,%
RESCQ-Site-031,cross,cross.2,1,1,percent macroalgae,0,%
RESCQ-Site-031,cross,cross.2,1,1,shoot density,52,cnt
RESCQ-Site-031,cross,cross.2,1,1,flowering shoot density,0,cnt
RESCQ-Site-031,cross,cross.2,1,1,shoot height,26,cm
RESCQ-Site-031,cross,cross.2,1,2,shoot height,17,cm
RESCQ-Site-031,cross,cross.2,1,3,shoot height,18,cm
RESCQ-Site-031,cross,cross.2,1,4,shoot height,17,cm
RESCQ-Site-031,cross,cross.2,1,5,shoot height,20,cm
RESCQ-Site-031,cross,cross.2,2,1,percent cover,15,%
RESCQ-Site-031,cross,cross.2,2,1,percent macroalgae,5,%
RESCQ-Site-031,cross,cross.2,2,1,shoot density,32,cnt
RESCQ-Site-031,cross,cross.2,2,1,flowering shoot density,0,cnt
RESCQ-Site-031,cross,cross.2,2,1,shoot height,19,cm
RESCQ-Site-031,cross,cross.2,2,2,shoot height,29,cm
RESCQ-Site-031,cross,cross.2,2,3,shoot height,37,cm
RESCQ-Site-031,cross,cross.2,2,4,shoot height,35,cm
RESCQ-Site-031,cross,cross.2,2,5,shoot height,32,cm
B23-SAV-002,inner,in.1,1,1,percent cover,20,%
B23-SAV-002,inner,in.1,1,1,percent macroalgae,0,%
B23-SAV-002,inner,in.1,1,1,shoot density,138,cnt
B23-SAV-002,inner,in.1,1,1,flowering shoot density,0,cnt
B23-SAV-002,inner,in.1,1,1,shoot height,10,cm
B23-SAV-002,inner,in.1,1,2,shoot height,14,cm
B23-SAV-002,inner,in.1,1,3,shoot height,20,cm
B23-SAV-002,inner,in.1,1,4,shoot height,26,cm
B23-SAV-002,inner,in.1,1,5,shoot height,27,cm
B23-SAV-002,inner,in.1,2,1,percent cover,45,%
B23-SAV-002,inner,in.1,2,1,percent macroalgae,6,%
B23-SAV-002,inner,in.1,2,1,shoot density,75,cnt
B23-SAV-002,inner,in.1,2,1,flowering shoot density,0,cnt
B23-SAV-002,inner,in.1,2,1,shoot height,44,cm
B23-SAV-002,inner,in.1,2,2,shoot height,33,cm
B23-SAV-002,inner,in.1,2,3,shoot height,47,cm
B23-SAV-002,inner,in.1,2,4,shoot height,35,cm
B23-SAV-002,inner,in.1,2,5,shoot height,38,cm
B23-SAV-002,inner,in.2,1,1,percent cover,20,%
B23-SAV-002,inner,in.2,1,1,percent macroalgae,15,%
B23-SAV-002,inner,in.2,1,1,shoot density,103,cnt
B23-SAV-002,inner,in.2,1,1,flowering shoot density,0,cnt
B23-SAV-002,inner,in.2,1,1,shoot height,32,cm
B23-SAV-002,inner,in.2,1,2,shoot height,27,cm
B23-SAV-002,inner,in.2,1,3,shoot height,31,cm
B23-SAV-002,inner,in.2,1,4,shoot height,38,cm
B23-SAV-002,inner,in.2,1,5,shoot height,45,cm
B23-SAV-002,inner,in.2,2,1,percent cover,40,%
B23-SAV-002,inner,in.2,2,1,percent macroalgae,0,%
B23-SAV-002,inner,in.2,2,1,shoot density,90,cnt
B23-SAV-002,inner,in.2,2,1,flowering shoot density,0,cnt
B23-SAV-002,inner,in.2,2,1,shoot height,44,cm
B23-SAV-002,inner,in.2,2,2,shoot height,49,cm
B23-SAV-002,inner,in.2,2,3,shoot height,36,cm
B23-SAV-002,inner,in.2,2,4,shoot height,38,cm
B23-SAV-002,inner,in.2,2,5,shoot height,41,cm
B23-SAV-002,inner,in.3,1,1,percent cover,5,%
B23-SAV-002,inner,in.3,1,1,percent macroalgae,0,%
B23-SAV-002,inner,in.3,1,1,shoot density,20,cnt
B23-SAV-002,inner,in.3,1,1,flowering shoot density,0,cnt
B23-SAV-002,inner,in.3,1,1,shoot height,5,cm
B23-SAV-002,inner,in.3,1,2,shoot height,29,cm
B23-SAV-002,inner,in.3,1,3,shoot height,15,cm
B23-SAV-002,inner,in.3,1,4,shoot height,26,cm
B23-SAV-002,inner,in.3,1,5,shoot height,23,cm
B23-SAV-002,inner,in.3,2,1,percent cover,5,%
B23-SAV-002,inner,in.3,2,1,percent macroalgae,0,%
B23-SAV-002,inner,in.3,2,1,shoot density,15,cnt
B23-SAV-002,inner,in.3,2,1,flowering shoot density,0,cnt
B23-SAV-002,inner,in.3,2,1,shoot height,27,cm
B23-SAV-002,inner,in.3,2,2,shoot height,24,cm
B23-SAV-002,inner,in.3,2,3,shoot height,29,cm
B23-SAV-002,inner,in.3,2,4,shoot height,20,cm
B23-SAV-002,inner,in.3,2,5,shoot height,24,cm
B23-SAV-002,mid,mid.1,1,1,percent cover,75,%
B23-SAV-002,mid,mid.1,1,1,percent macroalgae,10,%
B23-SAV-002,mid,mid.1,1,1,shoot density,114,cnt
B23-SAV-002,mid,mid.1,1,1,flowering shoot density,0,cnt
B23-SAV-002,mid,mid.1,1,1,shoot height,48,cm
B23-SAV-002,mid,mid.1,1,2,shoot height,57,cm
B23-SAV-002,mid,mid.1,1,3,shoot height,68,cm
B23-SAV-002,mid,mid.1,1,4,shoot height,48,cm
B23-SAV-002,mid,mid.1,1,5,shoot height,50,cm
B23-SAV-002,mid,mid.1,2,1,percent cover,10,%
B23-SAV-002,mid,mid.1,2,1,percent macroalgae,5,%
B23-SAV-002,mid,mid.1,2,1,shoot density,19,cnt
B23-SAV-002,mid,mid.1,2,1,flowering shoot density,0,cnt
B23-SAV-002,mid,mid.1,2,1,shoot height,34,cm
B23-SAV-002,mid,mid.1,2,2,shoot height,41,cm
B23-SAV-002,mid,mid.1,2,3,shoot height,33,cm
B23-SAV-002,mid,mid.1,2,4,shoot height,32,cm
B23-SAV-002,mid,mid.1,2,5,shoot height,37,cm
B23-SAV-002,mid,mid.2,1,1,percent cover,10,%
B23-SAV-002,mid,mid.2,1,1,percent macroalgae,80,%
B23-SAV-002,mid,mid.2,1,1,shoot density,20,cnt
B23-SAV-002,mid,mid.2,1,1,flowering shoot density,0,cnt
B23-SAV-002,mid,mid.2,1,1,shoot height,31,cm
B23-SAV-002,mid,mid.2,1,2,shoot height,22,cm
B23-SAV-002,mid,mid.2,1,3,shoot height,30,cm
B23-SAV-002,mid,mid.2,1,4,shoot height,17,cm
B23-SAV-002,mid,mid.2,1,5,shoot height,39,cm
B23-SAV-002,mid,mid.2,2,1,percent cover,1,%
B23-SAV-002,mid,mid.2,2,1,percent macroalgae,95,%
B23-SAV-002,mid,mid.2,2,1,shoot density,4,cnt
B23-SAV-002,mid,mid.2,2,1,flowering shoot density,0,cnt
B23-SAV-002,mid,mid.2,2,1,shoot height,36,cm
B23-SAV-002,mid,mid.2,2,2,shoot height,28,cm
B23-SAV-002,mid,mid.2,2,3,shoot height,33,cm
B23-SAV-002,mid,mid.2,2,4,shoot height,37,cm
B23-SAV-002,mid,mid.2,2,5,shoot height,-88,cm
B23-SAV-002,mid,mid.3,1,1,percent cover,15,%
B23-SAV-002,mid,mid.3,1,1,percent macroalgae,50,%
B23-SAV-002,mid,mid.3,1,1,shoot density,29,cnt
B23-SAV-002,mid,mid.3,1,1,flowering shoot density,0,cnt
B23-SAV-002,mid,mid.3,1,1,shoot height,50,cm
B23-SAV-002,mid,mid.3,1,2,shoot height,47,cm
B23-SAV-002,mid,mid.3,1,3,shoot height,30,cm
B23-SAV-002,mid,mid.3,1,4,shoot height,36,cm
B23-SAV-002,mid,mid.3,1,5,shoot height,22,cm
B23-SAV-002,mid,mid.3,2,1,percent cover,5,%
B23-SAV-002,mid,mid.3,2,1,percent macroalgae,20,%
B23-SAV-002,mid,mid.3,2,1,shoot density,13,cnt
B23-SAV-002,mid,mid.3,2,1,flowering shoot density,0,cnt
B23-SAV-002,mid,mid.3,2,1,shoot height,41,cm
B23-SAV-002,mid,mid.3,2,2,shoot height,56,cm
B23-SAV-002,mid,mid.3,2,3,shoot height,37,cm
B23-SAV-002,mid,mid.3,2,4,shoot height,52,cm
B23-SAV-002,mid,mid.3,2,5,shoot height,28,cm
B23-SAV-002,mid,mid.4,1,1,percent cover,30,%
B23-SAV-002,mid,mid.4,1,1,percent macroalgae,30,%
B23-SAV-002,mid,mid.4,1,1,shoot density,102,cnt
B23-SAV-002,mid,mid.4,1,1,flowering shoot density,0,cnt
B23-SAV-002,mid,mid.4,1,1,shoot height,47,cm
B23-SAV-002,mid,mid.4,1,2,shoot height,34,cm
B23-SAV-002,mid,mid.4,1,3,shoot height,61,cm
B23-SAV-002,mid,mid.4,1,4,shoot height,40,cm
B23-SAV-002,mid,mid.4,1,5,shoot height,32,cm
B23-SAV-002,mid,mid.4,2,1,percent cover,35,%
B23-SAV-002,mid,mid.4,2,1,percent macroalgae,0,%
B23-SAV-002,mid,mid.4,2,1,shoot density,48,cnt
B23-SAV-002,mid,mid.4,2,1,flowering shoot density,0,cnt
B23-SAV-002,mid,mid.4,2,1,shoot height,57,cm
B23-SAV-002,mid,mid.4,2,2,shoot height,60,cm
B23-SAV-002,mid,mid.4,2,3,shoot height,56,cm
B23-SAV-002,mid,mid.4,2,4,shoot height,60,cm
B23-SAV-002,mid,mid.4,2,5,shoot height,62,cm
B23-SAV-002,mid,mid.5,1,1,percent cover,50,%
B23-SAV-002,mid,mid.5,1,1,percent macroalgae,10,%
B23-SAV-002,mid,mid.5,1,1,shoot density,142,cnt
B23-SAV-002,mid,mid.5,1,1,flowering shoot density,0,cnt
B23-SAV-002,mid,mid.5,1,1,shoot height,61,cm
B23-SAV-002,mid,mid.5,1,2,shoot height,62,cm
B23-SAV-002,mid,mid.5,1,3,shoot height,41,cm
B23-SAV-002,mid,mid.5,1,4,shoot height,52,cm
B23-SAV-002,mid,mid.5,1,5,shoot height,59,cm
B23-SAV-002,mid,mid.5,2,1,percent cover,60,%
B23-SAV-002,mid,mid.5,2,1,percent macroalgae,0,%
B23-SAV-002,mid,mid.5,2,1,shoot density,112,cnt
B23-SAV-002,mid,mid.5,2,1,flowering shoot density,0,cnt
B23-SAV-002,mid,mid.5,2,1,shoot height,39,cm
B23-SAV-002,mid,mid.5,2,2,shoot height,69,cm
B23-SAV-002,mid,mid.5,2,3,shoot height,68,cm
B23-SAV-002,mid,mid.5,2,4,shoot height,62,cm
B23-SAV-002,mid,mid.5,2,5,shoot height,65,cm
B23-SAV-002,outer,out.1,1,1,percent cover,25,%
B23-SAV-002,outer,out.1,1,1,percent macroalgae,0,%
B23-SAV-002,outer,out.1,1,1,shoot density,89,cnt
B23-SAV-002,outer,out.1,1,1,flowering shoot density,0,cnt
B23-SAV-002,outer,out.1,1,1,shoot height,64,cm
B23-SAV-002,outer,out.1,1,2,shoot height,67,cm
B23-SAV-002,outer,out.1,1,3,shoot height,87,cm
B23-SAV-002,outer,out.1,1,4,shoot height,39,cm
B23-SAV-002,outer,out.1,1,5,shoot height,107,cm
B23-SAV-002,outer,out.1,2,1,percent cover,35,%
B23-SAV-002,outer,out.1,2,1,percent macroalgae,0,%
B23-SAV-002,outer,out.1,2,1,shoot density,38,cnt
B23-SAV-002,outer,out.1,2,1,flowering shoot density,0,cnt
B23-SAV-002,outer,out.1,2,1,shoot height,95,cm
B23-SAV-002,outer,out.1,2,2,shoot height,102,cm
B23-SAV-002,outer,out.1,2,3,shoot height,105,cm
B23-SAV-002,outer,out.1,2,4,shoot height,98,cm
B23-SAV-002,outer,out.1,2,5,shoot height,100,cm
B23-SAV-002,outer,out.2,1,1,percent cover,30,%
B23-SAV-002,outer,out.2,1,1,percent macroalgae,0,%
B23-SAV-002,outer,out.2,1,1,shoot density,167,cnt
B23-SAV-002,outer,out.2,1,1,flowering shoot density,0,cnt
B23-SAV-002,outer,out.2,1,1,shoot height,85,cm
B23-SAV-002,outer,out.2,1,2,shoot height,90,cm
B23-SAV-002,outer,out.2,1,3,shoot height,73,cm
B23-SAV-002,outer,out.2,1,4,shoot height,45,cm
B23-SAV-002,outer,out.2,1,5,shoot height,95,cm
B23-SAV-002,outer,out.2,2,1,percent cover,35,%
B23-SAV-002,outer,out.2,2,1,percent macroalgae,0,%
B23-SAV-002,outer,out.2,2,1,shoot density,40,cnt
B23-SAV-002,outer,out.2,2,1,flowering shoot density,0,cnt
B23-SAV-002,outer,out.2,2,1,shoot height,43,cm
B23-SAV-002,outer,out.2,2,2,shoot height,54,cm
B23-SAV-002,outer,out.2,2,3,shoot height,78,cm
B23-SAV-002,outer,out.2,2,4,shoot height,80,cm
B23-SAV-002,outer,out.2,2,5,shoot height,41,cm
B23-SAV-002,outer,out.3,1,1,percent cover,15,%
B23-SAV-002,outer,out.3,1,1,percent macroalgae,0,%
B23-SAV-002,outer,out.3,1,1,shoot density,89,cnt
B23-SAV-002,outer,out.3,1,1,flowering shoot density,0,cnt
B23-SAV-002,outer,out.3,1,1,shoot height,96,cm
B23-SAV-002,outer,out.3,1,2,shoot height,76,cm
B23-SAV-002,outer,out.3,1,3,shoot height,88,cm
B23-SAV-002,outer,out.3,1,4,shoot height,95,cm
B23-SAV-002,outer,out.3,1,5,shoot height,80,cm
B23-SAV-002,outer,out.3,2,1,percent cover,40,%
B23-SAV-002,outer,out.3,2,1,percent macroalgae,0,%
B23-SAV-002,outer,out.3,2,1,shoot density,58,cnt
B23-SAV-002,outer,out.3,2,1,flowering shoot density,0,cnt
B23-SAV-002,outer,out.3,2,1,shoot height,77,cm
B23-SAV-002,outer,out.3,2,2,shoot height,64,cm
B23-SAV-002,outer,out.3,2,3,shoot height,77,cm
B23-SAV-002,outer,out.3,2,4,shoot height,110,cm
B23-SAV-002,outer,out.3,2,5,shoot height,112,cm
B23-SAV-Santa Cruz Island,outer,out.1,3,1,flowering shoot density,0,cnt
B23-SAV-Santa Cruz Island,outer,out.1,3,1,percent cover,60,%
B23-SAV-Santa Cruz Island,outer,out.1,3,1,percent macroalgae,0,%
B23-SAV-Santa Cruz Island,outer,out.1,3,1,shoot density,27,cnt
B23-SAV-Santa Cruz Island,outer,out.1,3,1,shoot height,77,cm
B23-SAV-Santa Cruz Island,outer,out.1,3,2,shoot height,22.5,cm
B23-SAV-Santa Cruz Island,outer,out.1,3,3,shoot height,87.5,cm
B23-SAV-Santa Cruz Island,outer,out.1,3,4,shoot height,85,cm
B23-SAV-Santa Cruz Island,outer,out.1,3,5,shoot height,93,cm
B23-SAV-Santa Cruz Island,outer,out.2,3,1,flowering shoot density,0,cnt
B23-SAV-Santa Cruz Island,outer,out.2,3,1,percent cover,5,%
B23-SAV-Santa Cruz Island,outer,out.2,3,1,percent macroalgae,0,%
B23-SAV-Santa Cruz Island,outer,out.2,3,1,shoot density,9,cnt
B23-SAV-Santa Cruz Island,outer,out.2,3,1,shoot height,74,cm
B23-SAV-Santa Cruz Island,outer,out.2,3,2,shoot height,68,cm
B23-SAV-Santa Cruz Island,outer,out.2,3,3,shoot height,83,cm
B23-SAV-Santa Cruz Island,outer,out.2,3,4,shoot height,70,cm
B23-SAV-Santa Cruz Island,outer,out.2,3,5,shoot height,53,cm
B23-SAV-Santa Cruz Island,mid,mid.1,3,1,flowering shoot density,0,cnt
B23-SAV-Santa Cruz Island,mid,mid.1,3,1,percent cover,25,%
B23-SAV-Santa Cruz Island,mid,mid.1,3,1,percent macroalgae,0,%
B23-SAV-Santa Cruz Island,mid,mid.1,3,1,shoot density,11,cnt
B23-SAV-Santa Cruz Island,mid,mid.1,3,1,shoot height,79,cm
B23-SAV-Santa Cruz Island,mid,mid.1,3,2,shoot height,71,cm
B23-SAV-Santa Cruz Island,mid,mid.1,3,3,shoot height,68.5,cm
B23-SAV-Santa Cruz Island,mid,mid.1,3,4,shoot height,53,cm
B23-SAV-Santa Cruz Island,mid,mid.1,3,5,shoot height,63,cm
B23-SAV-Santa Cruz Island,mid,mid.2,3,1,flowering shoot density,0,cnt
B23-SAV-Santa Cruz Island,mid,mid.2,3,1,percent cover,20,%
B23-SAV-Santa Cruz Island,mid,mid.2,3,1,percent macroalgae,0,%
B23-SAV-Santa Cruz Island,mid,mid.2,3,1,shoot density,20,cnt
B23-SAV-Santa Cruz Island,mid,mid.2,3,1,shoot height,79,cm
B23-SAV-Santa Cruz Island,mid,mid.2,3,2,shoot height,61,cm
B23-SAV-Santa Cruz Island,mid,mid.2,3,3,shoot height,86,cm
B23-SAV-Santa Cruz Island,mid,mid.2,3,4,shoot height,81,cm
B23-SAV-Santa Cruz Island,mid,mid.2,3,5,shoot height,101,cm
B23-SAV-Santa Cruz Island,inner,in.1,3,1,flowering shoot density,0,cnt
B23-SAV-Santa Cruz Island,inner,in.1,3,1,percent cover,10,%
B23-SAV-Santa Cruz Island,inner,in.1,3,1,percent macroalgae,0,%
B23-SAV-Santa Cruz Island,inner,in.1,3,1,shoot density,17,cnt
B23-SAV-Santa Cruz Island,inner,in.1,3,1,shoot height,58.1,cm
B23-SAV-Santa Cruz Island,inner,in.1,3,2,shoot height,36.1,cm
B23-SAV-Santa Cruz Island,inner,in.1,3,3,shoot height,36.7,cm
B23-SAV-Santa Cruz Island,inner,in.1,3,4,shoot height,33.3,cm
B23-SAV-Santa Cruz Island,inner,in.1,3,5,shoot height,72.5,cm
B23-SAV-Santa Cruz Island,inner,in.2,3,1,flowering shoot density,0,cnt
B23-SAV-Santa Cruz Island,inner,in.2,3,1,percent cover,10,%
B23-SAV-Santa Cruz Island,inner,in.2,3,1,percent macroalgae,0,%
B23-SAV-Santa Cruz Island,inner,in.2,3,1,shoot density,1,cnt
B23-SAV-Santa Cruz Island,inner,in.2,3,1,shoot height,19,cm
B23-SAV-Santa Cruz Island,inner,in.2,3,2,shoot height,NA,cm
B23-SAV-Santa Cruz Island,inner,in.2,3,3,shoot height,NA,cm
B23-SAV-Santa Cruz Island,inner,in.2,3,4,shoot height,NA,cm
B23-SAV-Santa Cruz Island,inner,in.2,3,5,shoot height,NA,cm
B23-SAV-060,outer,out.1,3,1,flowering shoot density,0,cnt
B23-SAV-060,outer,out.1,3,1,percent cover,90,%
B23-SAV-060,outer,out.1,3,1,percent macroalgae,0,%
B23-SAV-060,outer,out.1,3,1,shoot density,109,cnt
B23-SAV-060,outer,out.1,3,1,shoot height,41,cm
B23-SAV-060,outer,out.1,3,2,shoot height,32,cm
B23-SAV-060,outer,out.1,3,3,shoot height,33,cm
B23-SAV-060,outer,out.1,3,4,shoot height,43,cm
B23-SAV-060,outer,out.1,3,5,shoot height,45,cm
B23-SAV-060,outer,out.2,3,1,flowering shoot density,0,cnt
B23-SAV-060,outer,out.2,3,1,percent cover,80,%
B23-SAV-060,outer,out.2,3,1,percent macroalgae,0,%
B23-SAV-060,outer,out.2,3,1,shoot density,99,cnt
B23-SAV-060,outer,out.2,3,1,shoot height,29,cm
B23-SAV-060,outer,out.2,3,2,shoot height,26,cm
B23-SAV-060,outer,out.2,3,3,shoot height,37,cm
B23-SAV-060,outer,out.2,3,4,shoot height,27,cm
B23-SAV-060,outer,out.2,3,5,shoot height,31,cm
B23-SAV-060,outer,out.3,3,1,flowering shoot density,0,cnt
B23-SAV-060,outer,out.3,3,1,percent cover,90,%
B23-SAV-060,outer,out.3,3,1,percent macroalgae,0,%
B23-SAV-060,outer,out.3,3,1,shoot density,102,cnt
B23-SAV-060,outer,out.3,3,1,shoot height,49,cm
B23-SAV-060,outer,out.3,3,2,shoot height,54,cm
B23-SAV-060,outer,out.3,3,3,shoot height,39,cm
B23-SAV-060,outer,out.3,3,4,shoot height,55,cm
B23-SAV-060,outer,out.3,3,5,shoot height,45,cm
B23-SAV-060,mid,mid.1,3,1,flowering shoot density,0,cnt
B23-SAV-060,mid,mid.1,3,1,percent cover,75,%
B23-SAV-060,mid,mid.1,3,1,percent macroalgae,0,%
B23-SAV-060,mid,mid.1,3,1,shoot density,70,cnt
B23-SAV-060,mid,mid.1,3,1,shoot height,60,cm
B23-SAV-060,mid,mid.1,3,2,shoot height,55,cm
B23-SAV-060,mid,mid.1,3,3,shoot height,40,cm
B23-SAV-060,mid,mid.1,3,4,shoot height,45,cm
B23-SAV-060,mid,mid.1,3,5,shoot height,50,cm
B23-SAV-060,mid,mid.2,3,1,flowering shoot density,0,cnt
B23-SAV-060,mid,mid.2,3,1,percent cover,70,%
B23-SAV-060,mid,mid.2,3,1,percent macroalgae,0,%
B23-SAV-060,mid,mid.2,3,1,shoot density,56,cnt
B23-SAV-060,mid,mid.2,3,1,shoot height,95,cm
B23-SAV-060,mid,mid.2,3,2,shoot height,90,cm
B23-SAV-060,mid,mid.2,3,3,shoot height,70,cm
B23-SAV-060,mid,mid.2,3,4,shoot height,65,cm
B23-SAV-060,mid,mid.2,3,5,shoot height,60,cm
B23-SAV-060,mid,mid.3,3,1,flowering shoot density,0,cnt
B23-SAV-060,mid,mid.3,3,1,percent cover,25,%
B23-SAV-060,mid,mid.3,3,1,percent macroalgae,0,%
B23-SAV-060,mid,mid.3,3,1,shoot density,37,cnt
B23-SAV-060,mid,mid.3,3,1,shoot height,70,cm
B23-SAV-060,mid,mid.3,3,2,shoot height,75,cm
B23-SAV-060,mid,mid.3,3,3,shoot height,60,cm
B23-SAV-060,mid,mid.3,3,4,shoot height,65,cm
B23-SAV-060,mid,mid.3,3,5,shoot height,55,cm
B23-SAV-060,inner,in.1,3,1,flowering shoot density,0,cnt
B23-SAV-060,inner,in.1,3,1,percent cover,20,%
B23-SAV-060,inner,in.1,3,1,percent macroalgae,80,%
B23-SAV-060,inner,in.1,3,1,shoot density,29,cnt
B23-SAV-060,inner,in.1,3,1,shoot height,35,cm
B23-SAV-060,inner,in.1,3,2,shoot height,50,cm
B23-SAV-060,inner,in.1,3,3,shoot height,45,cm
B23-SAV-060,inner,in.1,3,4,shoot height,40,cm
B23-SAV-060,inner,in.1,3,5,shoot height,30,cm
B23-SAV-060,inner,in.2,3,1,flowering shoot density,,cnt
B23-SAV-060,inner,in.2,3,1,percent cover,50,%
B23-SAV-060,inner,in.2,3,1,percent macroalgae,40,%
B23-SAV-060,inner,in.2,3,1,shoot density,15,cnt
B23-SAV-060,inner,in.2,3,1,shoot height,25,cm
B23-SAV-060,inner,in.2,3,2,shoot height,30,cm
B23-SAV-060,inner,in.2,3,3,shoot height,35,cm
B23-SAV-060,inner,in.2,3,4,shoot height,40,cm
B23-SAV-060,inner,in.2,3,5,shoot height,40,cm
B23-SAV-060,inner,in.3,3,1,flowering shoot density,0,cnt
B23-SAV-060,inner,in.3,3,1,percent cover,50,%
B23-SAV-060,inner,in.3,3,1,percent macroalgae,16,%
B23-SAV-060,inner,in.3,3,1,shoot density,42,cnt
B23-SAV-060,inner,in.3,3,1,shoot height,40,cm
B23-SAV-060,inner,in.3,3,2,shoot height,40,cm
B23-SAV-060,inner,in.3,3,3,shoot height,45,cm
B23-SAV-060,inner,in.3,3,4,shoot height,30,cm
B23-SAV-060,inner,in.3,3,5,shoot height,35,cm
B23-SAV-012,mid,mid.1,1,1,percent cover,95,%
B23-SAV-012,mid,mid.2,1,1,percent cover,5,%
B23-SAV-012,mid,mid.1,1,1,percent cover,100,%
B23-SAV-012,mid,mid.2,1,1,percent cover,50,%
B23-SAV-012,mid,mid.1,1,1,percent cover,15,%
B23-SAV-012,mid,mid.2,2,1,percent cover,95,%
B23-SAV-012,mid,mid.1,2,1,percent cover,5,%
B23-SAV-012,mid,mid.2,2,1,percent cover,100,%
B23-SAV-012,mid,mid.1,2,1,percent cover,100,%
B23-SAV-012,mid,mid.2,2,1,percent cover,15,%
B23-SAV-012,mid,mid.1,1,1,shoot density,75,cnt
B23-SAV-012,mid,mid.2,1,1,shoot density,5,cnt
B23-SAV-012,mid,mid.1,1,1,shoot density,81,cnt
B23-SAV-012,mid,mid.2,1,1,shoot density,42,cnt
B23-SAV-012,mid,mid.1,1,1,shoot density,14,cnt
B23-SAV-012,mid,mid.2,2,1,shoot density,51,cnt
B23-SAV-012,mid,mid.1,2,1,shoot density,8,cnt
B23-SAV-012,mid,mid.2,2,1,shoot density,67,cnt
B23-SAV-012,mid,mid.1,2,1,shoot density,71,cnt
B23-SAV-012,mid,mid.2,2,1,shoot density,21,cnt
B23-SAV-012,mid,mid.1,1,1,percent cover,15,%
B23-SAV-012,mid,mid.2,1,1,percent cover,30,%
B23-SAV-012,mid,mid.3,1,1,percent cover,40,%
B23-SAV-012,mid,mid.4,1,1,percent cover,15,%
B23-SAV-012,mid,mid.5,1,1,percent cover,20,%
B23-SAV-012,mid,mid.6,1,1,percent cover,5,%
B23-SAV-012,mid,mid.7,1,1,percent cover,15,%
B23-SAV-012,mid,mid.1,1,1,percent cover,100,%
B23-SAV-012,mid,mid.2,1,1,percent cover,15,%
RESCQ-Site-002,mid,mid.1,1,1,percent cover,20,%
RESCQ-Site-002,mid,mid.2,1,1,percent cover,30,%
RESCQ-Site-002,mid,mid.3,1,1,percent cover,50,%
RESCQ-Site-002,mid,mid.4,1,1,percent cover,5,%
RESCQ-Site-002,mid,mid.5,1,1,percent cover,10,%
RESCQ-Site-002,mid,mid.6,1,1,percent cover,45,%
RESCQ-Site-002,mid,mid.7,1,1,percent cover,30,%
RESCQ-Site-002,mid,mid.1,1,1,percent cover,15,%
RESCQ-Site-002,mid,mid.2,1,1,percent cover,95,%
RESCQ-Site-012,mid,mid.1,1,1,percent cover,0,%
RESCQ-Site-012,mid,mid.2,1,1,percent cover,70,%
RESCQ-Site-012,mid,mid.3,1,1,percent cover,75,%
RESCQ-Site-012,mid,mid.4,1,1,percent cover,80,%
RESCQ-Site-012,mid,mid.5,1,1,percent cover,5,%
RESCQ-Site-012,mid,mid.6,1,1,percent cover,5,%
RESCQ-Site-012,mid,mid.7,1,1,percent cover,5,%
RESCQ-Site-012,mid,mid.1,1,1,percent cover,100,%
RESCQ-Site-012,mid,mid.2,1,1,percent cover,45,%
RESCQ-Site-016,mid,mid.1,1,1,percent cover,45,%
RESCQ-Site-016,mid,mid.2,1,1,percent cover,10,%
RESCQ-Site-016,mid,mid.3,1,1,percent cover,60,%
RESCQ-Site-016,mid,mid.4,1,1,percent cover,30,%
RESCQ-Site-016,mid,mid.5,1,1,percent cover,60,%
RESCQ-Site-016,mid,mid.6,1,1,percent cover,5,%
RESCQ-Site-016,mid,mid.7,1,1,percent cover,5,%
RESCQ-Site-016,mid,mid.1,1,1,percent cover,65,%
RESCQ-Site-016,mid,mid.2,1,1,percent cover,15,%
RESCQ-Site-062,mid,mid.1,1,1,percent cover,5,%
RESCQ-Site-062,mid,mid.2,1,1,percent cover,100,%
RESCQ-Site-062,mid,mid.3,1,1,percent cover,50,%
RESCQ-Site-062,mid,mid.4,1,1,percent cover,85,%
RESCQ-Site-062,mid,mid.5,1,1,percent cover,75,%
RESCQ-Site-062,mid,mid.6,1,1,percent cover,75,%
RESCQ-Site-062,mid,mid.7,1,1,percent cover,10,%
RESCQ-Site-062,mid,mid.1,1,1,percent cover,1500,%
RESCQ-Site-062,mid,mid.2,1,1,percent cover,9500,%
B23-SAV-012,mid,mid.1,1,1,shoot density,28,cnt
B23-SAV-012,mid,mid.2,1,1,shoot density,34,cnt
B23-SAV-012,mid,mid.3,1,1,shoot density,50,cnt
B23-SAV-012,mid,mid.4,1,1,shoot density,18,cnt
B23-SAV-012,mid,mid.5,1,1,shoot density,23,cnt
B23-SAV-012,mid,mid.6,1,1,shoot density,32,cnt
B23-SAV-012,mid,mid.7,1,1,shoot density,17,cnt
B23-SAV-012,mid,mid.1,1,1,shoot density,71,cnt
B23-SAV-012,mid,mid.2,1,1,shoot density,21,cnt
RESCQ-Site-002,mid,mid.1,1,1,shoot density,25,cnt
RESCQ-Site-002,mid,mid.2,1,1,shoot density,20,cnt
RESCQ-Site-002,mid,mid.3,1,1,shoot density,33,cnt
RESCQ-Site-002,mid,mid.4,1,1,shoot density,7,cnt
RESCQ-Site-002,mid,mid.5,1,1,shoot density,19,cnt
RESCQ-Site-002,mid,mid.6,1,1,shoot density,41,cnt
RESCQ-Site-002,mid,mid.7,1,1,shoot density,37,cnt
RESCQ-Site-002,mid,mid.1,1,1,shoot density,24,cnt
RESCQ-Site-002,mid,mid.2,1,1,shoot density,75,cnt
RESCQ-Site-012,mid,mid.1,1,1,shoot density,1,cnt
RESCQ-Site-012,mid,mid.2,1,1,shoot density,47,cnt
RESCQ-Site-012,mid,mid.3,1,1,shoot density,49,cnt
RESCQ-Site-012,mid,mid.4,1,1,shoot density,39,cnt
RESCQ-Site-012,mid,mid.5,1,1,shoot density,4,cnt
RESCQ-Site-012,mid,mid.6,1,1,shoot density,6,cnt
RESCQ-Site-012,mid,mid.7,1,1,shoot density,9,cnt
RESCQ-Site-012,mid,mid.1,1,1,shoot density,56,cnt
RESCQ-Site-012,mid,mid.2,1,1,shoot density,21,cnt
RESCQ-Site-016,mid,mid.1,1,1,shoot density,29,cnt
RESCQ-Site-016,mid,mid.2,1,1,shoot density,10,cnt
RESCQ-Site-016,mid,mid.3,1,1,shoot density,31,cnt
RESCQ-Site-016,mid,mid.4,1,1,shoot density,15,cnt
RESCQ-Site-016,mid,mid.5,1,1,shoot density,40,cnt
RESCQ-Site-016,mid,mid.6,1,1,shoot density,13,cnt
RESCQ-Site-016,mid,mid.7,1,1,shoot density,9,cnt
RESCQ-Site-016,mid,mid.1,1,1,shoot density,32,cnt
RESCQ-Site-016,mid,mid.2,1,1,shoot density,10,cnt
RESCQ-Site-062,mid,mid.1,1,1,shoot density,9,cnt
RESCQ-Site-062,mid,mid.2,1,1,shoot density,68,cnt
RESCQ-Site-062,mid,mid.3,1,1,shoot density,39,cnt
RESCQ-Site-062,mid,mid.4,1,1,shoot density,42,cnt
RESCQ-Site-062,mid,mid.5,1,1,shoot density,31,cnt
RESCQ-Site-062,mid,mid.6,1,1,shoot density,3,cnt
RESCQ-Site-062,mid,mid.7,1,1,shoot density,35,cnt
RESCQ-Site-062,mid,mid.1,1,1,shoot density,14,cnt
RESCQ-Site-062,mid,mid.2,1,1,shoot density,51,cnt